CASE_ID,ACCIDENT_YEAR,PROC_DATE,JURIS,COLLISION_DATE,COLLISION_TIME,OFFICER_ID,REPORTING_DISTRICT,DAY_OF_WEEK,CHP_SHIFT,POPULATION,CNTY_CITY_LOC,SPECIAL_COND,BEAT_TYPE,CHP_BEAT_TYPE,CITY_DIVISION_LAPD,CHP_BEAT_CLASS,BEAT_NUMBER,PRIMARY_RD,SECONDARY_RD,DISTANCE,DIRECTION,INTERSECTION,WEATHER_1,WEATHER_2,STATE_HWY_IND,CALTRANS_COUNTY,CALTRANS_DISTRICT,STATE_ROUTE,ROUTE_SUFFIX,POSTMILE_PREFIX,POSTMILE,LOCATION_TYPE,RAMP_INTERSECTION,SIDE_OF_HWY,TOW_AWAY,COLLISION_SEVERITY,NUMBER_KILLED,NUMBER_INJURED,PARTY_COUNT,PRIMARY_COLL_FACTOR,PCF_CODE_OF_VIOL,PCF_VIOL_CATEGORY,PCF_VIOLATION,PCF_VIOL_SUBSECTION,HIT_AND_RUN,TYPE_OF_COLLISION,MVIW,PED_ACTION,ROAD_SURFACE,ROAD_COND_1,ROAD_COND_2,LIGHTING,CONTROL_DEVICE,CHP_ROAD_TYPE,PEDESTRIAN_ACCIDENT,BICYCLE_ACCIDENT,MOTORCYCLE_ACCIDENT,TRUCK_ACCIDENT,NOT_PRIVATE_PROPERTY,ALCOHOL_INVOLVED,STWD_VEHTYPE_AT_FAULT,CHP_VEHTYPE_AT_FAULT,COUNT_SEVERE_INJ,COUNT_VISIBLE_INJ,COUNT_COMPLAINT_PAIN,COUNT_PED_KILLED,COUNT_PED_INJURED,COUNT_BICYCLIST_KILLED,COUNT_BICYCLIST_INJURED,COUNT_MC_KILLED,COUNT_MC_INJURED,PRIMARY_RAMP,SECONDARY_RAMP,LATITUDE,LONGITUDE,COUNTY,CITY,POINT_X,POINT_Y
5081058,2011,2012-04-05,3702,2011-02-08,1026,944,,2,5,6,3702,0,0,0,,0,012,BROADWAY,"F ST",0.00,,Y,A,-,N,,,,,,,,,,N,3,0,1,2,A,-,10,21950,A,N,G,B,B,A,H,-,A,A,0,Y,,,,Y,,A,01,0,1,0,0,1,0,0,0,0,"- ","- ",,,"SAN DIEGO","CHULA VISTA",-117.09217,32.63785
5081074,2011,2012-04-05,3702,2011-02-14,1942,1022,,1,5,6,3702,0,0,0,,0,011,BROADWAY,"E ST",0.00,,Y,A,-,N,,,,,,,,,,N,3,0,1,2,A,-,10,21950,A,N,G,B,B,A,H,-,C,A,0,Y,,,,Y,,A,01,0,1,0,0,1,0,0,0,0,"- ","- ",,,"SAN DIEGO","CHULA VISTA",-117.09352,32.641289999999998
5081089,2011,2012-04-05,3702,2011-02-04,2211,1020,,5,5,6,3702,0,0,0,,0,013,"ASH AV","SIERRA WY",210.00,S,N,A,-,N,,,,,,,,,,N,4,0,1,2,A,-,11,21954,A,N,G,B,E,A,H,-,D,D,0,Y,,,,Y,Y,N,60,0,0,1,0,1,0,0,0,0,"- ","- ",,,"SAN DIEGO","CHULA VISTA",-117.08343853,32.618608620000003
5081097,2011,2012-04-05,3702,2011-02-03,1204,413,,4,5,6,3702,0,0,0,,0,014,"3RD AV",MADRONA,41.00,N,N,A,-,N,,,,,,,,,,N,2,0,1,2,A,-,09,21804,A,N,-,G,A,A,H,-,A,D,0,,Y,,,Y,,L,04,1,0,0,0,0,0,1,0,0,"- ","- ",,,"SAN DIEGO","CHULA VISTA",-117.07918119999999,32.639339030000002
5081118,2011,2012-04-05,3702,2011-02-07,1542,979,,1,5,6,3702,0,0,0,,0,011,"FLOWER ST","JEFFERSON AV",100.00,W,N,A,-,N,,,,,,,,,,N,3,0,1,2,A,-,09,21804,,N,D,G,A,A,H,-,A,D,0,,Y,,,Y,,L,04,0,1,0,0,0,0,1,0,0,"- ","- ",,,"SAN DIEGO","CHULA VISTA",-117.09654936,32.642369180000003
5085532,2011,2012-02-27,3702,2011-01-31,0732,1016,,1,5,6,3702,0,0,0,,0,021,BROADWAY,"MOSS ST",0.00,,Y,A,-,N,,,,,,,,,,N,4,0,1,2,A,-,03,22350,,N,G,B,B,B,H,-,A,A,0,Y,,,,Y,,A,01,0,0,1,0,1,0,0,0,0,"- ","- ",,,"SAN DIEGO","CHULA VISTA",-117.08279,32.613689999999998
5085539,2011,2012-04-06,3702,2011-01-28,1630,1037,,5,5,6,3702,0,0,0,,0,012,BROADWAY,"H ST",150.00,S,N,A,-,N,,,,,,,,,,N,4,0,1,2,A,-,10,21950,A,N,G,B,B,A,H,-,B,A,0,Y,,,,Y,,A,08,0,0,1,0,1,0,0,0,0,"- ","- ",,,"SAN DIEGO","CHULA VISTA",-117.08931902,32.630522079999999
5085552,2011,2012-02-27,3702,2011-01-26,0753,879,,3,5,6,3702,0,0,0,,0,021,"PALOMAR ST","5TH AV",15.00,E,N,A,-,N,,,,,,,,,,N,4,0,1,2,A,-,10,21950,A,N,G,B,B,A,H,-,A,A,0,Y,,,,Y,,A,01,0,0,1,0,1,0,0,0,0,"- ","- ",,,"SAN DIEGO","CHULA VISTA",-117.07455600999999,32.60451836
5085555,2011,2012-03-06,3702,2011-01-25,0730,695,,2,5,6,3702,0,0,0,,0,032,"WINDINGWALK ST","EXPLORATION FALLS",3.00,E,N,A,-,N,,,,,,,,,,N,4,0,1,2,A,-,03,22350,,N,G,B,B,A,H,-,A,D,0,Y,,,,Y,,A,07,0,0,1,0,1,0,0,0,0,"- ","- ",,,"SAN DIEGO","CHULA VISTA",-116.95602991,32.622390039999999
5085583,2011,2012-02-24,3702,2011-01-20,0728,847,,4,5,6,3702,0,0,0,,0,023,"TELEGRAPH CANYON RD",NACION,18.00,S,N,A,-,N,,,,,,,,,,N,4,0,1,2,A,-,11,21955,,N,G,B,E,A,H,-,A,A,0,Y,,,,Y,,N,60,0,0,1,0,1,0,0,0,0,"- ","- ",,,"SAN DIEGO","CHULA VISTA",-117.04709353,32.628967189999997
5085595,2011,2012-02-27,3702,2011-01-29,1159,425,,6,5,6,3702,0,0,0,,0,022,"3RD AV","NAPLE ST",120.00,S,N,A,-,N,,,,,,,,,,N,4,0,1,2,A,-,10,21952,,N,G,B,C,A,H,-,A,D,0,Y,,,,Y,,A,01,0,0,1,0,1,0,0,0,0,"- ","- ",,,"SAN DIEGO","CHULA VISTA",-117.06900852,32.613373099999997
5098183,2011,2012-04-16,3702,2011-03-09,1029,CV1031,,3,5,6,3702,0,0,0,,0,014,"3RD AV","K ST",0.00,,Y,A,-,N,,,,,,,,,,N,4,0,1,2,A,-,10,21950,A,N,G,B,B,A,H,-,A,A,0,Y,,,,Y,,D,22,0,0,1,0,1,0,0,0,0,"- ","- ",,,"SAN DIEGO","CHULA VISTA",-117.07316,32.624040000000001
5111886,2011,2012-04-09,9645,2011-02-24,1530,017804,,4,2,6,3702,1,4,S,,2,901,"RIDGEBACK RD","CALLEJON MALAGA",150.00,E,N,A,-,N,,,,,,,,,,N,3,0,1,2,A,-,03,22350,,N,G,B,G,A,H,-,A,D,0,Y,,,,Y,,H,13,0,1,0,0,1,0,0,0,0,"- ","- ",32.647219999999997,-117.00673,"SAN DIEGO","CHULA VISTA",-117.00674726,32.647230980000003
5126506,2011,2012-04-05,3702,2011-02-16,1900,1012,3702,3,5,6,3702,0,0,0,,0,022,"3RD AV","NAPLES ST",0.00,,Y,B,-,N,,,,,,,,,,N,4,0,1,2,A,-,09,21801,A,N,G,B,B,B,H,-,C,A,0,Y,,,,Y,,A,01,0,0,1,0,1,0,0,0,0,"- ","- ",,,"SAN DIEGO","CHULA VISTA",-117.06912,32.613680000000002
5126530,2011,2012-04-05,3702,2011-02-24,1617,736,,4,5,6,3702,0,0,0,,0,023,PALOMAR,"2ND AV",0.00,,Y,A,-,N,,,,,,,,,,N,3,0,1,2,A,-,10,21950,A,N,-,B,B,A,H,-,A,A,0,Y,,,,Y,,A,07,0,1,0,0,1,0,0,0,0,"- ","- ",,,"SAN DIEGO","CHULA VISTA",-117.06235,32.607900000000001
5126539,2011,2012-04-05,3702,2011-02-19,2333,787,3702,6,5,6,3702,0,0,0,,0,037,"OTAY LAKES RD","EASTLAKE PKWY",6.00,W,N,C,-,N,,,,,,,,,,N,4,0,1,2,A,-,"- ",,,N,C,G,A,B,H,-,C,A,0,,Y,,,Y,,A,01,0,0,1,0,0,0,1,0,0,"- ","- ",,,"SAN DIEGO","CHULA VISTA",-116.96548926,32.648297579999998
5126550,2011,2012-04-05,3702,2011-02-22,1509,925,,2,5,6,3702,0,0,0,,0,013,"H ST","4TH AV",0.00,,Y,A,-,N,,,,,,,,,,N,3,0,1,2,A,-,11,21950,B,N,-,B,B,A,H,-,A,A,0,Y,,,,Y,,N,60,0,1,0,0,1,0,0,0,0,"- ","- ",,,"SAN DIEGO","CHULA VISTA",-117.08129,32.633229999999998
5126754,2011,2012-05-23,3702,2011-03-08,1825,881,,2,5,6,3702,0,0,0,,0,012,"H ST","4TH AV",186.00,E,N,A,-,N,,,,,,,,,,N,4,0,1,2,A,-,05,21650,1,N,B,G,A,A,H,-,C,D,0,,Y,,,Y,,L,04,0,0,1,0,0,0,1,0,0,"- ","- ",,,"SAN DIEGO","CHULA VISTA",-117.08073093,32.633396679999997
5126770,2011,2012-04-26,3702,2011-03-06,1503,522,,7,5,6,3702,0,0,0,,0,031,"OTAY LAKES RD","CANYON DR",5.00,S,N,A,-,N,,,,,,,,,,N,3,0,1,2,A,-,12,21453,A,N,D,G,A,A,H,-,A,A,0,,Y,,,Y,,L,04,0,1,0,0,0,0,1,0,0,"- ","- ",,,"SAN DIEGO","CHULA VISTA",-117.00326801,32.646977630000002
5152463,2011,2012-10-12,3702,2011-04-06,1100,767,,3,5,6,3702,0,0,0,,0,012,"H ST","RT 5",0.00,,Y,A,-,Y,SD,11,5,-,-,7.969,R,1,S,N,4,0,1,2,A,-,11,21950,B,N,-,B,B,A,H,-,A,A,0,Y,,,,Y,,N,60,0,0,1,0,1,0,0,0,0,"- ",SF,,,"SAN DIEGO","CHULA VISTA",-117.09731183,32.632414779999998
5152472,2011,2012-05-31,3702,2011-04-05,1457,606,1359,2,5,6,3702,0,0,0,,0,024,"EAST PALOMAR ST","SANTA MARIA DR",0.00,,Y,A,-,N,,,,,,,,,,N,4,0,1,2,A,-,09,21800,A,N,D,G,A,A,H,-,A,A,0,,Y,,,Y,,A,01,0,0,1,0,0,0,1,0,0,"- ","- ",,,"SAN DIEGO","CHULA VISTA",-117.00706,32.619549999999997
5152575,2011,2012-05-01,3702,2011-03-26,1547,0835,,6,5,6,3702,0,0,0,,0,014,"E ST","3RD AV",72.00,W,N,A,-,N,,,,,,,,,,N,3,0,1,2,A,-,09,21804,A,N,B,G,A,A,H,-,A,D,0,,Y,,,Y,,L,04,0,1,0,0,0,0,1,0,0,"- ","- ",,,"SAN DIEGO","CHULA VISTA",-117.08199246,32.644521140000002
5152580,2011,2012-05-01,3702,2011-03-17,1230,730,SOUTH,4,5,6,3702,0,0,0,,0,032,"FENTON ST","KUHN DR",0.00,,Y,A,-,N,,,,,,,,,,N,3,0,1,2,A,-,09,21804,A,N,D,G,A,A,H,-,A,D,0,,Y,,,Y,,A,01,0,1,0,0,0,0,1,0,0,"- ","- ",,,"SAN DIEGO","CHULA VISTA",-116.96532000000001,32.651090000000003
5152587,2011,2012-05-01,3702,2011-03-21,1230,980,,1,5,6,3702,0,0,0,,0,012,"5TH AV","OTIS ST",180.00,N,N,A,-,N,,,,,,,,,,N,4,0,1,2,A,-,09,21804,A,F,D,G,A,A,H,-,A,D,0,,Y,,,Y,,A,01,0,0,1,0,0,0,1,0,0,"- ","- ",,,"SAN DIEGO","CHULA VISTA",-117.08591610000001,32.633442520000003
5152596,2011,2012-05-01,3702,2011-03-23,0815,720,SOBAY,3,5,6,3702,0,0,0,,0,021,BROADWAY,NAPLES,605.00,S,N,A,-,N,,,,,,,,,,N,4,0,1,2,A,-,09,21804,A,N,D,G,A,A,H,-,A,D,0,,Y,,,Y,,A,07,0,0,1,0,0,0,1,0,0,"- ","- ",,,"SAN DIEGO","CHULA VISTA",-117.08085462,32.60865209
5152608,2011,2012-05-01,3702,2011-03-15,0007,952,,2,5,6,3702,0,0,0,,0,024,"NIRVANA AV","MAIN ST",411.00,N,N,A,-,N,,,,,,,,,,N,3,0,1,2,A,-,11,21954,A,N,G,B,D,A,H,-,D,D,0,Y,,,,Y,,N,60,0,1,0,0,1,0,0,0,0,"- ","- ",,,"SAN DIEGO","CHULA VISTA",-117.01665722,32.594008039999999
5152624,2011,2012-05-01,3702,2011-03-15,1917,1042,3702,2,5,6,3702,0,0,0,,0,032,"BIRCH RD","MATER DEI DR",13.00,W,N,A,-,N,,,,,,,,,,N,3,0,1,2,A,-,10,21950,A,M,G,B,B,A,H,-,B,A,0,Y,,,,Y,,A,07,0,1,0,0,1,0,0,0,0,"- ","- ",,,"SAN DIEGO","CHULA VISTA",-116.97656393,32.618461940000003
5152628,2011,2012-05-01,3702,2011-03-03,1355,925,,4,5,6,3702,0,0,0,,0,011,"SEA VALE",OAKLAWN,54.00,E,N,A,-,N,,,,,,,,,,N,3,0,1,2,A,-,09,21804,A,N,D,G,A,A,H,-,A,D,0,,Y,,,Y,,L,04,0,1,0,0,0,0,1,0,0,"- ","- ",,,"SAN DIEGO","CHULA VISTA",-117.09838612,32.646671949999998
5172309,2011,2012-03-22,3702,2011-01-19,1848,980,,3,5,6,3702,0,0,0,,0,013,"4TH AV","PARK WY",15.00,S,N,A,-,N,,,,,,,,,,N,3,0,1,2,A,-,10,21950,A,N,G,B,B,A,H,-,C,D,0,Y,,,,Y,,A,01,0,1,0,0,1,0,0,0,0,"- ","- ",,,"SAN DIEGO","CHULA VISTA",-117.08297699000001,32.637505660000002
5186428,2011,2012-05-11,3702,2011-04-20,1222,815,,3,5,6,3702,0,0,0,,0,021,"BAY BL","L ST",1200.00,S,N,A,-,N,,,,,,,,,,N,2,0,1,2,A,-,"- ",,,N,-,B,E,A,H,-,A,-,0,Y,,,Y,Y,,G,26,1,0,0,0,1,0,0,0,0,"- ","- ",,,"SAN DIEGO","CHULA VISTA",-117.09202492,32.611691929999999
5202721,2011,2012-07-30,3702,2011-05-26,0751,720,,4,5,6,3702,0,0,0,,0,023,RIENSTRA,"EAST RIENSTRA",0.00,,Y,A,-,N,,,,,,,,,,N,4,0,1,2,A,-,10,21950,A,N,G,B,B,A,H,-,A,A,0,Y,,,,Y,,D,22,0,0,1,0,1,0,0,0,0,"- ","- ",,,"SAN DIEGO","CHULA VISTA",,
5202778,2011,2012-05-08,3702,2011-04-29,1515,CV0856,,5,5,6,3702,0,0,0,,0,012,BROADWAY,"I ST",0.00,,Y,A,-,N,,,,,,,,,,N,3,0,2,3,A,-,10,21950,A,N,G,B,B,A,H,-,A,A,0,Y,,,,Y,,D,22,0,2,0,0,2,0,0,0,0,"- ","- ",,,"SAN DIEGO","CHULA VISTA",-117.08811,32.627499999999998
5202963,2011,2012-07-11,3702,2011-05-12,1324,CV0681,,4,5,6,3702,0,0,0,,0,012,"H ST","BROADWAY AV",165.00,W,N,A,-,N,,,,,,,,,,N,4,0,1,2,A,-,10,21952,,N,G,B,F,A,H,-,A,D,0,Y,,,,Y,,A,01,0,0,1,0,1,0,0,0,0,"- ","- ",,,"SAN DIEGO","CHULA VISTA",-117.08996787,32.630770200000001
5203030,2011,2012-08-07,3702,2011-05-03,1901,998,,2,5,6,3702,0,0,0,,0,032,"KUHN DR","MILLER DR",15.00,S,N,A,-,N,,,,,,,,,,N,4,0,1,2,A,-,12,22450,A,N,G,B,B,A,H,-,A,D,0,Y,,,,Y,,A,01,0,0,1,0,1,0,0,0,0,"- ","- ",,,"SAN DIEGO","CHULA VISTA",-116.96792524,32.653603150000002
5203034,2011,2012-08-07,3702,2011-05-17,1214,CV0681,,2,5,6,3702,0,0,0,,0,012,"H ST","OAKLAWN AV",110.00,E,N,B,-,N,,,,,,,,,,N,3,0,1,2,A,-,05,21202,A,F,D,G,A,A,H,-,A,D,0,,Y,,,Y,,L,04,0,1,0,0,0,0,1,0,0,"- ","- ",,,"SAN DIEGO","CHULA VISTA",-117.09228499,32.630102270000002
5203038,2011,2012-08-07,3702,2011-05-14,1601,965,,6,5,6,3702,0,0,0,,0,022,"QUINTARD ST","3RD AV",16.00,S,N,A,-,N,,,,,,,,,,N,3,0,1,2,A,-,21,22106,,N,G,B,D,A,H,-,A,D,0,Y,,Y,,Y,,C,06,0,1,0,0,1,0,0,0,0,"- ","- ",,,"SAN DIEGO","CHULA VISTA",-117.06513107000001,32.603311269999999
5203148,2011,2012-06-01,3702,2011-04-28,1704,716,,4,5,6,3702,0,0,0,,0,032,"S ECHO RIDGE TERRACE","LAKE CREST DR",120.00,W,N,A,-,N,,,,,,,,,,N,3,0,1,2,A,-,21,22106,,N,H,G,A,A,H,-,A,D,0,,Y,,,Y,,A,07,0,1,0,0,0,0,1,0,0,"- ","- ",,,"SAN DIEGO","CHULA VISTA",-116.94019709,32.641536449999997
5203155,2011,2012-06-01,3702,2011-04-19,1515,482,,2,5,6,3702,0,0,0,,0,021,"5TH AV","EMERSON ST",269.00,N,N,A,-,N,,,,,,,,,,N,4,0,1,2,A,-,10,21952,,F,G,B,F,A,H,-,A,D,0,Y,Y,,,Y,,L,04,0,0,1,0,1,0,0,0,0,"- ","- ",,,"SAN DIEGO","CHULA VISTA",-117.07705149,32.610808069999997
5203191,2011,2012-06-01,3702,2011-04-30,0644,0847,,6,5,6,3702,0,0,0,,0,013,"4TH AV","J ST",0.00,,Y,A,-,N,,,,,,,,,,N,3,0,1,2,A,-,03,22350,,N,G,B,B,A,H,-,A,A,0,Y,,,,Y,,A,07,0,1,0,0,1,0,0,0,0,"- ","- ",,,"SAN DIEGO","CHULA VISTA",-117.07858,32.626330000000003
5240556,2011,2012-09-19,3702,2011-06-25,0908,789,21,6,5,6,3702,0,0,0,,0,021,BROADWAY,"PALOMAR ST",0.00,,Y,A,-,N,,,,,,,,,,N,3,0,1,2,A,-,12,21453,A,N,D,G,A,A,H,-,A,A,0,,Y,,,Y,,L,04,0,1,0,0,0,0,1,0,0,"- ","- ",,,"SAN DIEGO","CHULA VISTA",-117.07872,32.60331
5240927,2011,2012-09-19,3702,2011-06-13,1310,CV0522,,1,5,6,3702,0,0,0,,0,032,"BIRCH RD","MAGDALENA DR",0.00,,Y,A,-,N,,,,,,,,,,N,2,0,1,2,A,-,03,22350,,N,C,E,A,A,H,-,A,D,0,,Y,,,Y,,L,04,1,0,0,0,0,0,1,0,0,"- ","- ",,,"SAN DIEGO","CHULA VISTA",-116.97924988,32.617750030000003
5240939,2011,2012-09-19,3702,2011-06-14,1503,720,,2,5,6,3702,0,0,0,,0,022,"MAIN ST","4TH AV",515.00,E,N,B,-,N,,,,,,,,,,N,4,0,1,2,A,-,09,21804,A,N,D,G,A,A,H,-,A,D,0,,Y,,,Y,,D,22,0,0,1,0,0,0,1,0,0,"- ","- ",,,"SAN DIEGO","CHULA VISTA",-117.06739545000001,32.594764789999999
5241122,2011,2012-06-22,3702,2011-05-20,1145,CV0847,,5,5,6,3702,0,0,0,,0,012,BROADWAY,"I ST",0.00,,Y,A,-,N,,,,,,,,,,N,4,0,1,2,A,-,17,21208,A,N,D,G,A,A,H,-,A,A,0,,Y,,,Y,,L,04,0,0,1,0,0,0,1,0,0,"- ","- ",,,"SAN DIEGO","CHULA VISTA",-117.08811,32.627499999999998
5241150,2011,2012-06-22,3702,2011-05-06,1546,979,,5,5,6,3702,0,0,0,,0,013,"3RD AV","CENTER ST",45.00,N,N,A,-,N,,,,,,,,,,N,3,0,1,2,A,-,08,22107,,N,B,G,A,A,H,-,A,D,0,,Y,,,Y,,A,07,0,1,0,0,0,0,1,0,0,"- ","- ",,,"SAN DIEGO","CHULA VISTA",-117.07963673,32.640442040000003
5241158,2011,2012-06-22,3702,2011-05-22,1620,979,,7,5,6,3702,0,0,0,,0,011,"BROADWAY AV","F ST",50.00,S,N,A,-,N,,,,,,,,,,N,3,0,1,2,A,-,05,21650,1,N,D,G,A,A,H,-,A,D,0,,Y,,,Y,,L,04,0,1,0,0,0,0,1,0,0,"- ","- ",,,"SAN DIEGO","CHULA VISTA",-117.09213207000001,32.637724460000001
5241166,2011,2012-06-22,3702,2011-05-24,0627,506,,2,5,6,3702,0,0,0,,0,032,"EASTLAKE PKWY","EASTLAKE GREENSGATE",0.00,,Y,A,-,N,,,,,,,,,,N,4,0,1,2,D,-,00,,,N,D,G,A,A,H,-,A,A,0,,Y,,,Y,,-,"- ",0,0,1,0,0,0,1,0,0,"- ","- ",,,"SAN DIEGO","CHULA VISTA",,
5241197,2011,2012-06-21,3702,2011-05-11,0800,CV0606,,3,5,6,3702,0,0,0,,0,023,"EAST ORANGE AV","LOMA LN",0.00,,Y,B,-,N,,,,,,,,,,N,4,0,1,2,A,-,10,21950,A,N,G,B,B,A,H,-,A,A,0,Y,,,,Y,,A,01,0,0,1,0,1,0,0,0,0,"- ","- ",,,"SAN DIEGO","CHULA VISTA",-117.04886,32.600050000000003
5241198,2011,2012-06-29,3702,2011-05-20,1750,980,,5,5,6,3702,0,0,0,,0,012,"G ST",BROADWAY,150.00,E,N,A,-,N,,,,,,,,,,N,4,0,1,2,A,-,03,22350,,N,H,G,A,A,H,-,A,D,0,,Y,,,Y,,L,04,0,0,1,0,0,0,1,0,0,"- ","- ",,,"SAN DIEGO","CHULA VISTA",-117.09035272,32.634508599999997
5244827,2011,2012-05-15,3702,2011-04-13,1155,CV0682,,3,5,6,3702,0,0,0,,0,022,"PALOMAR ST","3RD AV",100.00,W,N,A,-,N,,,,,,,,,,N,4,0,1,2,A,-,11,21954,A,N,G,B,D,A,H,-,A,D,0,Y,,,,Y,,N,60,0,0,1,0,1,0,0,0,0,"- ","- ",,,"SAN DIEGO","CHULA VISTA",-117.06672912000001,32.606698919999999
5244835,2011,2012-05-15,3702,2011-04-25,1257,CV0522,,1,5,6,3702,0,0,0,,0,031,"TELEGRAPH CANYON RD","PASEO LADERA",0.00,,Y,A,-,N,,,,,,,,,,N,3,0,1,2,A,-,03,22350,,N,C,G,A,A,H,-,A,A,0,,Y,,,Y,,L,04,0,1,0,0,0,0,1,0,0,"- ","- ",,,"SAN DIEGO","CHULA VISTA",-117.02063,32.623260000000002
5244847,2011,2012-05-15,3702,2011-04-25,2025,CV0682,,1,5,6,3702,0,0,0,,0,021,"PALOMAR ST","BROADWAY AV",1056.00,S,N,A,-,N,,,,,,,,,,N,4,0,1,2,A,-,12,21453,A,N,B,B,B,A,H,-,C,A,0,Y,,,,Y,Y,N,60,0,0,1,0,1,0,0,0,0,"- ","- ",,,"SAN DIEGO","CHULA VISTA",-117.07550117,32.604249420000002
5244867,2011,2012-04-24,3702,2011-03-07,1843,1006,3702,1,5,6,3702,0,0,0,,0,023,"NAPLES ST","VISTA WAY",23.00,E,N,A,-,N,,,,,,,,,,N,2,0,1,2,A,-,08,22107,,N,D,G,A,A,H,-,C,D,0,,Y,,,Y,Y,L,04,1,0,0,0,0,0,1,0,0,"- ","- ",,,"SAN DIEGO","CHULA VISTA",-117.05789123,32.616814759999997
5259899,2011,2012-06-22,3702,2011-05-13,0516,912,,5,5,6,3702,0,0,0,,0,021,"OXFORD ST","5TH AV",210.00,W,N,B,-,N,,,,,,,,,,N,4,0,1,2,A,-,08,22107,,F,B,G,A,A,H,-,A,D,0,,Y,,,Y,,A,08,0,0,1,0,0,0,1,0,0,"- ","- ",,,"SAN DIEGO","CHULA VISTA",-117.07657703,32.607784119999998
5266123,2011,2012-12-04,3702,2011-07-11,2010,980,,1,5,6,3702,0,0,0,,0,013,"4TH AV","I ST",0.00,,Y,B,-,N,,,,,,,,,,N,4,0,1,2,A,-,10,21950,A,F,G,B,B,A,H,-,C,A,0,Y,,,,Y,,A,07,0,0,1,0,1,0,0,0,0,"- ","- ",,,"SAN DIEGO","CHULA VISTA",-117.07995,32.62979
5266264,2011,2012-08-21,3702,2011-06-16,0148,1052,,4,5,6,3702,0,0,0,,0,023,"BARRETT AV","HILLTOP DR",30.00,E,N,A,-,N,,,,,,,,,,Y,3,0,4,5,A,-,01,23152,A,F,C,B,F,A,H,-,C,D,0,Y,,,,Y,,A,01,0,3,1,0,3,0,0,0,0,"- ","- ",,,"SAN DIEGO","CHULA VISTA",-117.05748006,32.618871640000002
5266287,2011,2012-08-21,3702,2011-06-10,0037,983,,5,5,6,3702,0,0,0,,0,023,"MAINSAIL RD","ALBANY AV",50.00,W,N,A,-,N,,,,,,,,,,N,4,0,1,2,A,-,08,22107,,F,B,G,A,A,H,-,B,D,0,,Y,,,Y,Y,-,"- ",0,0,1,0,0,0,1,0,0,"- ","- ",,,"SAN DIEGO","CHULA VISTA",-117.05830066999999,32.594730759999997
5266311,2011,2012-08-21,3702,2011-06-14,1102,906,,2,5,6,3702,0,0,0,,0,031,"DOUGLAS AV",HALECREST,6.00,S,N,A,-,N,,,,,,,,,,N,4,0,1,2,A,-,21,22106,,N,G,B,F,A,H,-,A,D,0,Y,,,,Y,,A,01,0,0,1,0,1,0,0,0,0,"- ","- ",,,"SAN DIEGO","CHULA VISTA",-117.04172318000001,32.630590179999999
5266345,2011,2012-09-24,3702,2011-06-22,1958,998,,3,5,6,3702,0,0,0,,0,032,"WATERSIDE DR","SOUTH SHORE DR",54.00,N,N,A,-,N,,,,,,,,,,N,3,0,1,2,A,-,05,21650,,N,A,G,A,A,H,-,A,D,0,,Y,,,Y,,L,,0,1,0,0,0,0,1,0,0,"- ","- ",,,"SAN DIEGO","CHULA VISTA",-116.97548381999999,32.650921089999997
5266361,2011,2012-09-24,3702,2011-06-07,0811,720,,2,5,6,3702,0,0,0,,0,023,HILLTOP,"ORANGE AV",60.00,S,N,-,-,N,,,,,,,,,,N,4,0,1,2,A,-,09,21804,A,N,D,G,A,A,H,-,A,D,0,,Y,,,Y,,A,01,0,0,1,0,0,0,1,0,0,"- ","- ",,,"SAN DIEGO","CHULA VISTA",-117.05152329000001,32.599840440000001
5266369,2011,2012-09-24,3702,2011-06-17,1246,0471,,5,5,6,3702,0,0,0,,0,021,BROADWAY,"PALOMAR ST",210.00,N,N,A,-,N,,,,,,,,,,N,4,0,1,2,D,-,00,,,N,G,B,F,A,H,-,A,D,0,Y,,,,Y,,-,"- ",0,0,1,0,1,0,0,0,0,"- ","- ",,,"SAN DIEGO","CHULA VISTA",-117.07894846000001,32.603859989999997
5266397,2011,2012-09-24,3702,2011-06-01,2157,CV0938,,3,5,6,3702,0,0,0,,0,022,"MOSS ST","4TH AV",138.00,E,N,A,-,N,,,,,,,,,,N,4,0,1,2,A,-,08,22103,,N,D,G,A,A,H,-,C,D,0,,Y,,,Y,,A,01,0,0,1,0,0,0,1,0,0,"- ","- ",,,"SAN DIEGO","CHULA VISTA",-117.07411741999999,32.616102560000002