CASE_ID,ACCIDENT_YEAR,PROC_DATE,JURIS,COLLISION_DATE,COLLISION_TIME,OFFICER_ID,REPORTING_DISTRICT,DAY_OF_WEEK,CHP_SHIFT,POPULATION,CNTY_CITY_LOC,SPECIAL_COND,BEAT_TYPE,CHP_BEAT_TYPE,CITY_DIVISION_LAPD,CHP_BEAT_CLASS,BEAT_NUMBER,PRIMARY_RD,SECONDARY_RD,DISTANCE,DIRECTION,INTERSECTION,WEATHER_1,WEATHER_2,STATE_HWY_IND,CALTRANS_COUNTY,CALTRANS_DISTRICT,STATE_ROUTE,ROUTE_SUFFIX,POSTMILE_PREFIX,POSTMILE,LOCATION_TYPE,RAMP_INTERSECTION,SIDE_OF_HWY,TOW_AWAY,COLLISION_SEVERITY,NUMBER_KILLED,NUMBER_INJURED,PARTY_COUNT,PRIMARY_COLL_FACTOR,PCF_CODE_OF_VIOL,PCF_VIOL_CATEGORY,PCF_VIOLATION,PCF_VIOL_SUBSECTION,HIT_AND_RUN,TYPE_OF_COLLISION,MVIW,PED_ACTION,ROAD_SURFACE,ROAD_COND_1,ROAD_COND_2,LIGHTING,CONTROL_DEVICE,CHP_ROAD_TYPE,PEDESTRIAN_ACCIDENT,BICYCLE_ACCIDENT,MOTORCYCLE_ACCIDENT,TRUCK_ACCIDENT,NOT_PRIVATE_PROPERTY,ALCOHOL_INVOLVED,STWD_VEHTYPE_AT_FAULT,CHP_VEHTYPE_AT_FAULT,COUNT_SEVERE_INJ,COUNT_VISIBLE_INJ,COUNT_COMPLAINT_PAIN,COUNT_PED_KILLED,COUNT_PED_INJURED,COUNT_BICYCLIST_KILLED,COUNT_BICYCLIST_INJURED,COUNT_MC_KILLED,COUNT_MC_INJURED,PRIMARY_RAMP,SECONDARY_RAMP,LATITUDE,LONGITUDE,COUNTY,CITY,POINT_X,POINT_Y
5488518,2012,2013-06-29,3702,2012-01-30,0107,673,,1,5,6,3702,0,0,0,,0,032,"WILLOW RD","BONITA RD",176.00,N,N,A,-,N,,,,,,,,,,N,3,0,1,2,A,-,05,21650,1,N,H,G,A,A,H,-,A,D,0,,Y,,,Y,,L,04,0,1,0,0,0,0,1,0,0,"- ","- ",,,"SAN DIEGO","CHULA VISTA",-117.04127130000001,32.658321149999999
5488554,2012,2013-06-29,3702,2012-01-26,2300,1020,,4,5,6,3702,0,0,0,,0,031,"BONITA RD",LYNWOOD,5.00,W,N,A,-,N,,,,,,,,,,Y,4,0,1,2,A,-,12,21453,A,F,G,B,B,A,H,-,C,A,0,Y,,,,Y,,-,"- ",0,0,1,0,1,0,0,0,0,"- ","- ",,,"SAN DIEGO","CHULA VISTA",-117.05795798,32.647896179999996
5510998,2012,2013-06-22,3702,2012-01-06,1940,VC0921,,5,5,6,3702,0,0,0,,0,023,"JOSSELYN AV","EAST PALOMAR ST",0.00,,Y,E,-,N,,,,,,,,,,N,4,0,1,2,A,-,09,21801,A,F,G,B,D,A,H,-,C,D,0,Y,,,,Y,,-,"- ",0,0,1,0,1,0,0,0,0,"- ","- ",,,"SAN DIEGO","CHULA VISTA",-117.05039196,32.611394850000003
5511022,2012,2013-06-22,3702,2012-01-05,1904,CV1033,,4,5,6,3702,0,0,0,,0,022,"4TH AV","OXFORD ST",0.00,,Y,A,-,N,,,,,,,,,,N,4,0,1,2,A,-,09,21453,B,N,D,G,A,A,H,-,C,A,0,,Y,,,Y,,A,07,0,0,1,0,0,0,1,0,0,"- ","- ",,,"SAN DIEGO","CHULA VISTA",-117.07182194000001,32.609104809999998
5513546,2012,2013-07-12,3702,2012-02-07,1510,CV1051,,2,5,6,3702,0,0,0,,0,023,"E PALOMAR",MELROSE,0.00,,Y,C,-,N,,,,,,,,,,N,4,0,1,2,A,-,11,21950,B,N,G,B,B,B,H,-,A,D,0,Y,,,,Y,,N,60,0,0,1,0,1,0,0,0,0,"- ","- ",,,"SAN DIEGO","CHULA VISTA",-117.04459195,32.613354829999999
5517122,2012,2013-07-03,3702,2012-02-10,1330,CV0927,,5,5,6,3702,0,0,0,,0,012,"5TH AV","OTIS ST",159.00,N,N,A,-,N,,,,,,,,,,N,4,0,1,2,A,-,03,22350,,N,D,G,A,A,H,-,A,D,0,,Y,,,Y,,D,22,0,0,1,0,0,0,1,0,0,"- ","- ",,,"SAN DIEGO","CHULA VISTA",-117.08589517,32.63338778
5517134,2012,2013-07-03,3702,2012-02-08,0724,CV1056,,3,5,6,3702,0,0,0,,0,013,"I ST","BROADWAY AV",0.00,,Y,A,-,N,,,,,,,,,,N,4,0,1,2,A,-,11,21950,B,N,G,B,B,A,H,-,A,A,0,Y,,,,Y,,D,22,0,0,1,0,1,0,0,0,0,"- ","- ",,,"SAN DIEGO","CHULA VISTA",-117.088122,32.627504850000001
5517189,2012,2013-07-03,3702,2012-02-11,0820,CV0425,,6,5,6,3702,0,0,0,,0,023,"NAPLES ST","HILLTOP DR",0.00,,Y,C,-,N,,,,,,,,,,N,4,0,1,2,A,-,10,21950,A,N,G,B,B,B,H,-,A,A,0,Y,,,,Y,,D,22,0,0,1,0,1,0,0,0,0,"- ","- ",,,"SAN DIEGO","CHULA VISTA",-117.05690194,32.617094819999998
5517194,2012,2013-06-27,3702,2012-01-19,1352,CV0816,,4,5,6,3702,0,0,0,,0,023,"OTAY VALLEY RD","MAIN ST",6.00,S,N,A,-,N,,,,,,,,,,N,4,0,1,2,A,-,21,22106,,N,G,B,B,A,H,-,A,A,0,Y,,,,Y,,D,22,0,0,1,0,1,0,0,0,0,"- ","- ",,,"SAN DIEGO","CHULA VISTA",-117.0426267,32.594728830000001
5523601,2012,2013-06-28,3702,2012-01-18,1629,CV1032,,3,5,6,3702,0,0,0,,0,013,"L ST","5TH AV",70.00,E,N,A,-,N,,,,,,,,,,N,4,0,1,2,A,-,11,21955,,N,G,B,D,A,H,-,A,A,0,Y,,,,Y,,N,60,0,0,1,0,1,0,0,0,0,"- ","- ",,,"SAN DIEGO","CHULA VISTA",-117.07975666999999,32.618364669999998
5523617,2012,2013-06-28,3702,2012-01-24,0707,CV0673,,2,5,6,3702,0,0,0,,0,011,"4TH AV","C ST",333.00,S,N,A,-,N,,,,,,,,,,N,4,0,1,2,A,-,11,21954,A,N,G,B,D,B,H,-,A,D,0,Y,,,,Y,,N,60,0,0,1,0,1,0,0,0,0,"- ","- ",,,"SAN DIEGO","CHULA VISTA",-117.08768227,32.649669070000002
5526291,2012,2013-10-16,9645,2012-03-04,0850,019480,,7,1,6,3702,0,1,1,,2,001,"RT 5","MAIN ST",729.00,N,N,A,-,Y,SD,11,5,-,-,5.609,R,2,S,N,3,0,1,1,A,-,08,22107,,N,F,A,A,A,H,-,A,A,1,,Y,,,Y,,L,04,0,1,0,0,0,0,1,0,0,TO,"- ",32.597149999999999,-117.08978,"SAN DIEGO","CHULA VISTA",-117.08946182,32.599024780000001
5532921,2012,2013-07-20,3702,2012-02-07,1958,CV1022,,2,5,6,3702,0,0,0,,0,021,"MOSS ST",BROADWAY,0.00,,Y,B,-,N,,,,,,,,,,N,3,0,1,2,A,-,05,21202,A,N,D,G,A,B,H,-,C,A,0,,Y,,,Y,,L,04,0,1,0,0,0,0,1,0,0,"- ","- ",,,"SAN DIEGO","CHULA VISTA",-117.08280191,32.613694840000001
5532925,2012,2013-07-20,3702,2012-02-10,1830,1053,,5,5,6,3702,0,0,0,,0,022,"4TH AV","OXFORD ST",0.00,,Y,A,-,N,,,,,,,,,,N,4,0,1,2,A,-,09,21801,A,N,D,G,A,A,H,-,C,A,0,,Y,,,Y,,A,07,0,0,1,0,0,0,1,0,0,"- ","- ",,,"SAN DIEGO","CHULA VISTA",-117.07182194000001,32.609104809999998
5532945,2012,2013-08-05,3702,2012-02-15,1901,CV0965,,3,5,6,3702,0,0,0,,0,032,"GOLF CREST LOOP","N GREEN VIEW DR",0.00,,Y,C,-,N,,,,,,,,,,N,4,0,1,2,A,-,11,21954,A,N,G,B,D,B,H,-,C,D,0,Y,,,,Y,,N,60,0,0,1,0,1,0,0,0,0,"- ","- ",,,"SAN DIEGO","CHULA VISTA",-116.95823989,32.646870059999998
5536891,2012,2013-06-26,3702,2012-01-24,0803,CV1051,,2,5,6,3702,0,0,0,,0,032,"SANTA ROSA","SANTA PAULA",0.00,,Y,A,-,N,,,,,,,,,,N,4,0,1,2,A,-,10,21950,A,N,G,B,B,A,H,-,A,D,0,Y,,,,Y,,A,01,0,0,1,0,1,0,0,0,0,"- ","- ",,,"SAN DIEGO","CHULA VISTA",-116.97943196,32.636464840000002
5536895,2012,2013-06-26,3702,2012-01-21,1150,CV0652,,6,5,6,3702,0,0,0,,0,021,"PALOMAR ST","INDUSTRIAL BL",280.00,E,N,C,-,N,,,,,,,,,,N,3,0,1,2,A,-,11,21954,A,N,G,B,C,B,H,-,A,A,0,Y,,,,Y,,N,60,0,1,0,0,1,0,0,0,0,"- ","- ",,,"SAN DIEGO","CHULA VISTA",-117.08473182,32.603816629999997
5536896,2012,2013-06-26,3702,2012-01-16,1610,CV0938,,1,5,6,3702,0,0,0,,0,022,"KENNEDY ST","3RD AV",240.00,E,N,A,-,N,,,,,,,,,,N,4,0,1,2,A,-,09,21804,A,N,D,G,A,A,H,-,A,D,0,,Y,,,Y,,L,04,0,0,1,0,0,0,1,0,0,"- ","- ",,,"SAN DIEGO","CHULA VISTA",-117.06636274,32.608726670000003
5536899,2012,2013-06-26,3702,2012-01-27,1154,CV0927,,5,5,6,3702,0,0,0,,0,024,"EAST PALOMAR ST","MONARCHE DR",280.00,W,N,A,-,N,,,,,,,,,,N,4,0,1,2,A,-,11,21456,B,N,G,B,D,A,H,-,A,A,0,Y,,,,Y,,N,60,0,0,1,0,1,0,0,0,0,"- ","- ",,,"SAN DIEGO","CHULA VISTA",-116.99977911000001,32.623192449999998
5536907,2012,2013-06-26,3702,2012-01-11,1847,CV1053,,3,5,6,3702,0,0,0,,0,011,"E ST","BAY BL",23.00,E,N,A,-,N,,,,,,,,,,N,4,0,1,2,A,-,05,21650,1,N,B,G,A,A,H,-,C,A,0,,Y,,,Y,,L,04,0,0,1,0,0,0,1,0,0,"- ","- ",,,"SAN DIEGO","CHULA VISTA",-117.10143261,32.639047849999997
5536943,2012,2013-09-10,3702,2012-01-31,0725,CV0804,,2,5,6,3702,0,0,0,,0,014,"HILLTOP DR","TELEGRAPH CANYON RD",0.00,,Y,A,-,N,,,,,,,,,,N,3,0,1,2,A,-,"- ",,,N,D,G,A,A,H,-,A,A,0,,Y,,,Y,,L,04,0,1,0,0,0,0,1,0,0,"- ","- ",,,"SAN DIEGO","CHULA VISTA",-117.06064198999999,32.628024799999999
5536947,2012,2013-06-26,3702,2012-01-30,1022,CV0816,,1,5,6,3702,0,0,0,,0,032,"N GREENSVIEW","GREENBRIAR DR",25.00,S,N,A,-,N,,,,,,,,,,N,3,0,1,2,A,-,09,21802,A,N,H,A,A,A,H,-,A,A,0,,Y,,,Y,,A,01,0,1,0,0,0,0,1,0,0,"- ","- ",,,"SAN DIEGO","CHULA VISTA",-116.96386621000001,32.644674029999997
5536951,2012,2013-09-16,3702,2012-01-27,1553,CV0921,,5,5,6,3702,0,0,0,,0,023,"ORANGE AV","RT 805",0.00,,Y,A,-,Y,SD,11,805,-,-,4.602,R,1,S,N,2,0,1,2,A,-,10,21950,A,N,G,B,B,A,H,-,A,A,0,Y,,,,Y,,A,01,1,0,0,0,1,0,0,0,0,"- ",SF,,,"SAN DIEGO","CHULA VISTA",-117.03662181999999,32.609534779999997
5542265,2012,2012-06-22,3702,2012-01-19,0839,CV1031,,4,5,6,3702,0,0,0,,0,022,"4TH AV","MOSS ST",200.00,S,N,A,-,N,,,,,,,,,,Y,1,1,0,2,A,-,"- ",,,N,D,G,A,A,H,-,A,D,0,,Y,,,Y,,L,04,0,0,0,0,0,1,0,0,0,"- ","- ",,,"SAN DIEGO","CHULA VISTA",-117.07434155,32.615463830000003
5594115,2012,2013-07-27,3702,2012-03-07,0755,CV0927,,3,5,6,3702,0,0,0,,0,011,"E ST","BAY BL",19.00,E,N,A,-,N,,,,,,,,,,N,3,0,1,2,A,-,11,21954,A,N,G,B,D,A,H,-,A,A,0,Y,,,,Y,,N,60,0,1,0,0,1,0,0,0,0,"- ","- ",,,"SAN DIEGO","CHULA VISTA",-117.10144465,32.639043829999999
5594119,2012,2013-07-27,3702,2012-03-07,1545,CV0938,,3,5,6,3702,0,0,0,,0,024,"SHERMAN DR","VENTERS DR",39.00,W,N,A,-,N,,,,,,,,,,N,4,0,1,2,A,-,12,22450,A,N,A,G,A,A,H,-,A,D,0,,Y,,,Y,,L,04,0,0,1,0,0,0,1,0,0,"- ","- ",,,"SAN DIEGO","CHULA VISTA",-117.0249951,32.610857580000001
5594131,2012,2013-07-11,3702,2012-02-27,0815,CV1018,,1,5,6,3702,0,0,0,,0,012,BROADWAY,"H ST",189.00,N,N,B,-,N,,,,,,,,,,N,4,0,1,3,A,-,09,21804,A,F,C,C,A,A,H,-,A,D,0,,Y,,,Y,,L,04,0,0,1,0,0,0,0,0,0,"- ","- ",,,"SAN DIEGO","CHULA VISTA",-117.08964555,32.631408559999997
5594148,2012,2013-07-27,3702,2012-03-27,1606,CV1025,,2,5,6,3702,0,0,0,,0,032,"EASTLAKE PKWY","OLYMPIC PKWY",0.00,,Y,A,-,N,,,,,,,,,,N,3,0,1,2,A,-,09,21802,A,M,D,G,A,A,H,-,A,A,0,,Y,,,Y,Y,D,22,0,1,0,0,0,0,1,0,0,"- ","- ",,,"SAN DIEGO","CHULA VISTA",-116.96445993,32.627560039999999
5598739,2012,2013-07-13,3702,2012-02-22,0108,CV0847,,3,5,6,3702,0,0,0,,0,022,"5TH AV",NAPLES,12.00,S,N,A,-,N,,,,,,,,,,N,4,0,1,2,A,-,10,21950,A,N,G,B,B,A,H,-,C,A,0,Y,,,,Y,,A,01,0,0,1,0,1,0,0,0,0,"- ","- ",,,"SAN DIEGO","CHULA VISTA",-117.07726030000001,32.611373380000003
5598741,2012,2013-07-26,3702,2012-03-14,1510,CV0856,,3,5,6,3702,0,0,0,,0,011,"WOODLAWN AV","H ST",200.00,N,N,A,-,N,,,,,,,,,,N,4,0,1,2,A,-,11,21954,A,N,G,B,D,A,H,-,A,D,0,Y,,,,Y,,N,60,0,0,1,0,1,0,0,0,0,"- ","- ",,,"SAN DIEGO","CHULA VISTA",-117.09409533,32.630164839999999
5598750,2012,2013-07-29,3702,2012-03-04,1345,CV0652,,7,5,6,3702,0,0,0,,0,024,"EAST PALOMAR ST","DAVIES DR",0.00,,Y,A,-,N,,,,,,,,,,N,3,0,1,2,A,-,12,21453,A,N,D,G,A,A,H,-,A,A,0,,Y,,,Y,,L,04,0,1,0,0,0,0,1,0,0,"- ","- ",,,"SAN DIEGO","CHULA VISTA",-117.023882,32.614304779999998
5598755,2012,2013-09-13,3702,2012-02-21,1901,CV1040,,2,5,6,3702,0,0,0,,0,012,"WOODLAWN AV","G ST",21.00,S,N,A,-,N,,,,,,,,,,N,4,0,1,2,A,-,11,21954,A,N,G,B,D,A,H,-,C,D,0,Y,,,,Y,Y,N,60,0,0,1,0,1,0,0,0,0,"- ","- ",,,"SAN DIEGO","CHULA VISTA",-117.09524057,32.633100130000003
5598774,2012,2013-07-29,3702,2012-03-03,0834,CV0681,,6,5,6,3702,0,0,0,,0,012,"5TH AV","H ST",0.00,,Y,A,-,N,,,,,,,,,,Y,4,0,1,2,A,-,05,21650,1,N,D,G,A,A,H,-,A,A,0,,Y,,,Y,,L,04,0,0,1,0,0,0,1,0,0,"- ","- ",,,"SAN DIEGO","CHULA VISTA",-117.08539193999999,32.632084859999999
5605125,2011,2013-02-01,3702,2011-12-30,0623,CV0944,,5,5,6,3702,0,0,0,,0,031,"EAST H ST","HIDDEN VISTA DR",40.00,E,N,A,-,N,,,,,,,,,,Y,2,0,1,2,A,-,11,21954,A,N,G,B,D,A,H,-,C,A,0,Y,,,,Y,,N,60,1,0,0,0,1,0,0,0,0,"- ","- ",,,"SAN DIEGO","CHULA VISTA",-117.04928332999999,32.640534979999998
5605127,2011,2013-02-01,3702,2011-12-14,1630,CV1033,,3,5,6,3702,0,0,0,,0,022,"3RD ST","PALOMAR ST",0.00,,N,A,-,N,,,,,,,,,,N,3,0,1,2,D,-,00,,,N,G,B,D,A,H,-,A,-,0,Y,,,,Y,,-,"- ",0,1,0,0,1,0,0,0,0,"- ","- ",,,"SAN DIEGO","CHULA VISTA",-117.06641,32.606780000000001
5624335,2012,2013-08-19,3702,2012-04-27,0941,CV0767,,5,5,6,3702,0,0,0,,0,013,BROADWAY,1ST,180.00,S,N,A,-,N,,,,,,,,,,N,4,0,1,2,A,-,05,21202,A,N,B,G,A,A,H,-,A,D,0,,Y,,,Y,,L,04,0,0,1,0,0,0,1,0,0,"- ","- ",,,"SAN DIEGO","CHULA VISTA",-117.08791673,32.626989139999999
5624390,2012,2013-08-21,3702,2012-04-18,1025,0548,,3,5,6,3702,0,0,0,,0,013,"BAY BL","BAY BL 700",2.00,W,N,A,-,N,,,,,,,,,,N,4,0,1,2,A,-,09,21804,A,N,G,B,F,A,H,-,A,D,0,Y,,,,Y,,D,22,0,0,1,0,1,0,0,0,0,"- ","- ",,,"SAN DIEGO","CHULA VISTA",-117.09439605,32.621161610000001
5624394,2012,2013-08-21,3702,2012-04-28,2044,CV1053,,6,5,6,3702,0,0,0,,0,022,"3RD AV","PALOMAR ST",370.00,S,N,A,-,N,,,,,,,,,,N,4,0,1,2,A,-,08,22107,,N,G,B,C,A,H,-,C,D,0,Y,,,Y,Y,,F,26,0,0,1,0,1,0,0,0,0,"- ","- ",,,"SAN DIEGO","CHULA VISTA",-117.06605688,32.605819529999998
5625099,2012,2013-08-17,3702,2012-04-29,1415,CV0805,,7,5,6,3702,0,0,0,,0,013,"BAY BL","J ST",0.00,,Y,A,-,N,,,,,,,,,,N,4,0,1,2,A,-,11,21950,B,N,G,G,A,A,H,-,A,D,0,,Y,,,Y,,L,04,0,0,1,0,0,0,1,0,0,"- ","- ",,,"SAN DIEGO","CHULA VISTA",-117.09477194,32.621894769999997
5625111,2012,2013-08-17,3702,2012-04-20,1635,CV0882,,5,5,6,3702,0,0,0,,0,032,"PROCTOR VALLEY RD","ROCKING HORSE DR",12.00,N,N,A,-,N,,,,,,,,,,N,4,0,1,2,A,-,17,21208,A,N,D,G,A,A,H,-,A,A,0,,Y,,,Y,,L,04,0,0,1,0,0,0,1,0,0,"- ","- ",,,"SAN DIEGO","CHULA VISTA",-116.96564905,32.6620743
5625115,2012,2013-12-30,3702,2012-04-17,2021,CV1037,,2,5,6,3702,0,0,0,,0,031,"EAST H ST","K MART DRIVEWAY",0.00,,Y,A,-,N,,,,,,,,,,N,3,0,1,2,A,-,11,21954,A,F,G,B,D,A,H,-,C,A,0,Y,,,,Y,,N,60,0,1,0,0,1,0,0,0,0,"- ","- ",,,"SAN DIEGO","CHULA VISTA",-117.02481151000001,32.635763990000001
5625119,2012,2013-08-17,3702,2012-04-18,1615,CV0969,,3,5,6,3702,0,0,0,,0,012,"H ST","OAKLAWN AV",50.00,W,N,A,-,N,,,,,,,,,,N,4,0,1,2,A,-,10,21952,,M,G,B,F,A,H,-,A,A,0,Y,,,,Y,,A,01,0,0,1,0,1,0,0,0,0,"- ","- ",,,"SAN DIEGO","CHULA VISTA",-117.09277414,32.629958299999998
5625265,2012,2013-09-21,3702,2012-05-12,2330,CV0924,,6,5,6,3702,0,0,0,,0,024,"ENTERTAINMENT CIRCLE","HERITAGE RD",600.00,W,N,A,-,N,,,,,,,,,,N,4,0,1,2,A,-,21,22106,,N,G,B,E,A,H,-,C,D,0,Y,,,,Y,Y,A,07,0,0,1,0,1,0,0,0,0,"- ","- ",,,"SAN DIEGO","CHULA VISTA",-117.00474500999999,32.58650257
5628403,2012,2013-06-05,3702,2012-04-17,0747,CV0790,,2,5,6,3702,0,0,0,,0,011,"OAKLAWN AV","FLOWER ST",166.00,N,N,A,-,N,,,,,,,,,,N,4,0,1,2,A,-,09,21804,A,N,G,G,A,A,H,-,A,D,0,,Y,,,Y,,A,01,0,0,1,0,0,0,1,0,0,"- ","- ",,,"SAN DIEGO","CHULA VISTA",-117.09737835999999,32.642617100000002
5628407,2012,2013-06-05,3702,2012-04-14,2202,CV1040,,6,5,6,3702,0,0,0,,0,012,"H ST","WOODLAWN AV",110.00,E,N,B,-,N,,,,,,,,,,N,4,0,1,2,A,-,09,21804,A,F,G,B,A,A,H,-,C,D,0,,Y,,,Y,,A,01,0,0,1,0,0,0,1,0,0,"- ","- ",,,"SAN DIEGO","CHULA VISTA",-117.09355246,32.629735820000001
5629320,2012,2013-07-27,3702,2012-03-12,1714,CV0969,,1,5,6,3702,0,0,0,,0,011,"C ST","5TH AV",0.00,,Y,A,-,N,,,,,,,,,,N,4,0,1,2,A,-,05,21650,,N,D,G,A,A,D,-,A,A,0,,Y,,,Y,,L,04,0,0,1,0,0,0,1,0,0,"- ","- ",,,"SAN DIEGO","CHULA VISTA",-117.09209199,32.649394870000002
5629334,2012,2013-06-08,3702,2012-01-05,1743,CV0967,,4,5,6,3702,0,0,0,,0,031,"OTAY LAKES RD","ELMHURST ST",0.00,,Y,A,-,N,,,,,,,,,,N,2,0,1,2,A,-,11,21954,A,F,B,B,D,A,H,-,C,A,0,Y,,,,Y,,N,60,1,0,0,0,1,0,0,0,0,"- ","- ",,,"SAN DIEGO","CHULA VISTA",-116.99580197,32.643014780000001
5638868,2012,2012-11-16,3702,2012-07-12,1450,CV0944,,4,5,6,3702,0,0,0,,0,011,"BROADWAY AV","C ST",6.00,N,N,A,-,N,,,,,,,,,,N,1,1,0,1,C,-,18,,,N,H,A,A,A,H,-,A,A,0,,Y,,,Y,Y,-,"- ",0,0,0,0,0,1,0,0,0,"- ","- ",,,"SAN DIEGO","CHULA VISTA",-117.09619044999999,32.648266700000001
5639384,2012,2014-04-03,3702,2012-10-12,0742,CV0944,,5,5,6,3702,0,0,0,,0,014,"E ST","3RD AV",94.00,W,N,A,-,N,,,,,,,,,,N,1,1,0,2,A,-,11,21954,A,N,G,B,D,A,H,-,A,A,0,Y,,,,Y,,N,60,0,0,0,1,0,0,0,0,0,"- ","- ",,,"SAN DIEGO","CHULA VISTA",-117.08205993,32.644501669999997
5639709,2012,2014-04-15,3702,2012-10-24,1846,CV0777,,3,5,6,3702,0,0,0,,0,014,"NACION AV","TAMAYO DR",76.00,N,N,A,-,N,,,,,,,,,,Y,1,1,0,2,A,-,11,21954,A,N,G,B,E,A,H,-,D,D,0,Y,,,,Y,,N,60,0,0,0,1,0,0,0,0,0,"- ","- ",,,"SAN DIEGO","CHULA VISTA",-117.04678885,32.629863540000002
5639840,2012,2013-03-19,3702,2012-12-09,1801,CV0967,,7,5,6,3702,0,0,0,,0,014,"4TH AV","C ST",300.00,S,N,A,-,N,,,,,,,,,,Y,1,2,0,3,A,-,03,22350,,N,G,B,D,A,H,-,C,D,0,Y,,,,Y,Y,A,01,0,0,0,2,0,0,0,0,0,"- ","- ",,,"SAN DIEGO","CHULA VISTA",-117.08771623,32.649754770000001
5676528,2012,2013-10-02,3702,2012-06-13,2123,CV1010,,3,5,6,3702,0,0,0,,0,012,"4TH AV","E ST",0.00,,Y,A,-,N,,,,,,,,,,N,3,0,1,2,A,-,12,21453,A,N,D,G,A,A,H,-,C,A,0,,Y,,,Y,,L,04,0,1,0,0,0,0,1,0,0,"- ","- ",,,"SAN DIEGO","CHULA VISTA",-117.08532198,32.643594839999999
5676540,2012,2013-10-01,3702,2012-06-10,1711,CV1032,,7,5,6,3702,0,0,0,,0,023,"MAIN ST","SYCAMORE DR",215.00,E,N,A,-,N,,,,,,,,,,N,3,0,1,2,C,-,18,,,N,G,B,F,A,H,-,A,D,0,Y,,,,Y,,-,"- ",0,1,0,0,1,0,0,0,0,"- ","- ",,,"SAN DIEGO","CHULA VISTA",-117.04619627,32.594701319999999
5676760,2012,2013-08-31,3702,2012-05-09,1019,CV0673,,3,5,6,3702,0,0,0,,0,021,BROADWAY,"MOSS ST",312.00,N,N,A,-,N,,,,,,,,,,N,4,0,1,2,A,-,05,21650,1,N,D,G,A,A,H,-,A,D,0,,Y,,,Y,,L,04,0,0,1,0,0,0,1,0,0,"- ","- ",,,"SAN DIEGO","CHULA VISTA",-117.08311732999999,32.614506589999998
5676780,2012,2013-09-04,3702,2012-05-11,1945,CV1038,,5,5,6,3702,0,0,0,,0,022,"PALOMAR ST","2ND AV",350.00,W,N,A,-,N,,,,,,,,,,N,3,0,2,3,A,-,11,21954,A,N,A,B,D,A,H,-,C,D,0,Y,,,,Y,,N,60,0,2,0,0,2,0,0,0,0,"- ","- ",,,"SAN DIEGO","CHULA VISTA",-117.06343993999999,32.607610739999998
5721692,2012,2013-11-07,3702,2012-06-08,0721,CV1053,,5,5,6,3702,0,0,0,,0,014,"2ND AV","F ST",5.00,S,N,B,-,N,,,,,,,,,,N,3,0,1,2,A,-,11,21453,D,N,D,G,A,A,H,-,A,A,0,,Y,,,Y,,L,04,0,1,0,0,0,0,1,0,0,"- ","- ",,,"SAN DIEGO","CHULA VISTA",-117.07583678,32.642421759999998
5721752,2012,2013-10-16,3702,2012-06-11,1314,CV0767,,1,5,6,3702,0,0,0,,0,012,"PARK WAY",BROADWAY,10.00,E,N,A,-,N,,,,,,,,,,N,4,0,1,2,A,-,12,22450,A,N,D,G,A,A,H,-,A,A,0,,Y,,,Y,,A,01,0,0,1,0,0,0,1,0,0,"- ","- ",,,"SAN DIEGO","CHULA VISTA",-117.09114116000001,32.635273380000001
5729948,2012,2013-09-13,3702,2012-05-12,1601,CV1022,,6,5,6,3702,0,0,0,,0,012,"I ST",BROADWAY,0.00,,Y,A,-,N,,,,,,,,,,N,3,0,1,2,A,-,10,21950,A,N,G,B,B,A,H,-,A,B,0,Y,,,,Y,,A,01,0,1,0,0,1,0,0,0,0,"- ","- ",,,"SAN DIEGO","CHULA VISTA",-117.088122,32.627504850000001
5729976,2012,2013-09-13,3702,2012-05-30,0934,CV0425,,3,5,6,3702,0,0,0,,0,013,"3RD AV","K ST",0.00,,Y,A,-,N,,,,,,,,,,N,4,0,1,2,A,-,10,21950,A,N,G,B,B,A,H,-,A,A,0,Y,,,,Y,,A,01,0,0,1,0,1,0,0,0,0,"- ","- ",,,"SAN DIEGO","CHULA VISTA",-117.073172,32.624044810000001
5737734,2012,2013-11-07,3702,2012-06-22,0926,CV0906,,5,5,6,3702,0,0,0,,0,022,"ANITA ST","4TH AV",0.00,,Y,A,-,N,,,,,,,,,,N,4,0,1,2,A,-,10,21950,A,N,G,B,B,A,H,-,A,A,0,Y,,,Y,Y,,F,56,0,0,1,0,1,0,0,0,0,"- ","- ",,,"SAN DIEGO","CHULA VISTA",-117.06906197000001,32.598414779999999
5737864,2012,2014-01-10,3702,2012-05-31,1900,CV0804,,4,5,6,3702,0,0,0,,0,011,"E ST","RT 5",0.00,,Y,A,-,Y,SD,11,5,-,-,8.423,R,1,N,N,4,0,1,2,A,-,21,22106,,N,G,B,B,A,H,-,B,A,0,Y,,,,Y,,-,"- ",0,0,1,0,1,0,0,0,0,"- ",NF,,,"SAN DIEGO","CHULA VISTA",-117.09862183,32.636484780000004