CASE_ID,ACCIDENT_YEAR,PROC_DATE,JURIS,COLLISION_DATE,COLLISION_TIME,OFFICER_ID,REPORTING_DISTRICT,DAY_OF_WEEK,CHP_SHIFT,POPULATION,CNTY_CITY_LOC,SPECIAL_COND,BEAT_TYPE,CHP_BEAT_TYPE,CITY_DIVISION_LAPD,CHP_BEAT_CLASS,BEAT_NUMBER,PRIMARY_RD,SECONDARY_RD,DISTANCE,DIRECTION,INTERSECTION,WEATHER_1,WEATHER_2,STATE_HWY_IND,CALTRANS_COUNTY,CALTRANS_DISTRICT,STATE_ROUTE,ROUTE_SUFFIX,POSTMILE_PREFIX,POSTMILE,LOCATION_TYPE,RAMP_INTERSECTION,SIDE_OF_HWY,TOW_AWAY,COLLISION_SEVERITY,NUMBER_KILLED,NUMBER_INJURED,PARTY_COUNT,PRIMARY_COLL_FACTOR,PCF_CODE_OF_VIOL,PCF_VIOL_CATEGORY,PCF_VIOLATION,PCF_VIOL_SUBSECTION,HIT_AND_RUN,TYPE_OF_COLLISION,MVIW,PED_ACTION,ROAD_SURFACE,ROAD_COND_1,ROAD_COND_2,LIGHTING,CONTROL_DEVICE,CHP_ROAD_TYPE,PEDESTRIAN_ACCIDENT,BICYCLE_ACCIDENT,MOTORCYCLE_ACCIDENT,TRUCK_ACCIDENT,NOT_PRIVATE_PROPERTY,ALCOHOL_INVOLVED,STWD_VEHTYPE_AT_FAULT,CHP_VEHTYPE_AT_FAULT,COUNT_SEVERE_INJ,COUNT_VISIBLE_INJ,COUNT_COMPLAINT_PAIN,COUNT_PED_KILLED,COUNT_PED_INJURED,COUNT_BICYCLIST_KILLED,COUNT_BICYCLIST_INJURED,COUNT_MC_KILLED,COUNT_MC_INJURED,PRIMARY_RAMP,SECONDARY_RAMP,LATITUDE,LONGITUDE,COUNTY,CITY,POINT_X,POINT_Y
5737932,2012,2013-09-28,3702,2012-06-17,1922,CV1022,,7,5,6,3702,0,0,0,,0,012,"4TH AV","G ST",0.00,,Y,A,-,N,,,,,,,,,,N,4,0,1,2,A,-,12,21453,A,N,D,G,A,A,H,-,B,A,0,,Y,,,Y,,L,04,0,0,1,0,0,0,1,0,0,"- ","- ",,,"SAN DIEGO","CHULA VISTA",-117.08266193,32.63669479
5737936,2012,2013-09-28,3702,2012-06-22,1227,CV094,,5,5,6,3702,0,0,0,,0,012,"4TH AV","ROOSEVELT ST",145.00,S,N,A,-,N,,,,,,,,,,N,3,0,1,2,A,-,05,21202,A,N,D,G,A,A,H,-,A,D,0,,Y,,,Y,,L,04,0,1,0,0,0,0,1,0,0,"- ","- ",,,"SAN DIEGO","CHULA VISTA",-117.08183624999999,32.634587179999997
5737960,2012,2013-09-28,3702,2012-06-15,1459,CV0906,,5,5,6,3702,0,0,0,,0,013,"H ST","5TH AV",0.00,,Y,A,-,N,,,,,,,,,,N,4,0,1,2,A,-,10,21950,A,M,G,B,B,A,H,-,A,A,0,Y,,,,Y,,A,01,0,0,1,0,1,0,0,0,0,"- ","- ",,,"SAN DIEGO","CHULA VISTA",-117.08539193999999,32.632084859999999
5737976,2012,2013-09-28,3702,2012-06-29,2128,CV1052,,5,5,6,3702,0,0,0,,0,012,BROADWAY,"OTIS ST",148.00,N,N,A,-,N,,,,,,,,,,N,3,0,1,2,A,-,11,21954,A,N,G,B,D,A,H,-,C,D,0,Y,,,,Y,,N,60,0,1,0,0,1,0,0,0,0,"- ","- ",,,"SAN DIEGO","CHULA VISTA",-117.08997284,32.632229049999999
5780671,2012,2013-10-19,3702,2012-07-26,1601,CV1040,,4,5,6,3702,0,0,0,,0,013,"F ST","3RD AV",0.00,,Y,A,-,N,,,,,,,,,,N,3,0,1,2,A,-,10,21950,A,N,G,B,B,A,H,-,A,A,0,Y,,,,Y,,A,01,0,1,0,0,1,0,0,0,0,"- ","- ",,,"SAN DIEGO","CHULA VISTA",-117.08047194,32.641124859999998
5794114,2012,2013-10-19,3702,2012-07-26,1650,CV1056,,4,5,6,3702,0,0,0,,0,032,"HUNTE PKWY","EXPLORATION FALLS",0.00,,Y,A,-,N,,,,,,,,,,N,2,0,1,1,D,-,00,,,N,H,A,A,A,H,-,A,D,0,,Y,,,Y,,-,"- ",1,0,0,0,0,0,1,0,0,"- ","- ",,,"SAN DIEGO","CHULA VISTA",-116.95185992,32.618970060000002
5796661,2012,2013-11-23,3702,2012-08-08,1539,CV0969,,3,5,6,3702,0,0,0,,0,014,"2ND AV","CYPRESS ST",300.00,N,N,A,-,N,,,,,,,,,,N,4,0,1,2,A,-,05,21202,A,N,B,G,A,A,H,-,A,A,0,,Y,,,Y,,L,04,0,0,1,0,0,0,1,0,0,"- ","- ",,,"SAN DIEGO","CHULA VISTA",-117.07546548000001,32.641475309999997
5796671,2012,2013-11-23,3702,2012-08-26,1954,CV1040,,7,5,6,3702,0,0,0,,0,013,"3RD AV","CENTER ST",12.00,S,N,A,-,N,,,,,,,,,,N,3,0,1,2,A,-,09,21800,A,N,H,G,A,A,H,-,C,D,0,,Y,,,Y,,L,04,0,1,0,0,0,0,1,0,0,"- ","- ",,,"SAN DIEGO","CHULA VISTA",-117.07957943,32.640293620000001
5812793,2012,2013-11-09,3702,2012-08-11,0909,CV0789,,6,5,6,3702,0,0,0,,0,032,"OTAY LAKES RD","EASTLAKE PKWY",200.00,W,N,A,-,N,,,,,,,,,,N,3,0,1,1,D,-,00,,,N,H,A,A,A,H,-,A,D,0,,Y,,,Y,,-,"- ",0,1,0,0,0,0,1,0,0,"- ","- ",,,"SAN DIEGO","CHULA VISTA",-116.96605361,32.64806437
5824547,2012,2013-12-03,3702,2012-09-04,1150,681,,2,5,6,3702,0,0,0,,0,012,"FIG AV","H ST",0.00,,Y,A,-,N,,,,,,,,,,Y,4,0,1,2,A,-,08,22107,,N,G,B,B,A,H,-,A,D,0,Y,,,,Y,,A,01,0,0,1,0,1,0,0,0,0,"- ","- ",,,"SAN DIEGO","CHULA VISTA",-117.08296196000001,32.63276484
5830612,2012,2013-12-16,3702,2012-10-26,1801,CV0366,,5,5,6,3702,0,0,0,,0,022,"MOSS ST","KITTIWAKE AV",36.00,W,N,A,-,N,,,,,,,,,,N,3,0,1,2,A,-,01,21200,5,M,B,G,A,A,H,-,C,D,0,,Y,,,Y,,L,04,0,1,0,0,0,0,1,0,0,"- ","- ",,,"SAN DIEGO","CHULA VISTA",-117.07629247,32.615503709999999
5830641,2012,2013-12-30,3702,2012-10-04,0550,CV0604,,4,5,6,3702,0,0,0,,0,011,"E ST","RT 5",100.00,E,N,A,-,Y,SD,11,5,-,-,8.423,R,4,N,N,4,0,1,2,A,-,11,21955,,N,G,B,D,A,H,-,C,D,0,Y,,,Y,Y,,N,60,0,0,1,0,1,0,0,0,0,"- ","- ",,,"SAN DIEGO","CHULA VISTA",-117.09862183,32.636484780000004
5832027,2012,2013-11-09,3702,2012-08-31,0721,CV0906,,5,5,6,3702,0,0,0,,0,022,"HILLTOP DR","KINGSWOOD DR",18.00,N,N,A,-,N,,,,,,,,,,N,4,0,1,2,A,-,11,21950,B,N,D,B,B,A,H,-,A,D,0,Y,,,,Y,,N,60,0,0,1,0,1,0,0,0,0,"- ","- ",,,"SAN DIEGO","CHULA VISTA",-117.0517207,32.603891410000003
5832031,2012,2013-11-09,3702,2012-08-31,2100,CV0980,,5,5,6,3702,0,0,0,,0,011,BROADWAY,"E ST",332.00,S,N,A,-,N,,,,,,,,,,N,4,0,1,2,A,-,08,22107,,F,G,B,F,A,H,-,C,D,0,Y,,,,Y,,A,01,0,0,1,0,1,0,0,0,0,"- ","- ",,,"SAN DIEGO","CHULA VISTA",-117.09318055,32.640435889999999
5832033,2012,2013-11-09,3702,2012-08-21,1640,CV0736,,2,5,6,3702,0,0,0,,0,012,"H ST",WOODLAWN,0.00,,Y,A,-,N,,,,,,,,,,N,4,0,1,2,A,-,10,21950,A,F,G,B,B,A,H,-,A,A,0,Y,,,,Y,,A,01,0,0,1,0,1,0,0,0,0,"- ","- ",,,"SAN DIEGO","CHULA VISTA",-117.09389201,32.629644820000003
5832034,2012,2013-11-09,3702,2012-08-31,2140,CV1051,,5,5,6,3702,0,0,0,,0,032,"EASTLAKE PKWY","GREENSGATE DR",0.00,,Y,A,-,N,,,,,,,,,,N,4,0,1,2,A,-,05,21650,1,N,H,G,A,A,H,-,C,A,0,,Y,,,Y,,L,04,0,0,1,0,0,0,1,0,0,"- ","- ",,,"SAN DIEGO","CHULA VISTA",-116.9658419,32.644854850000002
5832036,2012,2013-11-09,3702,2012-08-10,1658,CV1017,,5,5,6,3702,0,0,0,,0,012,"F ST",BROADWAY,0.00,,Y,A,-,N,,,,,,,,,,N,3,0,1,2,A,-,09,21802,B,N,G,B,B,A,H,-,A,A,0,Y,,,,Y,,A,01,0,1,0,0,1,0,0,0,0,"- ","- ",,,"SAN DIEGO","CHULA VISTA",-117.09218194,32.637854840000003
5832096,2012,2013-12-14,3702,2012-09-07,2208,CV0765,,5,5,6,3702,0,0,0,,0,022,"TREMONT ST","DEL MONTE",18.00,E,N,A,-,N,,,,,,,,,,N,3,0,1,2,A,-,05,21202,A,N,D,G,A,A,H,-,C,D,0,,Y,,,Y,,L,04,0,1,0,0,0,0,1,0,0,"- ","- ",,,"SAN DIEGO","CHULA VISTA",-117.06234363,32.597875019999996
5832098,2012,2013-12-14,3702,2012-09-01,0740,CV0986,,6,5,6,3702,0,0,0,,0,011,"BAYSHORE BIKE PATH","E ST",2600.00,N,N,A,-,N,,,,,,,,,,N,4,0,1,3,B,-,22,,,M,H,G,A,A,H,-,D,D,0,,Y,,,Y,,L,04,0,0,1,0,0,0,1,0,0,"- ","- ",,,"SAN DIEGO","CHULA VISTA",,
5832099,2012,2013-12-11,3702,2012-09-08,2021,CV0986,,6,5,6,3702,0,0,0,,0,014,"HILLTOP DR","EAST I ST",0.00,,Y,A,-,N,,,,,,,,,,N,3,0,1,2,A,-,12,21453,A,N,D,G,A,A,H,-,C,A,0,,Y,,,Y,,L,04,0,1,0,0,0,0,1,0,0,"- ","- ",,,"SAN DIEGO","CHULA VISTA",-117.06363188,32.634344779999999
5832100,2012,2013-12-11,3702,2012-09-06,1640,CV1021,,4,5,6,3702,0,0,0,,0,021,"OXFORD ST","5TH AV",2.00,W,N,A,-,N,,,,,,,,,,N,4,0,1,2,A,-,10,21950,A,N,D,B,B,A,H,-,A,A,0,Y,,,,Y,,-,"- ",0,0,1,0,1,0,0,0,0,"- ","- ",,,"SAN DIEGO","CHULA VISTA",-117.07593802,32.607963030000001
5832118,2012,2013-12-16,3702,2012-09-12,0655,CV0986,,3,5,6,3702,0,0,0,,0,024,"HERITAGE RD",PALOMAR,517.00,S,N,B,-,N,,,,,,,,,,N,3,0,1,2,D,-,00,,,N,B,G,A,B,H,-,A,D,0,,Y,,,Y,,-,"- ",0,1,0,0,0,0,1,0,0,"- ","- ",,,"SAN DIEGO","CHULA VISTA",-117.00339495999999,32.619874660000001
5832124,2012,2013-12-10,3702,2012-09-11,0745,CV0986,,2,5,6,3702,0,0,0,,0,032,"HUNTE PKWY","STONEGATE ST",9.00,N,N,B,-,N,,,,,,,,,,N,3,0,1,2,A,-,12,21453,A,N,D,G,A,B,H,-,A,A,0,,Y,,,Y,,L,04,0,1,0,0,0,0,1,0,0,"- ","- ",,,"SAN DIEGO","CHULA VISTA",-116.94975431,32.65177705
5832129,2012,2013-12-10,3702,2012-09-14,1514,CV0977,,5,5,6,3702,0,0,0,,0,013,"G ST","4TH AV",108.00,E,N,A,-,N,,,,,,,,,,N,3,0,1,2,A,-,08,22107,,N,D,G,A,A,H,-,A,D,0,,Y,,,Y,,L,04,0,1,0,0,0,0,1,0,0,"- ","- ",,,"SAN DIEGO","CHULA VISTA",-117.08232846999999,32.636783780000002
5832139,2012,2013-12-10,3702,2012-09-04,1118,CV1061,,2,5,6,3702,0,0,0,,0,021,"PALOMAR ST",OXFORD,310.00,W,N,A,-,N,,,,,,,,,,N,4,0,1,2,A,-,05,21202,A,N,G,G,A,A,H,-,A,A,0,,Y,,,Y,,L,04,0,0,1,0,0,0,1,0,0,"- ","- ",,,"SAN DIEGO","CHULA VISTA",,
5850340,2012,2013-11-14,3702,2012-08-21,0724,CV1031,,2,5,6,3702,0,0,0,,0,032,"PROCTOR VALLEY RD","DUNCAN RANCH RD",0.00,,Y,A,-,N,,,,,,,,,,Y,2,0,1,2,A,-,12,21453,A,N,D,G,A,A,H,-,A,A,0,,Y,,,Y,,L,04,1,0,0,0,0,0,1,0,0,"- ","- ",,,"SAN DIEGO","CHULA VISTA",-116.95088197,32.661724880000001
5852657,2012,2013-10-17,3702,2012-07-30,1438,CV0506,,1,5,6,3702,0,0,0,,0,032,"EAST PALOMAR ST","VIEW PARK DR",0.00,,Y,A,-,N,,,,,,,,,,N,4,0,1,2,A,-,11,21950,B,N,G,B,B,A,H,-,A,A,0,Y,,,,Y,,N,60,0,0,1,0,1,0,0,0,0,"- ","- ",,,"SAN DIEGO","CHULA VISTA",-116.976403,32.627335510000002
5859004,2012,2013-12-11,3702,2012-09-28,1122,CV0974,,5,5,6,3702,0,0,0,,0,014,"THIRD AV","DAVIDSON ST",217.00,S,N,A,-,N,,,,,,,,,,N,2,0,1,1,A,-,03,22350,,N,E,I,A,A,H,-,A,D,0,,Y,,,Y,,L,04,1,0,0,0,0,0,1,0,0,"- ","- ",,,"SAN DIEGO","CHULA VISTA",-117.08089866,32.642258400000003
5859008,2012,2013-12-11,3702,2012-09-21,0710,CV0773,,5,5,6,3702,0,0,0,,0,024,"SANTA SIERRA","RED GRANITE",0.00,,Y,A,-,N,,,,,,,,,,N,4,0,1,2,A,-,08,22100,B,N,D,G,A,A,H,-,A,A,0,,Y,,,Y,,L,04,0,0,1,0,0,0,1,0,0,"- ","- ",,,"SAN DIEGO","CHULA VISTA",-117.00754190000001,32.616454779999998
5861690,2012,2013-12-16,3702,2012-10-05,1800,CV0896,,5,5,6,3702,0,0,0,,0,032,"HUNTE PKWY","CLUBHOUSE DR",20.00,S,N,A,-,N,,,,,,,,,,N,3,0,1,2,A,-,12,21453,A,N,D,G,A,A,H,-,A,A,0,,Y,,,Y,,L,04,0,1,0,0,0,0,1,0,0,"- ","- ",,,"SAN DIEGO","CHULA VISTA",-116.95497635,32.639861580000002
5861694,2012,2013-12-16,3702,2012-10-01,1207,CV1060,,1,5,6,3702,0,0,0,,0,031,"TELEGRAPH CANYON RD","APACHE DR",0.00,,Y,A,-,N,,,,,,,,,,N,2,0,2,2,A,-,01,21200,5,N,D,G,A,A,H,-,A,A,0,,Y,,,Y,,L,04,1,1,0,0,0,0,1,0,0,"- ","- ",,,"SAN DIEGO","CHULA VISTA",-116.99445197999999,32.635194820000002
5861701,2012,2013-12-16,3702,2012-10-26,1242,CV0767,,5,5,6,3702,0,0,0,,0,013,"K ST","3RD AV",12.00,W,N,A,-,N,,,,,,,,,,N,4,0,1,2,A,-,10,21950,A,N,D,B,B,A,H,-,A,A,0,Y,,,,Y,,A,07,0,0,1,0,1,0,0,0,0,"- ","- ",,,"SAN DIEGO","CHULA VISTA",-117.07320874,32.624034399999999
5861702,2012,2013-12-16,3702,2012-10-06,1657,CV1032,,6,5,6,3702,0,0,0,,0,022,"3RD AV","NAPLES ST",273.00,N,N,A,-,N,,,,,,,,,,N,3,0,1,2,A,-,09,21804,A,N,D,G,A,A,H,-,A,D,0,,Y,,,Y,,L,04,0,1,0,0,0,0,1,0,0,"- ","- ",,,"SAN DIEGO","CHULA VISTA",-117.06940707,32.614395330000001
5861729,2012,2013-12-18,3702,2012-10-12,1605,CV1040,,5,5,6,3702,0,0,0,,0,013,"4TH AV","CENTER ST",315.00,S,N,A,-,N,,,,,,,,,,N,3,0,1,2,A,-,09,21804,A,N,G,B,E,A,H,-,A,D,0,Y,,,,Y,,A,01,0,1,0,0,1,0,0,0,0,"- ","- ",,,"SAN DIEGO","CHULA VISTA",-117.08335698,32.638474100000003
5861733,2012,2013-12-16,3702,2012-10-15,1021,CV0673,,1,5,6,3702,0,0,0,,0,024,"MEDICAL CENTER CT","MEDICAL CENTER DR",1056.00,S,N,A,-,N,,,,,,,,,,N,4,0,1,2,A,-,03,22350,,N,G,B,C,A,H,-,A,D,0,Y,,,,Y,,A,01,0,0,1,0,1,0,0,0,0,"- ","- ",,,"SAN DIEGO","CHULA VISTA",-117.023849,32.618402000000003
5861741,2012,2013-12-16,3702,2012-10-16,1556,CV0925,,2,5,6,3702,0,0,0,,0,024,"BRANDYWINE AV","SEQUOIA ST",14.00,S,N,A,-,N,,,,,,,,,,N,3,0,1,2,A,-,10,21950,A,N,G,B,B,A,H,-,A,A,0,Y,,,,Y,,A,01,0,1,0,0,1,0,0,0,0,"- ","- ",,,"SAN DIEGO","CHULA VISTA",-117.02932096000001,32.601946419999997
5861745,2012,2013-12-18,3702,2012-10-16,1512,CV0815,,2,5,6,3702,0,0,0,,0,014,"H ST","1ST AV",150.00,E,N,A,-,N,,,,,,,,,,N,3,0,1,2,A,-,21,22106,,N,D,G,A,A,H,-,A,A,0,,Y,,,Y,,A,07,0,1,0,0,0,0,1,0,0,"- ","- ",,,"SAN DIEGO","CHULA VISTA",-117.06860937,32.636799910000001
5863979,2012,2013-11-13,3702,2012-08-22,1600,CV0925,,3,5,6,3702,0,0,0,,0,024,"MAIN ST","NIRVANA AV",18.00,E,N,A,-,N,,,,,,,,,,N,3,0,1,2,A,-,17,21451,A,N,H,G,A,A,H,-,A,A,0,,Y,,,Y,,D,22,0,1,0,0,0,0,1,0,0,"- ","- ",,,"SAN DIEGO","CHULA VISTA",-117.01753617999999,32.593380320000001
5868568,2012,2013-10-17,3702,2012-07-31,1905,CV1037,,2,5,6,3702,0,0,0,,0,012,"I ST","CEDAR AV",0.00,,Y,A,-,N,,,,,,,,,,N,4,0,1,2,A,-,10,21950,A,F,G,B,B,A,H,-,A,D,0,Y,,,,Y,,-,"- ",0,0,1,0,1,0,0,0,0,"- ","- ",,,"SAN DIEGO","CHULA VISTA",-117.08562200999999,32.62820481
5868584,2012,2013-10-17,3702,2012-07-13,1022,CV0906,,5,5,6,3702,0,0,0,,0,014,"3RD AV","3RD AV 200 BLK",18.00,W,N,A,-,N,,,,,,,,,,N,4,0,1,2,A,-,21,22106,,N,D,G,A,A,H,-,A,D,0,,Y,,,Y,,A,07,0,0,1,0,0,0,1,0,0,"- ","- ",,,"SAN DIEGO","CHULA VISTA",,
5889303,2012,2014-01-15,3702,2012-12-08,1419,CV0413,,6,5,6,3702,0,0,0,,0,012,BROADWAY,"G ST",0.00,,Y,A,-,N,,,,,,,,,,N,4,0,1,2,A,-,10,21952,,F,G,B,B,A,H,-,A,A,0,Y,,,,Y,,D,22,0,0,1,0,1,0,0,0,0,"- ","- ",,,"SAN DIEGO","CHULA VISTA",-117.09081190000001,32.634374790000003
5889323,2012,2014-01-15,3702,2012-12-10,1833,CV1040,,1,5,6,3702,0,0,0,,0,013,"2ND AV",WHITNEY-MANKATO,0.00,,Y,A,-,N,,,,,,,,,,N,3,0,1,2,A,-,11,21950,B,N,G,B,B,A,H,-,C,D,0,Y,,,,Y,,N,60,0,1,0,0,1,0,0,0,0,"- ","- ",,,"SAN DIEGO","CHULA VISTA",-117.07215993,32.633100059999997
5889351,2012,2014-01-04,3702,2012-11-21,1115,CV0816,,3,5,6,3702,0,0,0,,0,014,"C ST","N DEL MAR",45.00,E,N,A,-,N,,,,,,,,,,N,2,0,1,2,A,-,08,22107,,N,B,G,A,A,H,-,A,A,0,,Y,,,Y,,L,04,1,0,0,0,0,0,1,0,0,"- ","- ",,,"SAN DIEGO","CHULA VISTA",-117.08175224999999,32.652269969999999
5889911,2012,2014-01-09,9645,2012-11-11,0045,019678,,7,3,6,3702,0,1,1,,2,009,"RT 805","ORANGE AV",1120.00,S,N,A,-,Y,SD,11,805,-,-,4.210,H,-,N,Y,2,0,1,3,A,-,01,23152,A,N,C,E,E,A,H,-,C,D,1,Y,,,,Y,Y,A,01,1,0,0,0,1,0,0,0,0,"- ","- ",32.603110000000001,-117.03617,"SAN DIEGO","CHULA VISTA",-117.03616181,32.600583729999997
5910138,2013,2013-04-29,3702,2013-01-20,1954,CV0944,,7,5,6,3702,0,0,0,,0,013,"BAY BL","H ST",0.00,,Y,A,-,N,,,,,,,,,,Y,1,1,0,2,A,-,03,22350,,N,G,B,E,A,H,-,C,A,0,Y,,,,Y,,D,22,0,0,0,1,0,0,0,0,0,"- ","- ",,,"SAN DIEGO","CHULA VISTA",-117.096592,32.628934899999997
5910491,2013,2015-01-16,9645,2013-03-17,0220,19577,,7,3,6,3702,0,1,1,,2,009,"RT 805","ORANGE AV",220.00,N,N,A,-,Y,SD,11,805,-,-,4.460,H,-,N,Y,1,1,0,2,A,-,11,21954,A,N,G,B,E,A,H,-,D,D,1,Y,,,,Y,Y,N,60,0,0,0,1,0,0,0,0,0,"- ","- ",32.606650000000002,-117.03608,"SAN DIEGO","CHULA VISTA",-117.0361218,32.606437499999998
5910778,2013,2013-08-05,3702,2013-04-28,1937,CV1031,,7,5,6,3702,0,0,0,,0,021,"PALOMAR ST","INDUSTRIAL BL",0.00,,Y,A,-,N,,,,,,,,,,Y,1,1,0,3,A,-,17,21200,,N,H,G,A,A,H,-,C,A,0,,Y,,,Y,Y,L,04,0,0,0,0,0,1,0,0,0,"- ","- ",,,"SAN DIEGO","CHULA VISTA",-117.085632,32.603904900000003
5918769,2013,2014-01-17,3702,2013-01-17,1500,0969,,4,5,6,3702,0,0,0,,0,011,"C ST",BROADWAY,18.00,E,N,A,-,N,,,,,,,,,,N,4,0,1,2,A,-,05,21202,A,N,B,G,A,A,H,-,A,A,0,,Y,,,Y,,L,04,0,0,1,0,0,0,1,0,0,"- ","- ",,,"SAN DIEGO","CHULA VISTA",-117.0961667,32.648290500000002
5918785,2013,2014-01-16,3702,2013-01-18,0718,0967,,5,5,6,3702,0,0,0,,0,024,"TELEGRAPH CANYON RD","OLEANDER AV",0.00,,Y,A,-,N,,,,,,,,,,N,2,0,1,2,A,-,10,21950,A,N,G,B,B,A,H,-,A,A,0,Y,,,,Y,,D,22,1,0,0,0,1,0,0,0,0,"- ","- ",,,"SAN DIEGO","CHULA VISTA",-117.0367419,32.627814800000003
5935722,2012,2014-01-16,3702,2012-12-07,1605,CV0925,,5,5,6,3702,0,0,0,,0,021,BROADWAY,"NAPLES ST",142.00,S,N,A,-,N,,,,,,,,,,N,4,0,1,2,A,-,17,22517,,M,B,G,A,A,H,-,A,D,0,,Y,,,Y,Y,A,01,0,0,1,0,0,0,1,0,0,"- ","- ",,,"SAN DIEGO","CHULA VISTA",-117.08132701,32.609855619999998
5935956,2012,2014-01-02,3702,2012-11-08,0925,CV0664,,4,5,6,3702,0,0,0,,0,032,"OTAY LAKES RD","1925 OTAY LAKES RD",0.00,,Y,B,-,N,,,,,,,,,,N,4,0,1,2,A,-,12,22450,A,N,D,G,A,B,H,-,A,A,0,,Y,,,Y,,A,01,0,0,1,0,0,0,1,0,0,"- ","- ",,,"SAN DIEGO","CHULA VISTA",-116.98115945000001,32.641853320000003
5936008,2012,2013-12-27,3702,2012-11-26,1700,CV1061,,1,5,6,3702,0,0,0,,0,023,"MAIN ST","SYCAMORE DR",420.00,E,N,A,-,N,,,,,,,,,,Y,4,0,1,2,A,-,05,21202,A,N,G,G,A,A,H,-,B,D,0,,Y,,,Y,Y,L,04,0,0,1,0,0,0,1,0,0,"- ","- ",,,"SAN DIEGO","CHULA VISTA",-117.04553301999999,32.59470786
5936012,2012,2013-12-27,3702,2012-11-27,2036,CV1038,,2,5,6,3702,0,0,0,,0,021,"PALOMAR ST","TRANSIT WY",0.00,,Y,A,-,N,,,,,,,,,,Y,2,0,1,2,A,-,11,21456,B,N,G,B,B,A,H,-,C,A,0,Y,,,,Y,,N,60,1,0,0,0,1,0,0,0,0,"- ","- ",,,"SAN DIEGO","CHULA VISTA",-117.08418041,32.60379648
5936024,2012,2013-12-27,3702,2012-11-26,1716,CV1060,,1,5,6,3702,0,0,0,,0,013,"OAKLAWN AV","K ST",90.00,N,N,A,-,N,,,,,,,,,,N,3,0,1,2,A,-,11,21954,A,N,G,B,D,A,H,-,D,D,0,Y,,,,Y,,N,60,0,1,0,0,1,0,0,0,0,"- ","- ",,,"SAN DIEGO","CHULA VISTA",-117.08918131999999,32.619819370000002
5936035,2012,2013-12-27,3702,2012-11-29,1412,CV0974,,4,5,6,3702,0,0,0,,0,011,"5TH AV","DAVIDSON ST",8.00,S,N,A,-,N,,,,,,,,,,N,3,0,1,2,A,-,10,21950,A,N,G,B,B,A,H,-,A,A,0,Y,,,,Y,,A,01,0,1,0,0,1,0,0,0,0,"- ","- ",,,"SAN DIEGO","CHULA VISTA",-117.08873384,32.640703930000001
5939930,2012,2014-01-11,3702,2012-12-18,0737,CV0906,,2,5,6,3702,0,0,0,,0,032,"OTAY LAKES RD",RIDGEBACK,180.00,S,N,C,-,N,,,,,,,,,,N,4,0,1,2,A,-,03,22350,,N,G,B,E,B,H,-,A,A,0,Y,,,,Y,,A,01,0,0,1,0,1,0,0,0,0,"- ","- ",,,"SAN DIEGO","CHULA VISTA",-117.00278504000001,32.646727149999997
5939934,2012,2014-01-11,3702,2012-12-18,1655,CV0840,,2,5,6,3702,0,0,0,,0,021,BROADWAY,"PALOMAR ST",12.00,S,N,A,-,N,,,,,,,,,,N,4,0,1,2,A,-,09,21453,B,F,G,B,B,A,H,-,A,A,0,Y,,,,Y,Y,A,07,0,0,1,0,1,0,0,0,0,"- ","- ",,,"SAN DIEGO","CHULA VISTA",-117.07871975,32.603283529999999
5939937,2012,2014-01-11,3702,2012-12-29,1725,CV1010,,6,5,6,3702,0,0,0,,0,021,BROADWAY,"PALOMAR ST",0.00,,Y,C,-,N,,,,,,,,,,Y,4,0,1,2,A,-,10,21950,A,N,G,B,B,B,H,-,C,A,0,Y,,,,Y,,A,07,0,0,1,0,1,0,0,0,0,"- ","- ",,,"SAN DIEGO","CHULA VISTA",-117.07873194,32.603314810000001
5939941,2012,2014-01-11,3702,2012-12-18,1320,CV0756,,2,5,6,3702,0,0,0,,0,022,"PALOMAR ST","3RD AV",1320.00,E,N,C,-,N,,,,,,,,,,N,4,0,1,2,A,-,05,21202,A,N,H,G,A,B,H,-,A,A,0,,Y,,,Y,,L,04,0,0,1,0,0,0,1,0,0,"- ","- ",,,"SAN DIEGO","CHULA VISTA",-117.06236106,32.607904990000002
5939962,2012,2014-01-11,3702,2012-12-27,1350,CV0835,,4,5,6,3702,0,0,0,,0,014,"TELEGRAPH CANYON RD","NACION AV",160.00,W,N,A,-,N,,,,,,,,,,N,4,0,1,2,A,-,10,21952,,F,G,B,F,A,H,-,A,D,0,Y,,,,Y,,A,01,0,0,1,0,1,0,0,0,0,"- ","- ",,,"SAN DIEGO","CHULA VISTA",-117.04764024000001,32.62910462
5939977,2012,2014-01-11,3702,2012-12-21,1230,CV0652,,5,5,6,3702,0,0,0,,0,022,"MOSS ST","4TH AV",120.00,W,N,A,-,N,,,,,,,,,,N,4,0,1,2,A,-,08,22107,,F,G,B,E,A,H,-,A,D,0,Y,,,,Y,,-,99,0,0,1,0,1,0,0,0,0,"- ","- ",,,"SAN DIEGO","CHULA VISTA",-117.07491097,32.615882470000003