CASE_ID,ACCIDENT_YEAR,PROC_DATE,JURIS,COLLISION_DATE,COLLISION_TIME,OFFICER_ID,REPORTING_DISTRICT,DAY_OF_WEEK,CHP_SHIFT,POPULATION,CNTY_CITY_LOC,SPECIAL_COND,BEAT_TYPE,CHP_BEAT_TYPE,CITY_DIVISION_LAPD,CHP_BEAT_CLASS,BEAT_NUMBER,PRIMARY_RD,SECONDARY_RD,DISTANCE,DIRECTION,INTERSECTION,WEATHER_1,WEATHER_2,STATE_HWY_IND,CALTRANS_COUNTY,CALTRANS_DISTRICT,STATE_ROUTE,ROUTE_SUFFIX,POSTMILE_PREFIX,POSTMILE,LOCATION_TYPE,RAMP_INTERSECTION,SIDE_OF_HWY,TOW_AWAY,COLLISION_SEVERITY,NUMBER_KILLED,NUMBER_INJURED,PARTY_COUNT,PRIMARY_COLL_FACTOR,PCF_CODE_OF_VIOL,PCF_VIOL_CATEGORY,PCF_VIOLATION,PCF_VIOL_SUBSECTION,HIT_AND_RUN,TYPE_OF_COLLISION,MVIW,PED_ACTION,ROAD_SURFACE,ROAD_COND_1,ROAD_COND_2,LIGHTING,CONTROL_DEVICE,CHP_ROAD_TYPE,PEDESTRIAN_ACCIDENT,BICYCLE_ACCIDENT,MOTORCYCLE_ACCIDENT,TRUCK_ACCIDENT,NOT_PRIVATE_PROPERTY,ALCOHOL_INVOLVED,STWD_VEHTYPE_AT_FAULT,CHP_VEHTYPE_AT_FAULT,COUNT_SEVERE_INJ,COUNT_VISIBLE_INJ,COUNT_COMPLAINT_PAIN,COUNT_PED_KILLED,COUNT_PED_INJURED,COUNT_BICYCLIST_KILLED,COUNT_BICYCLIST_INJURED,COUNT_MC_KILLED,COUNT_MC_INJURED,PRIMARY_RAMP,SECONDARY_RAMP,LATITUDE,LONGITUDE,COUNTY,CITY,POINT_X,POINT_Y
5939986,2012,2014-01-11,3702,2012-12-07,0735,CV0553,,5,5,6,3702,0,0,0,,0,014,"K ST","5TH AV",465.00,E,N,A,-,N,,,,,,,,,,N,3,0,1,2,A,-,05,21202,A,N,B,G,A,A,H,-,A,D,0,,Y,,,Y,,L,04,0,1,0,0,0,0,1,0,0,"- ","- ",,,"SAN DIEGO","CHULA VISTA",-117.07990027,32.62213706
5939990,2012,2014-01-11,3702,2012-12-07,1525,CV0640,,5,5,6,3702,0,0,0,,0,014,"3RD AV",DAVIDSON,9.00,S,N,A,-,N,,,,,,,,,,N,4,0,1,2,A,-,10,21950,A,N,G,B,B,A,H,-,A,A,0,Y,,,,Y,,A,01,0,0,1,0,1,0,0,0,0,"- ","- ",,,"SAN DIEGO","CHULA VISTA",-117.08110304,32.64280127
5948826,2013,2014-12-29,9645,2013-01-31,0420,18146,,4,3,6,3702,0,1,1,,2,009,"RT 805","BONITA RD",121.00,N,N,A,-,Y,SD,11,805,-,-,7.780,H,-,S,Y,3,0,2,4,A,-,03,22350,,N,C,C,E,A,H,-,C,D,1,Y,,,,Y,Y,A,01,0,1,1,0,2,0,0,0,0,"- ","- ",32.648249999999997,-117.06173,"SAN DIEGO","CHULA VISTA",-117.0597818,32.646614800000002
5951209,2012,2013-12-27,3702,2012-11-14,1505,CV0835,,3,5,6,3702,0,0,0,,0,013,BROADWAY,"K ST",0.00,,Y,A,-,N,,,,,,,,,,N,4,0,2,3,A,-,10,21950,A,F,G,B,B,A,H,-,A,A,0,Y,,,,Y,,A,01,0,0,2,0,2,0,0,0,0,"- ","- ",,,"SAN DIEGO","CHULA VISTA",-117.08544200999999,32.620604870000001
5951221,2012,2013-12-27,3702,2012-11-19,1715,CV0972,,1,5,6,3702,0,0,0,,0,012,"H ST","WOODLAWN AV",0.00,,Y,A,-,N,,,,,,,,,,N,4,0,1,2,A,-,06,21755,,N,D,G,A,A,H,-,A,A,0,,Y,,,Y,,L,04,0,0,1,0,0,0,1,0,0,"- ","- ",,,"SAN DIEGO","CHULA VISTA",-117.09389201,32.629644820000003
5951229,2012,2013-12-27,3702,2012-11-19,0041,CV1012,,1,5,6,3702,0,0,0,,0,032,"BORREGO SPRINGS RD","SCHOOL HOUSE RD",150.00,S,N,A,-,N,,,,,,,,,,N,4,0,1,2,A,-,08,22107,,N,G,B,F,A,H,-,C,D,0,Y,,,,Y,,A,07,0,0,1,0,1,0,0,0,0,"- ","- ",,,"SAN DIEGO","CHULA VISTA",-116.95269570000001,32.637552999999997
5951245,2012,2013-12-27,3702,2012-11-10,1438,0606,,6,5,6,3702,0,0,0,,0,024,"MAIN ST","RT 805",0.00,,Y,A,-,Y,SD,11,805,-,-,3.522,R,4,N,N,4,0,1,2,A,-,10,21950,A,N,B,G,A,A,H,-,A,A,0,,Y,,,Y,,A,01,0,0,1,0,0,0,1,0,0,"- ",NF,,,"SAN DIEGO","CHULA VISTA",-117.03619181000001,32.590864779999997
5951448,2012,2013-12-14,3702,2012-10-31,1100,CV0548,,3,5,6,3702,0,0,0,,0,013,BROADWAY,"J ST",0.00,,N,A,-,N,,,,,,,,,,N,4,0,1,2,A,-,08,22107,,N,H,G,A,A,H,-,A,D,0,,Y,,,Y,,A,01,0,0,1,0,0,0,1,0,0,"- ","- ",,,"SAN DIEGO","CHULA VISTA",-117.0867719,32.624054800000003
5951468,2012,2013-12-14,3702,2012-10-25,1458,CV0967,,4,5,6,3702,0,0,0,,0,032,"HIDDEN PATH DR","PICKET FENCE DR",0.00,,Y,A,-,N,,,,,,,,,,N,2,0,1,2,A,-,12,22450,A,N,H,G,A,A,H,-,A,D,0,,Y,,,Y,,L,04,1,0,0,0,0,0,1,0,0,"- ","- ",,,"SAN DIEGO","CHULA VISTA",-116.94804992,32.623890019999997
5951491,2012,2013-12-14,3702,2012-10-01,1715,CV1065,,1,5,6,3702,0,0,0,,0,023,"MAIN ST","OTAY VALLEY RD",0.00,,Y,A,-,N,,,,,,,,,,N,3,0,1,2,A,-,09,21801,A,N,H,G,A,A,H,-,A,D,0,,Y,,,Y,,A,01,0,1,0,0,0,0,1,0,0,"- ","- ",,,"SAN DIEGO","CHULA VISTA",-117.04262196000001,32.594744849999998
5951499,2012,2013-12-14,3702,2012-10-25,1647,CV1037,,4,5,6,3702,0,0,0,,0,032,"EAST PALOMAR ST",LAMEDIA,0.00,,Y,A,-,N,,,,,,,,,,N,3,0,1,2,A,-,10,21950,A,N,G,B,B,A,H,-,A,A,0,Y,,,,Y,,A,01,0,1,0,0,1,0,0,0,0,"- ","- ",,,"SAN DIEGO","CHULA VISTA",-116.98811198999999,32.632394820000002
5951503,2012,2013-12-14,3702,2012-10-27,0810,CV0866,,6,5,6,3702,0,0,0,,0,021,BROADWAY,"NAPLES ST",100.00,S,N,A,-,N,,,,,,,,,,N,4,0,1,2,A,-,05,21650,1,N,H,G,A,A,H,-,A,D,0,,Y,,,Y,,L,04,0,0,1,0,0,0,1,0,0,"- ","- ",,,"SAN DIEGO","CHULA VISTA",-117.08136986,32.6099648
5960573,2013,2014-01-28,3702,2013-02-14,1247,CV1068,,4,5,6,3702,0,0,0,,0,014,"3RD AV","F ST",279.00,N,N,A,-,N,,,,,,,,,,N,4,0,1,4,A,-,03,22350,,N,D,E,E,A,H,-,A,D,0,Y,,,,Y,,A,01,0,0,1,0,1,0,0,0,0,"- ","- ",,,"SAN DIEGO","CHULA VISTA",-117.080746,32.641852900000004
5966921,2012,2013-12-18,3702,2012-10-17,1530,CV0986,,3,5,6,3702,0,0,0,,0,013,"3RD AV","I ST",0.00,,Y,A,-,N,,,,,,,,,,Y,2,0,2,3,A,-,12,21453,A,N,D,C,F,A,H,-,A,A,0,Y,,,,Y,,A,01,1,0,1,0,1,0,0,0,0,"- ","- ",,,"SAN DIEGO","CHULA VISTA",-117.07589191,32.63094478
5997264,2013,2014-01-21,3702,2013-01-29,0750,CV0681,,2,5,6,3702,0,0,0,,0,012,"I ST","BROADWAY AV",18.00,E,N,A,-,N,,,,,,,,,,N,3,0,1,2,A,-,05,21202,A,N,D,G,A,A,H,-,A,D,0,,Y,,,Y,,L,04,0,1,0,0,0,0,1,0,0,"- ","- ",,,"SAN DIEGO","CHULA VISTA",-117.0880667,32.627520500000003
5997317,2013,2014-01-22,3702,2013-01-10,1606,CV1060,,4,5,6,3702,0,0,0,,0,012,"BROADWAY AV","H ST",9.00,N,N,A,-,N,,,,,,,,,,N,4,0,1,2,A,-,10,21950,A,N,G,B,B,A,H,-,A,A,0,Y,,,,Y,Y,-,99,0,0,1,0,1,0,0,0,0,"- ","- ",,,"SAN DIEGO","CHULA VISTA",-117.0894706,32.630938299999997
5997321,2013,2014-01-22,3702,2013-01-11,2330,CV0787,,5,5,6,3702,0,0,0,,0,023,"MAIN ST","OTAY VALLEY RD",3.00,W,N,B,-,N,,,,,,,,,,N,3,0,1,2,A,-,10,21950,A,N,G,B,B,B,H,-,C,D,0,Y,,,,Y,,-,99,0,1,0,0,1,0,0,0,0,"- ","- ",,,"SAN DIEGO","CHULA VISTA",-117.04263160000001,32.594744400000003
5998925,2013,2014-01-18,3702,2013-01-07,1320,CV0866,,1,5,6,3702,0,0,0,,0,014,"N GLOVER AV","3RD AV",6.00,N,N,A,-,N,,,,,,,,,,N,4,0,1,2,A,-,10,21950,A,F,G,B,B,A,H,-,A,D,0,Y,,,,Y,Y,-,"- ",0,0,1,0,1,0,0,0,0,"- ","- ",,,"SAN DIEGO","CHULA VISTA",-117.08637536000001,32.650550680000002
5998933,2013,2014-01-18,3702,2013-01-10,1415,CV1065,,4,5,6,3702,0,0,0,,0,014,"C ST","4TH AV",222.00,E,N,A,-,N,,,,,,,,,,N,4,0,1,2,B,-,22,,,N,A,G,A,A,H,-,A,D,0,,Y,,,Y,,L,04,0,0,1,0,0,0,1,0,0,"- ","- ",,,"SAN DIEGO","CHULA VISTA",-117.0873304,32.650694799999997
5998937,2013,2014-01-18,3702,2013-01-14,2133,CV0662,,1,5,6,3702,0,0,0,,0,012,"H ST","OAKLAWN AV",12.00,W,N,A,-,N,,,,,,,,,,N,3,0,1,2,A,-,03,22350,,F,G,B,B,A,H,-,C,D,0,Y,,,,Y,Y,-,99,0,1,0,0,1,0,0,0,0,"- ","- ",,,"SAN DIEGO","CHULA VISTA",-117.0926584,32.629993599999999
6006515,2013,2014-01-28,3702,2013-02-11,0748,1031,,1,5,6,3702,0,0,0,,0,024,"SANTA LUCIA RD","MONARCHE DR",0.00,,Y,A,-,N,,,,,,,,,,N,4,0,1,2,A,-,10,21950,A,N,G,B,B,A,H,-,A,D,0,Y,,,,Y,,A,01,0,0,1,0,1,0,0,0,0,"- ","- ",,,"SAN DIEGO","CHULA VISTA",-116.99619199999999,32.625294799999999
6006535,2013,2014-01-28,3702,2013-02-07,2235,1010,,4,5,6,3702,0,0,0,,0,022,"PALOMAR ST","2ND AV",102.00,E,N,A,-,N,,,,,,,,,,N,3,0,1,1,A,-,01,21200,5,N,H,G,A,A,H,-,C,D,0,,Y,,,Y,Y,L,04,0,1,0,0,0,0,1,0,0,"- ","- ",,,"SAN DIEGO","CHULA VISTA",-117.06204940000001,32.6079948
6025908,2013,2014-02-07,3702,2013-03-20,1336,CV0944,,3,5,6,3702,0,0,0,,0,023,"HILLTOP DR","TRANQUILLO LN",0.00,,Y,A,-,N,,,,,,,,,,Y,2,0,1,2,A,-,08,22107,,F,G,B,E,A,H,-,A,D,0,Y,,,,Y,,D,22,1,0,0,0,1,0,0,0,0,"- ","- ",,,"SAN DIEGO","CHULA VISTA",-117.05522190000001,32.612814800000002
6032084,2013,2014-02-04,3702,2013-03-21,1952,CV0998,,4,5,6,3702,0,0,0,,0,032,"CORRAL CANYON RD","THORTON RD",535.00,S,N,A,-,N,,,,,,,,,,N,2,0,1,2,A,-,11,21956,,N,G,B,E,A,H,-,C,D,0,Y,,,,Y,Y,N,60,1,0,0,0,1,0,0,0,0,"- ","- ",,,"SAN DIEGO","CHULA VISTA",-116.9891983,32.651593499999997
6032096,2013,2014-02-04,3702,2013-03-08,1920,CV0924,,5,5,6,3702,0,0,0,,0,011,BROADWAY,"CHULA VISTA ST",21.00,N,N,B,-,N,,,,,,,,,,N,3,0,1,2,A,-,10,21950,A,M,G,B,B,B,H,-,C,A,0,Y,,,,Y,,A,01,0,1,0,0,1,0,0,0,0,"- ","- ",,,"SAN DIEGO","CHULA VISTA",-117.0953935,32.646149299999998
6032104,2013,2014-02-04,3702,2013-03-04,1923,CV0972,,1,5,6,3702,0,0,0,,0,022,"OXFORD ST","3RD AV",210.00,W,N,A,-,N,,,,,,,,,,N,3,0,1,2,A,-,11,21955,,F,B,B,D,A,H,-,C,D,0,Y,,,,Y,,N,60,0,1,0,0,1,0,0,0,0,"- ","- ",,,"SAN DIEGO","CHULA VISTA",-117.0684231,32.610044100000003
6032106,2013,2014-02-10,3702,2013-03-02,1257,CV1020,,6,5,6,3702,0,0,0,,0,031,"BONITA RD","BILLY CASPER WAY",10.00,E,N,A,-,N,,,,,,,,,,N,3,0,1,2,A,-,08,22107,,N,B,G,A,A,H,-,A,A,0,,Y,,,Y,,A,01,0,1,0,0,0,0,1,0,0,"- ","- ",,,"SAN DIEGO","CHULA VISTA",-117.03372002,32.660596040000001
6032118,2013,2014-02-10,3702,2013-03-13,0730,CV0974,,3,5,6,3702,0,0,0,,0,022,"THIRD AV","QUINTARD ST",8.00,S,N,A,-,N,,,,,,,,,,N,4,0,1,2,A,-,10,21950,A,N,G,B,B,A,H,-,A,A,0,Y,,,,Y,,A,07,0,0,1,0,1,0,0,0,0,"- ","- ",,,"SAN DIEGO","CHULA VISTA",-117.06507360000001,32.603304000000001
6032126,2013,2014-02-10,3702,2013-03-14,1930,CV1010,,4,5,6,3702,0,0,0,,0,012,BROADWAY,"H ST",500.00,S,N,A,-,N,,,,,,,,,,N,4,0,1,2,A,-,05,21202,A,N,D,G,A,A,H,-,C,D,0,,Y,,,Y,,L,04,0,0,1,0,0,0,1,0,0,"- ","- ",,,"SAN DIEGO","CHULA VISTA",-117.08895560000001,32.629614099999998
6032130,2013,2014-02-10,3702,2013-03-12,1032,CV0833,,2,5,6,3702,0,0,0,,0,032,"EAST PALOMAR ST","SANTA CORA  AV",0.00,,Y,A,-,N,,,,,,,,,,Y,4,0,1,2,A,-,10,21950,A,N,G,B,B,A,H,-,A,A,0,Y,,,,Y,,A,01,0,0,1,0,1,0,0,0,0,"- ","- ",,,"SAN DIEGO","CHULA VISTA",-116.9853519,32.631964799999999
6032138,2013,2014-02-10,3702,2013-03-12,1517,CV0815,,2,5,6,3702,0,0,0,,0,014,"BONITA RD","BONITA GLEN",54.00,E,N,A,-,N,,,,,,,,,,N,4,0,1,2,A,-,08,22107,,N,D,G,A,A,H,-,A,A,0,,Y,,,Y,,A,01,0,0,1,0,0,0,1,0,0,"- ","- ",,,"SAN DIEGO","CHULA VISTA",-117.0725956,32.646220300000003
6032155,2013,2014-02-04,3702,2013-03-14,1329,CV1020,,4,5,6,3702,0,0,0,,0,012,"H ST",BROADWAY,240.00,E,N,A,-,N,,,,,,,,,,N,3,0,1,2,A,-,05,21202,A,N,D,G,A,A,H,-,A,D,0,,Y,,,Y,,L,04,0,1,0,0,0,0,1,0,0,"- ","- ",,,"SAN DIEGO","CHULA VISTA",-117.0887223,32.631115700000002
6032159,2013,2014-12-09,3702,2013-03-26,0852,CV0606,,2,5,6,3702,0,0,0,,0,013,"J ST","RT 5",0.00,,Y,B,-,N,,,,,,,,,,N,4,0,1,2,A,-,05,21650,1,N,D,G,A,A,H,-,A,A,0,,Y,,,Y,,L,04,0,0,1,0,0,0,1,0,0,"- ",NF,,,"SAN DIEGO","CHULA VISTA",-117.093322,32.622304900000003
6067544,2013,2014-02-20,3702,2013-04-22,0810,CV0606,,1,5,6,3702,0,0,0,,0,014,"HILLTOP DR","J ST",167.00,S,N,A,-,N,,,,,,,,,,N,4,0,1,2,A,-,13,22500,,F,B,G,A,A,H,-,A,D,0,,Y,,,Y,,D,22,0,0,1,0,0,0,1,0,0,"- ","- ",,,"SAN DIEGO","CHULA VISTA",-117.06211209999999,32.630470500000001
6083541,2013,2014-02-19,3702,2013-04-18,0001,CV0743,,4,5,6,3702,0,0,0,,0,013,"3RD AV","MADRONA ST",40.00,S,N,A,-,N,,,,,,,,,,N,3,0,1,2,A,-,03,22350,,F,G,B,C,A,H,-,C,D,0,Y,,,,Y,Y,A,01,0,1,0,0,1,0,0,0,0,"- ","- ",,,"SAN DIEGO","CHULA VISTA",-117.0790897,32.639131200000001
6083546,2013,2014-02-19,3702,2013-04-04,1842,CV1038,,4,5,6,3702,0,0,0,,0,022,"MOSS ST","4TH AV",6.00,W,N,A,-,N,,,,,,,,,,N,3,0,1,2,A,-,05,21650,1,N,B,G,A,A,H,-,B,A,0,,Y,,,Y,,L,04,0,1,0,0,0,0,1,0,0,"- ","- ",,,"SAN DIEGO","CHULA VISTA",-117.0745603,32.615979600000003
6083561,2013,2014-02-19,3702,2013-04-22,1609,CV0972,,1,5,6,3702,0,0,0,,0,021,BROADWAY,"NAPLES ST",0.00,,Y,A,-,N,,,,,,,,,,N,4,0,1,2,A,-,11,21106,B,N,G,B,B,A,H,-,A,A,0,Y,,,,Y,,A,07,0,0,1,0,1,0,0,0,0,"- ","- ",,,"SAN DIEGO","CHULA VISTA",-117.0814719,32.610224799999997
6083562,2013,2014-02-19,3702,2013-04-12,1822,CV0767,,5,5,6,3702,0,0,0,,0,013,"PARK WY","GARRETT AV",80.00,W,N,A,-,N,,,,,,,,,,N,3,0,1,2,A,-,09,21804,A,N,D,G,A,A,H,-,A,D,0,,Y,,,Y,,L,04,0,1,0,0,0,0,1,0,0,"- ","- ",,,"SAN DIEGO","CHULA VISTA",-117.08121730000001,32.638104599999998
6087509,2013,2014-02-15,3702,2013-04-29,1448,SH7552,,1,5,6,3702,0,0,0,,0,704,"ELM AV","CONNECTICUT ST",0.00,,Y,A,-,Y,,,,,,,,,,N,3,0,1,2,A,-,09,21804,A,N,G,G,A,A,H,-,A,D,0,,Y,,,Y,,-,"- ",0,1,0,0,0,0,1,0,0,"- ","- ",,,"SAN DIEGO","CHULA VISTA",-117.11866190000001,32.580254799999999
6099782,2013,2014-02-27,3702,2013-05-13,1737,CV0662,,1,5,6,3702,0,0,0,,0,014,"SEA VALE ST","3RD AV",160.00,N,N,A,-,N,,,,,,,,,,N,4,0,1,2,A,-,03,22350,,N,B,E,A,A,H,-,A,D,0,,Y,,Y,Y,,L,04,0,0,1,0,0,0,1,0,0,"- ","- ",,,"SAN DIEGO","CHULA VISTA",-117.0832676,32.649890599999999
6103289,2013,2014-02-28,3702,2013-05-26,1423,CV1022,,7,5,6,3702,0,0,0,,0,032,"EASTLAKE PKWY","CORTE VISTA",30.00,N,N,A,-,N,,,,,,,,,,N,3,0,1,2,A,-,12,21453,A,N,D,G,A,A,H,-,A,A,0,,Y,,,Y,,L,04,0,1,0,0,0,0,1,0,0,"- ","- ",,,"SAN DIEGO","CHULA VISTA",-116.96705282000001,32.633235679999999
6103297,2013,2014-02-28,3702,2013-05-28,1020,CV0681,,2,5,6,3702,0,0,0,,0,013,"3RD AV","J ST",35.00,S,N,B,-,N,,,,,,,,,,N,4,0,1,3,A,-,03,22350,,N,C,C,A,A,H,-,A,D,0,,Y,,,Y,Y,A,01,0,0,1,0,0,0,1,0,0,"- ","- ",,,"SAN DIEGO","CHULA VISTA",-117.0744961,32.627403800000003
6103301,2013,2014-02-28,3702,2013-05-07,1731,CV1026,,2,5,6,3702,0,0,0,,0,021,"INDUSTRIAL BL","PALOMAR ST",36.00,N,N,A,-,N,,,,,,,,,,Y,4,0,1,2,A,-,08,22107,,N,C,G,A,A,H,-,A,A,0,,Y,,,Y,,L,04,0,0,1,0,0,0,1,0,0,"- ","- ",,,"SAN DIEGO","CHULA VISTA",-117.0856684,32.603998400000002
6103329,2013,2014-02-28,3702,2013-05-16,1531,CV1060,,4,5,6,3702,0,0,0,,0,021,"OXFORD ST","BROADWAY AV",830.00,W,N,A,-,N,,,,,,,,,,N,3,0,1,2,A,-,11,21954,A,F,G,B,E,A,H,-,A,A,0,Y,,,,Y,,N,60,0,1,0,0,1,0,0,0,0,"- ","- ",,,"SAN DIEGO","CHULA VISTA",-117.0826816,32.606097200000001
6103337,2013,2014-02-28,3702,2013-05-08,1200,CV0856,,3,5,6,3702,0,0,0,,0,032,"EAST H ST","KERNEL DR",52.00,W,N,A,-,N,,,,,,,,,,N,3,0,1,2,A,-,08,22107,,N,B,G,A,A,H,-,A,D,0,,Y,,,Y,,A,01,0,1,0,0,0,0,1,0,0,"- ","- ",,,"SAN DIEGO","CHULA VISTA",-117.0380802,32.638354800000002
6103341,2013,2014-02-28,3702,2013-05-23,1550,CV1010,,4,5,6,3702,0,0,0,,0,031,"EAST J ST","PASEO DEL CERRO",0.00,,Y,A,-,N,,,,,,,,,,N,3,0,1,2,A,-,05,21202,A,N,D,G,A,A,H,-,A,D,0,,Y,,,Y,,L,04,0,1,0,0,0,0,1,0,0,"- ","- ",,,"SAN DIEGO","CHULA VISTA",-117.01325199999999,32.629404800000003
6103345,2013,2014-02-28,3702,2013-05-18,1148,CV0736,,6,5,6,3702,0,0,0,,0,031,"TELEGRAPH CANYON RD","MEDICAL CENTER DR",500.00,W,N,A,-,N,,,,,,,,,,N,3,0,1,2,A,-,11,21955,,N,G,B,E,A,H,-,A,D,0,Y,,,,Y,,N,60,0,1,0,0,1,0,0,0,0,"- ","- ",,,"SAN DIEGO","CHULA VISTA",-117.02708989999999,32.625335399999997
6106344,2013,2014-02-08,3702,2013-03-27,1548,CV0662,,3,5,6,3702,0,0,0,,0,012,BROADWAY,"VANCE ST",20.00,N,N,A,-,N,,,,,,,,,,N,4,0,1,2,A,-,17,22517,,N,B,E,A,A,H,-,A,D,0,,Y,,,Y,,A,07,0,0,1,0,0,0,1,0,0,"- ","- ",,,"SAN DIEGO","CHULA VISTA",-117.0904824,32.6335567
6106360,2013,2014-02-08,3702,2013-03-28,1516,CV0974,,4,5,6,3702,0,0,0,,0,024,"PASEO LADERA","EAST PALOMAR ST",6.00,N,N,A,-,N,,,,,,,,,,N,2,0,2,3,A,-,10,21950,A,N,G,B,B,A,H,-,A,A,0,Y,,,,Y,,A,07,1,1,0,0,2,0,0,0,0,"- ","- ",,,"SAN DIEGO","CHULA VISTA",-117.0178999,32.616409699999998
6106368,2013,2014-02-08,3702,2013-03-29,0900,CV0816,,5,5,6,3702,0,0,0,,0,012,BROADWAY,"G ST",10.00,S,N,A,-,N,,,,,,,,,,N,3,0,1,2,A,-,10,21950,A,N,G,B,B,A,H,-,A,A,0,Y,,,,Y,,A,01,0,1,0,0,1,0,0,0,0,"- ","- ",,,"SAN DIEGO","CHULA VISTA",-117.090801,32.634349
6107546,2013,2014-02-18,3702,2013-04-25,2046,CV0662,,4,5,6,3702,0,0,0,,0,031,"EAST H ST","HIDDEN VISTA DR",280.00,W,N,A,-,N,,,,,,,,,,N,4,0,1,2,A,-,05,21202,A,N,D,G,A,A,H,-,C,D,0,,Y,,,Y,,L,04,0,0,1,0,0,0,1,0,0,"- ","- ",,,"SAN DIEGO","CHULA VISTA",-117.0501522,32.641010600000001
6107550,2013,2014-02-18,3702,2013-04-18,1036,CV0554,,4,5,6,3702,0,0,0,,0,013,"5TH AV","K ST",360.00,N,N,A,-,N,,,,,,,,,,N,4,0,1,2,A,-,21,22106,,N,G,B,F,A,H,-,A,D,0,Y,,,,Y,,A,08,0,0,1,0,1,0,0,0,0,"- ","- ",,,"SAN DIEGO","CHULA VISTA",-117.0816951,32.622681700000001
6114209,2013,2014-04-03,3702,2013-06-12,0653,14922,,3,5,6,3702,0,0,0,,0,901,"RT 5","E ST",5.00,S,N,A,-,Y,SD,11,5,-,-,8.423,R,1,N,N,4,0,1,2,A,-,10,21950,A,N,D,B,A,A,H,-,A,A,0,,Y,,,Y,,A,01,0,0,1,0,0,0,1,0,0,"- ","- ",32.639470000000003,-117.09952,"SAN DIEGO","CHULA VISTA",-117.0986218,32.636484799999998
6115724,2013,2014-03-04,3702,2013-06-06,1220,CV0856,,4,5,6,3702,0,0,0,,0,022,"5TH AV","EMERSON ST",80.00,N,N,A,-,N,,,,,,,,,,Y,3,0,2,4,A,-,08,22107,,N,C,C,F,A,H,-,A,D,0,Y,,,,Y,,A,01,0,1,1,0,0,0,0,0,0,"- ","- ",,,"SAN DIEGO","CHULA VISTA",-117.0768691,32.610313900000001
6118235,2013,2014-02-22,3702,2013-05-07,1412,CV0974,,2,5,6,3702,0,0,0,,0,012,"SMITH  AV","ROOSEVELT ST",79.00,N,N,B,-,N,,,,,,,,,,N,4,0,1,2,A,-,11,21954,A,N,G,B,D,A,H,-,A,D,0,Y,,,,Y,,N,60,0,0,1,0,1,0,0,0,0,"- ","- ",,,"SAN DIEGO","CHULA VISTA",-117.08822290000001,32.63344
6118239,2013,2014-02-22,3702,2013-05-01,1225,CV0681,,3,5,6,3702,0,0,0,,0,012,"SMITH  AV","H ST",9.00,N,N,A,-,N,,,,,,,,,,N,4,0,1,2,A,-,10,21950,A,N,G,B,B,A,H,-,A,D,0,Y,,,,Y,,A,01,0,0,1,0,1,0,0,0,0,"- ","- ",,,"SAN DIEGO","CHULA VISTA",-117.0874709,32.631518200000002
6118601,2013,2014-03-03,3702,2013-06-22,1419,0410,,6,5,6,3702,0,0,0,,0,012,"5TH AV","F ST",60.00,S,N,A,-,N,,,,,,,,,,N,4,0,1,2,A,-,09,21804,A,N,B,G,A,A,H,-,A,D,0,,Y,,,Y,Y,L,04,0,0,1,0,0,0,1,0,0,"- ","- ",,,"SAN DIEGO","CHULA VISTA",-117.0880219,32.638858399999997
6118634,2013,2014-03-04,3702,2013-06-05,1458,CV1010,,3,5,6,3702,0,0,0,,0,032,"N GREENSVIEW DR","GREENSGATE DR",0.00,,Y,A,-,N,,,,,,,,,,Y,4,0,1,2,A,-,17,21208,A,N,D,G,A,A,H,-,A,A,0,,Y,,,Y,,L,04,0,0,1,0,0,0,1,0,0,"- ","- ",,,"SAN DIEGO","CHULA VISTA",-116.9642719,32.644194900000002
6118760,2013,2014-02-27,3702,2013-05-31,1802,CV1052,,5,5,6,3702,0,0,0,,0,022,"FRESNO AV","MONTGOMERY ST",178.00,N,N,A,-,N,,,,,,,,,,N,3,0,1,2,A,-,05,21650,1,F,A,G,E,A,H,-,B,D,0,Y,,,,Y,,A,07,0,1,0,0,1,0,0,0,0,"- ","- ",,,"SAN DIEGO","CHULA VISTA",-117.0666919,32.597352299999997
6118772,2013,2014-02-26,3702,2013-05-24,1524,CV1052,,5,5,6,3702,0,0,0,,0,022,"2ND AV","PALOMAR ST",0.00,,Y,A,-,N,,,,,,,,,,N,4,0,1,2,A,-,10,21950,A,N,G,B,B,A,H,-,A,A,0,Y,,,,Y,,A,01,0,0,1,0,1,0,0,0,0,"- ","- ",,,"SAN DIEGO","CHULA VISTA",-117.0623619,32.6079048