CASE_ID,ACCIDENT_YEAR,PROC_DATE,JURIS,COLLISION_DATE,COLLISION_TIME,OFFICER_ID,REPORTING_DISTRICT,DAY_OF_WEEK,CHP_SHIFT,POPULATION,CNTY_CITY_LOC,SPECIAL_COND,BEAT_TYPE,CHP_BEAT_TYPE,CITY_DIVISION_LAPD,CHP_BEAT_CLASS,BEAT_NUMBER,PRIMARY_RD,SECONDARY_RD,DISTANCE,DIRECTION,INTERSECTION,WEATHER_1,WEATHER_2,STATE_HWY_IND,CALTRANS_COUNTY,CALTRANS_DISTRICT,STATE_ROUTE,ROUTE_SUFFIX,POSTMILE_PREFIX,POSTMILE,LOCATION_TYPE,RAMP_INTERSECTION,SIDE_OF_HWY,TOW_AWAY,COLLISION_SEVERITY,NUMBER_KILLED,NUMBER_INJURED,PARTY_COUNT,PRIMARY_COLL_FACTOR,PCF_CODE_OF_VIOL,PCF_VIOL_CATEGORY,PCF_VIOLATION,PCF_VIOL_SUBSECTION,HIT_AND_RUN,TYPE_OF_COLLISION,MVIW,PED_ACTION,ROAD_SURFACE,ROAD_COND_1,ROAD_COND_2,LIGHTING,CONTROL_DEVICE,CHP_ROAD_TYPE,PEDESTRIAN_ACCIDENT,BICYCLE_ACCIDENT,MOTORCYCLE_ACCIDENT,TRUCK_ACCIDENT,NOT_PRIVATE_PROPERTY,ALCOHOL_INVOLVED,STWD_VEHTYPE_AT_FAULT,CHP_VEHTYPE_AT_FAULT,COUNT_SEVERE_INJ,COUNT_VISIBLE_INJ,COUNT_COMPLAINT_PAIN,COUNT_PED_KILLED,COUNT_PED_INJURED,COUNT_BICYCLIST_KILLED,COUNT_BICYCLIST_INJURED,COUNT_MC_KILLED,COUNT_MC_INJURED,PRIMARY_RAMP,SECONDARY_RAMP,LATITUDE,LONGITUDE,COUNTY,CITY,POINT_X,POINT_Y
6124566,2013,2014-02-24,3702,2013-05-18,1604,CV1004,,6,5,6,3702,0,0,0,,0,014,"2ND AV","KEARNEY ST",0.00,,Y,A,-,N,,,,,,,,,,N,4,0,1,2,A,-,12,22450,A,N,D,G,A,A,H,-,A,D,0,,Y,,,Y,,L,04,0,0,1,0,0,0,1,0,0,"- ","- ",,,"SAN DIEGO","CHULA VISTA",-117.069772,32.626904799999998
6137160,2013,2014-02-15,3702,2013-04-23,1550,CV1018,,2,5,6,3702,0,0,0,,0,014,"2ND AV","MONTEBELLO ST",0.00,,Y,A,-,N,,,,,,,,,,N,3,0,1,2,A,-,05,21202,A,N,D,G,A,A,H,-,A,A,0,,Y,,,Y,,L,04,0,1,0,0,0,0,1,0,0,"- ","- ",,,"SAN DIEGO","CHULA VISTA",-117.07615199999999,32.643224799999999
6145572,2013,2014-03-14,3702,2013-07-26,1227,CV0816,,5,5,6,3702,0,0,0,,0,013,"3RD AV","J ST",345.00,S,N,A,-,N,,,,,,,,,,N,4,0,1,2,A,-,10,21952,,F,G,B,F,A,H,-,A,A,0,Y,,,,Y,,D,22,0,0,1,0,1,0,0,0,0,"- ","- ",,,"SAN DIEGO","CHULA VISTA",-117.07417940000001,32.626598100000002
6145596,2013,2014-03-14,3702,2013-07-15,0900,CV0681,,1,5,6,3702,0,0,0,,0,012,"3RD AV","K ST",0.00,,Y,A,-,N,,,,,,,,,,N,3,0,1,2,A,-,10,21950,A,N,G,B,B,-,H,-,A,A,0,Y,,,,Y,,D,22,0,1,0,0,1,0,0,0,0,"- ","- ",,,"SAN DIEGO","CHULA VISTA",-117.073172,32.6240448
6145606,2013,2014-03-17,3702,2013-07-17,1144,CV0662,,3,5,6,3702,0,0,0,,0,022,"3RD AV","NAPLES ST",106.00,S,N,A,-,N,,,,,,,,,,N,3,0,1,2,A,-,05,21650,1,N,D,G,A,A,H,-,A,D,0,,Y,,,Y,,L,04,0,1,0,0,0,0,1,0,0,"- ","- ",,,"SAN DIEGO","CHULA VISTA",-117.069023,32.613409400000002
6148184,2013,2014-03-13,3702,2013-07-02,1730,CV0815,,2,5,6,3702,0,0,0,,0,012,"G ST",BROADWAY,6.00,W,N,A,-,N,,,,,,,,,,N,3,0,1,2,A,-,10,21950,A,N,G,B,B,A,H,-,A,A,0,Y,,,,Y,,A,01,0,1,0,0,1,0,0,0,0,"- ","- ",,,"SAN DIEGO","CHULA VISTA",-117.0908305,32.634369999999997
6148395,2013,2014-04-02,3702,2013-04-29,1513,CV1026,,1,5,6,3702,0,0,0,,0,012,"4TH AV","H ST",0.00,,Y,A,-,N,,,,,,,,,,N,4,0,1,2,A,-,10,21950,A,N,G,B,B,A,H,-,A,A,0,Y,,,,Y,,A,01,0,0,1,0,1,0,0,0,0,"- ","- ",,,"SAN DIEGO","CHULA VISTA",-117.08130199999999,32.633234799999997
6152481,2013,2014-02-22,3702,2013-05-28,1555,CV0720,,2,5,6,3702,0,0,0,,0,022,"3RD AV",NAPLES,45.00,N,N,A,-,N,,,,,,,,,,N,4,0,1,2,A,-,08,22100,A,N,D,G,A,A,H,-,A,D,0,,Y,,,Y,,D,22,0,0,1,0,0,0,1,0,0,"- ","- ",,,"SAN DIEGO","CHULA VISTA",-117.0691772,32.613801899999999
6153378,2013,2014-03-06,3702,2013-06-27,2204,CV0731,,4,5,6,3702,0,0,0,,0,021,"PALOMAR ST","PALOMAR TROLLEY CENTER",7.00,W,N,A,-,N,,,,,,,,,,Y,2,0,1,2,A,-,11,21456,B,N,A,B,B,A,H,-,C,A,0,Y,,,,Y,,N,60,1,0,0,0,1,0,0,0,0,"- ","- ",,,"SAN DIEGO","CHULA VISTA",-117.08147228,32.603442489999999
6153382,2013,2014-03-06,3702,2013-06-28,1634,CV1053,,5,5,6,3702,0,0,0,,0,023,"QUINTARD ST","HILLTOP DR",146.00,W,N,A,-,N,,,,,,,,,,N,3,0,1,2,A,-,05,21202,A,N,D,G,A,A,H,-,A,D,0,,Y,,,Y,,L,04,0,1,0,0,0,0,1,0,0,"- ","- ",,,"SAN DIEGO","CHULA VISTA",-117.0533018,32.606602600000002
6153418,2013,2014-03-06,3702,2013-06-27,0805,CV1073,,4,5,6,3702,0,0,0,,0,024,"SANTA VENETIA","OLYMPIC PKWY",292.00,S,N,A,-,N,,,,,,,,,,N,4,0,1,2,A,-,09,21804,A,N,D,G,A,A,H,-,A,D,0,,Y,,,Y,,L,04,0,0,1,0,0,0,1,0,0,"- ","- ",,,"SAN DIEGO","CHULA VISTA",-116.98913186999999,32.622322779999998
6153422,2013,2014-03-05,3702,2013-06-13,2029,CV1038,,4,5,6,3702,0,0,0,,0,023,"EAST ORANGE AV","MAX AV",400.00,W,N,A,-,N,,,,,,,,,,N,3,0,1,1,A,-,03,22350,,N,H,A,A,A,H,-,C,A,0,,Y,,,Y,Y,L,04,0,1,0,0,0,0,1,0,0,"- ","- ",,,"SAN DIEGO","CHULA VISTA",-117.0452026,32.6010086
6153438,2013,2014-03-06,3702,2013-06-12,1830,CV0972,,3,5,6,3702,0,0,0,,0,024,"OLYMPIC PKWY","CONCORD WY",3.00,E,N,A,-,N,,,,,,,,,,N,4,0,1,2,A,-,08,22100,,N,B,G,A,A,H,-,A,A,0,,Y,,,Y,,A,01,0,0,1,0,0,0,1,0,0,"- ","- ",,,"SAN DIEGO","CHULA VISTA",-117.03050047000001,32.607280619999997
6153860,2013,2014-02-25,3702,2013-04-27,1259,CV1031,,6,5,6,3702,0,0,0,,0,014,"N 2ND AV","BAYVIEW WY",877.00,N,N,A,-,N,,,,,,,,,,N,2,0,1,1,A,-,03,22350,,N,H,I,A,A,H,-,A,D,0,,Y,,,Y,,L,04,1,0,0,0,0,0,1,0,0,"- ","- ",,,"SAN DIEGO","CHULA VISTA",-117.08195670000001,32.656898200000001
6153866,2013,2014-02-26,3702,2013-05-29,2209,CV0980,,3,5,6,3702,0,0,0,,0,023,"MAIN ST","SYCAMORE DR",129.00,E,N,B,-,N,,,,,,,,,,N,3,0,1,2,A,-,05,21202,A,F,G,G,A,A,H,-,D,D,0,,Y,,,Y,,L,04,0,1,0,0,0,0,1,0,0,"- ","- ",,,"SAN DIEGO","CHULA VISTA",-117.0464745,32.594698700000002
6156730,2013,2014-03-17,3702,2013-07-25,1535,CV1065,,4,5,6,3702,0,0,0,,0,032,"EASTLAKE PKWY","FENTON ST",5.00,W,N,A,-,N,,,,,,,,,,N,3,0,1,2,A,-,05,21650,1,N,A,G,A,A,H,-,A,D,0,,Y,,,Y,,L,04,0,1,0,0,0,0,1,0,0,"- ","- ",,,"SAN DIEGO","CHULA VISTA",-116.9663676,32.650787600000001
6156750,2013,2014-03-17,3702,2013-07-23,1620,CV1018,,2,5,6,3702,0,0,0,,0,032,"OTAY LAKES RD","EASTLAKE PKWY",750.00,W,N,A,-,N,,,,,,,,,,N,4,0,2,3,A,-,10,21950,A,F,G,B,C,A,H,-,A,A,0,Y,,,,Y,,-,"- ",0,0,2,0,2,0,0,0,0,"- ","- ",,,"SAN DIEGO","CHULA VISTA",-116.9676722,32.647437600000003
6156758,2013,2014-03-17,3702,2013-07-12,0950,CV0972,,5,5,6,3702,0,0,0,,0,014,BROADWAY,"E ST",75.00,N,N,A,-,N,,,,,,,,,,N,3,0,1,2,A,-,11,21954,A,F,G,B,E,A,H,-,A,A,0,Y,,,,Y,Y,N,60,0,1,0,0,1,0,0,0,0,"- ","- ",,,"SAN DIEGO","CHULA VISTA",-117.09360239999999,32.641491299999998
6156766,2013,2014-03-17,3702,2013-07-02,1738,CV1026,,2,5,6,3702,0,0,0,,0,021,"STELLA ST","BAY BL",300.00,E,N,A,-,N,,,,,,,,,,N,2,0,1,1,A,-,03,22350,,N,H,A,A,A,H,-,A,D,0,,Y,,,Y,,L,04,1,0,0,0,0,0,1,0,0,"- ","- ",,,"SAN DIEGO","CHULA VISTA",-117.09143760000001,32.6035696
6187133,2013,2014-03-19,3702,2013-08-01,1652,CV0548,,4,5,6,3702,0,0,0,,0,014,"4TH AV","C ST",338.00,S,N,A,-,N,,,,,,,,,,N,4,0,1,2,A,-,11,21954,A,N,G,B,D,A,H,-,A,D,0,Y,,,,Y,Y,N,60,0,0,1,0,1,0,0,0,0,"- ","- ",,,"SAN DIEGO","CHULA VISTA",-117.08767709999999,32.649656100000001
6187254,2013,2014-03-17,3702,2013-07-30,0725,410,,2,5,6,3702,0,0,0,,0,013,"J ST","5TH AV",0.00,,Y,A,-,N,,,,,,,,,,N,3,0,1,2,A,-,05,21202,A,N,D,G,A,A,H,-,A,A,0,,Y,,,Y,,L,04,0,1,0,0,0,0,1,0,0,"- ","- ",,,"SAN DIEGO","CHULA VISTA",-117.082672,32.625194800000003
6187258,2013,2014-03-27,3702,2013-07-31,1515,986,,3,5,6,3702,0,0,0,,0,031,"BONITA AV","WILLOW RD",420.00,E,N,A,-,N,,,,,,,,,,N,4,0,1,2,A,-,05,21650,1,N,D,G,A,A,H,-,A,D,0,,Y,,,Y,,L,04,0,0,1,0,0,0,1,0,0,"- ","- ",,,"SAN DIEGO","CHULA VISTA",-117.0397,32.6586748
6194779,2013,2014-03-29,3702,2013-08-08,1815,CV1056,,4,5,6,3702,0,0,0,,0,031,"N RANCHO DEL REY PKWY","CALLE FLORICITA",0.00,,Y,A,-,N,,,,,,,,,,N,3,0,1,2,A,-,09,21801,A,F,D,G,A,A,H,-,A,D,0,,Y,,,Y,,A,01,0,1,0,0,0,0,1,0,0,"- ","- ",,,"SAN DIEGO","CHULA VISTA",-117.013622,32.6474349
6194783,2013,2014-03-29,3702,2013-08-03,1115,CV0972,,6,5,6,3702,0,0,0,,0,012,"H ST",WOODLAWN,8.00,E,N,A,-,N,,,,,,,,,,N,2,0,1,2,A,-,05,21650,1,N,A,G,A,A,H,-,A,A,0,,Y,,,Y,,L,04,1,0,0,0,0,0,1,0,0,"- ","- ",,,"SAN DIEGO","CHULA VISTA",-117.09386720000001,32.6296514
6194787,2013,2014-03-29,3702,2013-08-19,1913,CV0816,,1,5,6,3702,0,0,0,,0,023,"1ST AV",OXFORD,89.00,N,N,A,-,N,,,,,,,,,,N,3,0,1,2,A,-,11,21950,B,N,G,B,D,A,H,-,A,A,0,Y,,,,Y,,N,60,0,1,0,0,1,0,0,0,0,"- ","- ",,,"SAN DIEGO","CHULA VISTA",-117.05970499999999,32.612745400000001
6195759,2013,2014-03-17,3702,2013-07-30,0700,CV0938,,2,5,6,3702,0,0,0,,0,032,"EASTLAKE PKWY","GREENSGATE DR",3.00,S,N,A,-,N,,,,,,,,,,N,4,0,1,2,A,-,21,22106,,N,A,G,A,A,H,-,A,A,0,,Y,,,Y,,A,01,0,0,1,0,0,0,1,0,0,"- ","- ",,,"SAN DIEGO","CHULA VISTA",-116.96584660000001,32.644847599999999
6215030,2013,2014-04-10,3702,2013-08-30,0720,CV1069,,5,5,6,3702,0,0,0,,0,013,"5TH AV","K ST",6.00,S,N,A,-,N,,,,,,,,,,N,3,0,1,2,A,-,09,21801,A,N,D,G,A,A,H,-,A,A,0,,Y,,,Y,,D,22,0,1,0,0,0,0,1,0,0,"- ","- ",,,"SAN DIEGO","CHULA VISTA",-117.08132569999999,32.621729199999997
6215432,2013,2014-04-10,3702,2013-09-04,1731,CV0815,,3,5,6,3702,0,0,0,,0,014,"2ND AV","I ST",0.00,,Y,A,-,N,,,,,,,,,,N,3,0,1,2,D,-,00,,,N,D,G,A,A,H,-,A,A,0,,Y,,,Y,,-,"- ",0,1,0,0,0,0,1,0,0,"- ","- ",,,"SAN DIEGO","CHULA VISTA",-117.07179189999999,32.632074899999999
6215436,2013,2014-04-10,3702,2013-09-11,1446,CV1025,,3,5,6,3702,0,0,0,,0,021,"4TH AV","ORANGE AV",6.00,S,N,A,-,N,,,,,,,,,,N,4,0,1,2,A,-,10,21950,A,N,G,B,B,A,H,-,A,A,0,Y,,,,Y,,A,01,0,0,1,0,1,0,0,0,0,"- ","- ",,,"SAN DIEGO","CHULA VISTA",-117.0692208,32.602238300000003
6215440,2013,2014-04-10,3702,2013-09-23,1448,CV0604,,1,5,6,3702,0,0,0,,0,013,"ALVARADO ST","3RD AV",200.00,E,N,A,-,N,,,,,,,,,,N,3,0,1,2,A,-,09,21804,A,N,D,G,A,A,H,-,A,A,0,,Y,,,Y,,L,04,0,1,0,0,0,0,1,0,0,"- ","- ",,,"SAN DIEGO","CHULA VISTA",-117.0771189,32.635860999999998
6216210,2013,2014-04-02,3702,2013-08-28,1800,CV0681,,3,5,6,3702,0,0,0,,0,011,"E ST","WOODLAWN AV",0.00,,Y,A,-,N,,,,,,,,,,N,3,0,1,2,A,-,08,22107,,N,D,G,A,A,H,-,A,A,0,,Y,,,Y,,A,01,0,1,0,0,0,0,1,0,0,"- ","- ",,,"SAN DIEGO","CHULA VISTA",-117.0976019,32.640154799999998
6216214,2013,2014-04-02,3702,2013-08-26,1845,CV0681,,1,5,6,3702,0,0,0,,0,011,"5TH AV","D ST",0.00,,Y,A,-,N,,,,,,,,,,N,4,0,1,2,A,-,21,22106,,N,D,G,A,A,H,-,B,D,0,,Y,,,Y,,A,01,0,0,1,0,0,0,1,0,0,"- ","- ",,,"SAN DIEGO","CHULA VISTA",-117.0907519,32.6459148
6216230,2013,2014-04-02,3702,2013-08-30,2233,CV0787,,5,5,6,3702,0,0,0,,0,031,"HIDDEN VISTA DR","KRISTA CT",348.00,S,N,A,-,N,,,,,,,,,,Y,3,0,1,2,A,-,17,21663,,N,G,B,F,A,H,-,C,D,0,Y,,,,Y,,A,01,0,1,0,0,1,0,0,0,0,"- ","- ",,,"SAN DIEGO","CHULA VISTA",-117.0480656,32.641919199999997
6216472,2013,2014-03-18,3702,2013-07-30,2029,CV0743,,2,5,6,3702,0,0,0,,0,011,BROADWAY,"DAVIDSON ST",14.00,S,N,A,-,N,,,,,,,,,,N,4,0,1,2,A,-,11,21954,A,N,G,B,D,A,H,-,E,D,0,Y,,,,Y,,N,60,0,0,1,0,1,0,0,0,0,"- ","- ",,,"SAN DIEGO","CHULA VISTA",-117.0928284,32.6395482
6218987,2013,2014-04-10,3702,2013-09-09,1130,CV0669,,1,5,6,3702,0,0,0,,0,021,"BROADWAY AV","PALOMAR ST",105.00,S,N,A,-,N,,,,,,,,,,N,4,0,1,2,A,-,10,21952,,N,G,B,F,A,H,-,A,D,0,Y,,,,Y,,D,22,0,0,1,0,1,0,0,0,0,"- ","- ",,,"SAN DIEGO","CHULA VISTA",-117.0786258,32.603041500000003
6218991,2013,2014-04-10,3702,2013-09-09,0422,CV0815,,1,5,6,3702,0,0,0,,0,012,BROADWAY,"I ST",315.00,N,N,A,-,N,,,,,,,,,,N,4,0,1,2,A,-,21,22106,,N,G,B,D,A,H,-,A,A,0,Y,,,,Y,,D,22,0,0,1,0,1,0,0,0,0,"- ","- ",,,"SAN DIEGO","CHULA VISTA",-117.0884453,32.628323000000002
6219389,2013,2014-04-09,3702,2013-09-10,1955,CV681,,2,5,6,3702,0,0,0,,0,012,"H ST","SMITH  AV",0.00,,Y,A,-,N,,,,,,,,,,N,3,0,1,2,A,-,05,21650,,N,D,G,A,B,H,-,C,D,0,,Y,,,Y,,L,04,0,1,0,0,0,0,1,0,0,"- ","- ",,,"SAN DIEGO","CHULA VISTA",-117.08746189999999,32.6314949
6219409,2013,2014-04-09,3702,2013-09-11,1315,CV0833,,3,5,6,3702,0,0,0,,0,011,"OAKLAWN AV","FLOWER ST",30.00,N,N,A,-,N,,,,,,,,,,N,3,0,1,2,A,-,05,21650,,N,A,G,A,A,H,-,A,D,0,,Y,,,Y,,L,04,0,1,0,0,0,0,1,0,0,"- ","- ",,,"SAN DIEGO","CHULA VISTA",-117.09724199999999,32.642262899999999
6219417,2013,2014-04-09,3702,2013-09-12,2103,CV0815,,4,5,6,3702,0,0,0,,0,014,"LAS FLORES AV","D ST",57.00,N,N,A,-,N,,,,,,,,,,N,3,0,1,2,A,-,03,22350,,N,C,G,A,A,H,-,C,A,0,,Y,,,Y,,L,04,0,1,0,0,0,0,1,0,0,"- ","- ",,,"SAN DIEGO","CHULA VISTA",-117.07677305,32.648397680000002
6219425,2013,2014-04-09,3702,2013-09-09,0710,CV0720,,1,5,6,3702,0,0,0,,0,013,"4TH AV","H ST",55.00,S,N,A,-,N,,,,,,,,,,N,3,0,1,2,A,-,05,21650,,N,D,G,A,A,H,-,A,D,0,,Y,,,Y,,L,04,0,1,0,0,0,0,1,0,0,"- ","- ",,,"SAN DIEGO","CHULA VISTA",-117.08124840000001,32.633091100000001
6219439,2013,2014-04-09,3702,2013-09-16,0848,CV0604,,1,5,6,3702,0,0,0,,0,032,"OLYMPIC PKWY","TOWN CENTER PKWY",6.00,W,N,A,-,N,,,,,,,,,,N,3,0,2,3,A,-,11,21950,B,N,G,B,B,A,H,-,A,A,0,Y,,,,Y,,N,60,0,1,1,0,2,0,0,0,0,"- ","- ",,,"SAN DIEGO","CHULA VISTA",-116.96748375999999,32.628590719999998
6219464,2013,2014-04-10,3702,2013-09-16,1937,CV1026,,1,5,6,3702,0,0,0,,0,021,"PALOMAR ST","INDUSTRIAL BL",0.00,,Y,A,-,N,,,,,,,,,,N,3,0,1,2,A,-,12,21457,A,N,D,G,A,A,H,-,C,B,0,,Y,,,Y,,L,04,0,1,0,0,0,0,1,0,0,"- ","- ",,,"SAN DIEGO","CHULA VISTA",-117.085632,32.603904900000003
6252097,2013,2014-04-23,3702,2013-09-12,1507,CV1033,,4,5,6,3702,0,0,0,,0,023,"MAIN ST","SYCAMORE DR",75.00,W,N,A,-,N,,,,,,,,,,N,3,0,1,2,A,-,21,22106,,N,G,B,F,A,H,-,A,D,0,Y,,,,Y,,D,22,0,1,0,0,1,0,0,0,0,"- ","- ",,,"SAN DIEGO","CHULA VISTA",-117.0471345,32.5946912
6254082,2013,2014-04-17,3702,2013-09-25,1911,CV1026,,3,5,6,3702,0,0,0,,0,021,"INDUSTRIAL BL","ADA ST",0.00,,Y,B,-,N,,,,,,,,,,N,3,0,1,2,A,-,11,21954,A,N,G,B,D,A,H,-,C,D,0,Y,,,,Y,Y,N,60,0,1,0,0,1,0,0,0,0,"- ","- ",,,"SAN DIEGO","CHULA VISTA",-117.08490190000001,32.602044800000002
6254308,2013,2014-04-26,3702,2013-10-07,2205,CV1017,,1,5,6,3702,0,0,0,,0,012,"H ST","OAKLAWN AV",0.00,,Y,A,-,N,,,,,,,,,,N,4,0,1,2,A,-,10,21950,A,M,G,B,B,A,H,-,C,D,0,Y,,,,Y,,N,60,0,0,1,0,1,0,0,0,0,"- ","- ",,,"SAN DIEGO","CHULA VISTA",-117.09262200000001,32.630004800000002
6266427,2013,2014-04-30,3702,2013-10-31,0940,CV0833,,4,5,6,3702,0,0,0,,0,011,BROADWAY,"DAVIDSON ST",252.00,N,N,A,-,N,,,,,,,,,,N,3,0,1,2,A,-,05,21202,A,N,D,G,A,A,H,-,A,D,0,,Y,,,Y,,L,04,0,1,0,0,0,0,1,0,0,"- ","- ",,,"SAN DIEGO","CHULA VISTA",-117.0931023,32.6402389
6266513,2013,2014-04-29,3702,2013-10-23,0702,CV0974,,3,5,6,3702,0,0,0,,0,032,"EASTLAKE PKWY","TRINIDAD COVE",470.00,N,N,A,-,N,,,,,,,,,,N,4,0,1,2,A,-,10,21950,A,N,G,B,C,A,H,-,A,A,0,Y,,,,Y,,A,07,0,0,1,0,1,0,0,0,0,"- ","- ",,,"SAN DIEGO","CHULA VISTA",-116.96699630000001,32.637227899999999
6267119,2013,2014-04-15,3702,2013-09-27,2024,CV0986,,5,5,6,3702,0,0,0,,0,031,"EAST H ST","BUENA VISTA WY",20.00,W,N,A,-,N,,,,,,,,,,N,2,0,2,3,A,-,11,21955,,N,G,B,D,A,H,-,C,A,0,Y,,,,Y,,N,60,2,0,0,0,2,0,0,0,0,"- ","- ",,,"SAN DIEGO","CHULA VISTA",-117.00588260000001,32.641390700000002
6268445,2013,2014-04-30,3702,2013-10-11,0805,CV0925,,5,5,6,3702,0,0,0,,0,021,"PALOMAR ST","5TH AV",0.00,,Y,A,-,N,,,,,,,,,,N,3,0,1,2,A,-,10,21950,A,N,G,B,B,A,H,-,A,A,0,Y,,,,Y,,D,22,0,1,0,0,1,0,0,0,0,"- ","- ",,,"SAN DIEGO","CHULA VISTA",-117.0746019,32.604504800000001
6268449,2013,2014-04-30,3702,2013-10-25,0814,CV0820,,5,5,6,3702,0,0,0,,0,022,"QUINTARD ST","3RD AV",213.00,E,N,A,-,N,,,,,,,,,,N,3,0,1,2,A,-,03,22350,,N,G,B,D,A,H,-,A,D,0,Y,,,,Y,,D,22,0,1,0,0,1,0,0,0,0,"- ","- ",,,"SAN DIEGO","CHULA VISTA",-117.06442680000001,32.603506199999998
6290405,2014,2015-12-21,9645,2014-01-31,2052,19678,,5,2,6,3702,0,1,1,,2,009,"RT 805","PALOMAR ST",1060.00,S,N,A,-,Y,SD,11,805,-,-,4.860,H,-,S,Y,1,1,0,2,A,-,11,21954,A,N,G,B,E,A,D,-,C,D,1,Y,,,,Y,Y,N,60,0,0,0,1,0,0,0,0,0,"- ","- ",32.613190000000003,-117.03752,"SAN DIEGO","CHULA VISTA",-117.03717195999999,32.612115490000001
6290469,2014,2015-12-21,3702,2014-02-19,2209,CV0986,,3,5,6,3702,0,0,0,,0,014,"RT 805","BONITA RD",0.00,,Y,A,-,Y,SD,11,805,-,-,8.035,R,1,S,N,1,1,0,2,A,-,17,21200,,N,H,G,A,A,H,-,C,A,0,,Y,,,Y,Y,L,04,0,0,0,0,0,1,0,0,0,SF,"- ",,,"SAN DIEGO","CHULA VISTA",-117.06492354,32.64968331
6291060,2014,2014-08-13,3702,2014-03-03,1611,CV0695,,1,5,6,3702,0,0,0,,0,014,"EAST J ST","DENNIS AV",20.00,W,N,A,-,N,,,,,,,,,,Y,1,1,1,2,A,-,01,23153,A,N,H,G,A,A,H,-,A,D,0,,Y,,,Y,,A,01,1,0,0,0,0,1,0,0,0,"- ","- ",,,"SAN DIEGO","CHULA VISTA",-117.05680194999999,32.632454090000003
6291097,2014,2015-12-21,9645,2014-02-22,0050,19676,,6,3,6,3702,0,1,1,,2,001,"RT 5","L ST",1000.00,N,N,A,-,Y,SD,11,5,-,-,7.000,H,-,N,Y,1,1,0,2,A,-,11,21954,A,N,G,B,E,A,H,-,C,D,1,Y,,,,Y,Y,N,60,0,0,0,1,0,0,0,0,0,"- ","- ",32.61748,-117.09125,"SAN DIEGO","CHULA VISTA",-117.09153357,32.617977879999998
6292707,2015,2015-09-30,3702,2015-05-27,2218,CV0986,,3,5,6,3702,0,0,0,,0,011,"E ST","WOODLAWN AV",259.00,E,N,A,-,N,,,,,,,,,,Y,1,1,0,2,A,-,11,21954,A,N,G,B,D,A,H,-,C,D,0,Y,,,,Y,,N,60,0,0,0,1,0,0,0,0,0,"- ","- ",,,"SAN DIEGO","CHULA VISTA",-117.09678460000001,32.640414370000002
6292788,2015,2016-04-21,3702,2015-08-30,2029,CV0777,,7,5,6,3702,0,0,0,,0,011,"C ST","4TH AV",612.00,W,N,A,-,N,,,,,,,,,,Y,1,1,2,4,A,-,01,23153,B,N,B,E,E,A,H,-,C,D,0,Y,,,,Y,Y,D,22,0,1,1,0,1,0,0,0,0,"- ","- ",,,"SAN DIEGO","CHULA VISTA",-117.08987376,32.650010649999999
6292789,2015,2016-04-26,3702,2015-10-24,0223,CV0604,,6,5,6,3702,0,0,0,,0,031,"TELEGRAPH CANYON RD","RT 805",93.00,E,N,A,-,Y,SD,11,805,-,-,5.847,R,4,N,N,1,1,0,2,A,-,11,21954,A,F,G,B,E,A,H,-,C,A,0,Y,,,,Y,Y,N,60,0,0,0,1,0,0,0,0,0,"- ",NF,,,"SAN DIEGO","CHULA VISTA",-117.04217468,32.625811370000001
6295088,2013,2014-05-16,3702,2013-11-03,0440,CV0856,,7,5,6,3702,0,0,0,,0,023,"L ST","2ND AV",453.00,E,N,A,-,N,,,,,,,,,,N,2,0,1,2,A,-,11,21956,,N,G,B,E,A,H,-,C,D,0,Y,,,,Y,Y,N,60,1,0,0,0,1,0,0,0,0,"- ","- ",,,"SAN DIEGO","CHULA VISTA",-117.0665317,32.622549100000001
6313860,2013,2014-05-21,3702,2013-11-04,1322,CV0409,,1,5,6,3702,0,0,0,,0,012,BROADWAY,"I ST",531.00,N,N,A,-,N,,,,,,,,,,N,3,0,1,2,A,-,08,22107,,N,B,E,A,A,H,-,A,D,0,,Y,,,Y,,L,04,0,1,0,0,0,0,1,0,0,"- ","- ",,,"SAN DIEGO","CHULA VISTA",-117.0886671,32.628884100000001
6313868,2013,2014-05-21,3702,2013-11-08,0750,CV0925,,5,5,6,3702,0,0,0,,0,022,"PALOMAR DR","3RD AV",528.00,W,N,A,-,N,,,,,,,,,,N,4,0,1,2,A,-,21,22106,,N,B,B,D,A,H,-,A,D,0,Y,,,,Y,,A,01,0,0,1,0,1,0,0,0,0,"- ","- ",,,"SAN DIEGO","CHULA VISTA",-117.0680452,32.606333499999998