CASE_ID,ACCIDENT_YEAR,PROC_DATE,JURIS,COLLISION_DATE,COLLISION_TIME,OFFICER_ID,REPORTING_DISTRICT,DAY_OF_WEEK,CHP_SHIFT,POPULATION,CNTY_CITY_LOC,SPECIAL_COND,BEAT_TYPE,CHP_BEAT_TYPE,CITY_DIVISION_LAPD,CHP_BEAT_CLASS,BEAT_NUMBER,PRIMARY_RD,SECONDARY_RD,DISTANCE,DIRECTION,INTERSECTION,WEATHER_1,WEATHER_2,STATE_HWY_IND,CALTRANS_COUNTY,CALTRANS_DISTRICT,STATE_ROUTE,ROUTE_SUFFIX,POSTMILE_PREFIX,POSTMILE,LOCATION_TYPE,RAMP_INTERSECTION,SIDE_OF_HWY,TOW_AWAY,COLLISION_SEVERITY,NUMBER_KILLED,NUMBER_INJURED,PARTY_COUNT,PRIMARY_COLL_FACTOR,PCF_CODE_OF_VIOL,PCF_VIOL_CATEGORY,PCF_VIOLATION,PCF_VIOL_SUBSECTION,HIT_AND_RUN,TYPE_OF_COLLISION,MVIW,PED_ACTION,ROAD_SURFACE,ROAD_COND_1,ROAD_COND_2,LIGHTING,CONTROL_DEVICE,CHP_ROAD_TYPE,PEDESTRIAN_ACCIDENT,BICYCLE_ACCIDENT,MOTORCYCLE_ACCIDENT,TRUCK_ACCIDENT,NOT_PRIVATE_PROPERTY,ALCOHOL_INVOLVED,STWD_VEHTYPE_AT_FAULT,CHP_VEHTYPE_AT_FAULT,COUNT_SEVERE_INJ,COUNT_VISIBLE_INJ,COUNT_COMPLAINT_PAIN,COUNT_PED_KILLED,COUNT_PED_INJURED,COUNT_BICYCLIST_KILLED,COUNT_BICYCLIST_INJURED,COUNT_MC_KILLED,COUNT_MC_INJURED,PRIMARY_RAMP,SECONDARY_RAMP,LATITUDE,LONGITUDE,COUNTY,CITY,POINT_X,POINT_Y
6313872,2013,2014-05-21,3702,2013-11-08,1337,CV0847,,5,5,6,3702,0,0,0,,0,022,"OXFORD ST","5TH AV",0.00,,Y,A,-,N,,,,,,,,,,Y,3,0,1,2,A,-,10,21950,A,N,A,B,B,A,H,-,A,A,0,Y,,,,Y,,A,01,0,1,0,0,1,0,0,0,0,"- ","- ",,,"SAN DIEGO","CHULA VISTA",-117.0759319,32.607964899999999
6313880,2013,2014-05-21,3702,2013-11-13,0719,CV0604,,3,5,6,3702,0,0,0,,0,032,"SANTA CAROLINA","SANTA CHRISTINA",36.00,E,N,A,-,N,,,,,,,,,,N,4,0,1,2,A,-,10,21950,A,N,G,B,B,A,D,-,A,A,0,Y,,,,Y,,A,01,0,0,1,0,1,0,0,0,0,"- ","- ",,,"SAN DIEGO","CHULA VISTA",-116.99584453999999,32.614372000000003
6313916,2013,2014-05-21,3702,2013-11-14,1320,CV0652,,4,5,6,3702,0,0,0,,0,023,"HILLTOP DR","E NAPLES",4.00,S,N,A,-,N,,,,,,,,,,N,4,0,1,2,A,-,10,21950,A,N,D,G,A,A,H,-,A,A,0,,Y,,,Y,,A,01,0,0,1,0,0,0,1,0,0,"- ","- ",,,"SAN DIEGO","CHULA VISTA",-117.0568978,32.617084400000003
6314485,2013,2014-05-27,3702,2013-12-06,1850,CV0767,,5,5,6,3702,0,0,0,,0,012,"PARK WY",BROADWAY,465.00,E,N,A,-,N,,,,,,,,,,N,3,0,1,2,A,-,08,22107,,N,C,E,A,A,H,-,C,D,0,,Y,,,Y,,L,04,0,1,0,0,0,0,1,0,0,"- ","- ",,,"SAN DIEGO","CHULA VISTA",-117.0897432,32.635665899999999
6328692,2013,2014-05-21,3702,2013-11-24,0149,CV0998,,7,5,6,3702,0,0,0,,0,013,"3RD AV","KEARNEY ST",138.00,S,N,A,-,N,,,,,,,,,,N,3,0,1,2,A,-,03,22350,,F,G,B,D,A,H,-,C,D,0,Y,,,,Y,Y,A,01,0,1,0,0,1,0,0,0,0,"- ","- ",,,"SAN DIEGO","CHULA VISTA",-117.07371019999999,32.625406300000002
6328712,2013,2014-05-21,3702,2013-11-29,1541,1316693,,5,5,6,3702,0,0,0,,0,032,"OTAY LAKES RD","EASTLAKE PKWY",9.00,W,N,B,-,N,,,,,,,,,,N,3,0,1,2,A,-,05,21202,A,N,D,G,A,A,H,-,A,A,0,,Y,,,Y,,L,04,0,1,0,0,0,0,1,0,0,"- ","- ",,,"SAN DIEGO","CHULA VISTA",-116.965498,32.648293899999999
6328716,2013,2014-05-21,3702,2013-11-30,1615,CV0767,,6,5,6,3702,0,0,0,,0,014,"BONITA RD","RT 805",100.00,W,N,A,-,Y,SD,11,805,-,-,7.955,R,4,N,N,3,0,1,2,A,-,05,21202,A,F,B,G,A,A,H,-,A,D,0,,Y,,,Y,Y,L,04,0,1,0,0,0,0,1,0,0,"- ",NO,,,"SAN DIEGO","CHULA VISTA",-117.06564179999999,32.650274799999998
6335064,2013,2014-05-16,3702,2013-11-08,0829,CV0604,,5,5,6,3702,0,0,0,,0,012,"I ST",BROADWAY,0.00,,Y,A,-,N,,,,,,,,,,N,2,0,1,2,A,-,12,21453,A,N,G,B,B,A,H,-,C,A,0,Y,,,,Y,,N,60,1,0,0,0,1,0,0,0,0,"- ","- ",,,"SAN DIEGO","CHULA VISTA",-117.088122,32.627504799999997
6336240,2013,2014-06-04,3702,2013-12-28,1922,CV0998,,6,5,6,3702,0,0,0,,0,011,BROADWAY,"F ST",0.00,,Y,A,-,N,,,,,,,,,,N,4,0,1,2,A,-,10,21950,A,M,G,B,B,A,H,-,C,A,0,Y,,,,Y,,A,01,0,0,1,0,1,0,0,0,0,"- ","- ",,,"SAN DIEGO","CHULA VISTA",-117.0921819,32.637854799999999
6341474,2013,2014-05-17,3702,2013-12-05,1430,CV0682,,4,5,6,3702,0,0,0,,0,032,"BONITA RD","ALLEN SCHOOL RD",300.00,E,N,B,-,N,,,,,,,,,,N,4,0,1,2,A,-,11,21955,,N,G,B,D,A,H,-,A,D,0,Y,,,,Y,,N,60,0,0,1,0,1,0,0,0,0,"- ","- ",,,"SAN DIEGO","CHULA VISTA",-117.0356305,32.660720599999998
6341482,2013,2014-05-17,3702,2013-12-03,2230,CV0804,,2,5,6,3702,0,0,0,,0,021,"PALOMAR ST","W FRONTAGE ST",12.00,W,N,C,-,N,,,,,,,,,,Y,2,0,1,2,A,-,11,21954,A,N,G,B,D,B,H,-,D,D,0,Y,,,,Y,,N,60,1,0,0,0,1,0,0,0,0,"- ","- ",,,"SAN DIEGO","CHULA VISTA",-117.08803994,32.60417005
6341498,2013,2014-05-17,3702,2013-12-10,1710,CV0923,,2,5,6,3702,0,0,0,,0,021,"ANITA ST","JAYKEN WY",210.00,W,N,A,-,N,,,,,,,,,,N,4,0,1,2,A,-,08,22107,,N,C,G,A,A,H,-,C,D,0,,Y,,,Y,,L,04,0,0,1,0,0,0,1,0,0,"- ","- ",,,"SAN DIEGO","CHULA VISTA",-117.0820214,32.598484800000001
6341510,2013,2014-05-17,3702,2013-12-09,1716,CV1026,,1,5,6,3702,0,0,0,,0,021,"MAIN ST",BROADWAY,4.00,W,N,B,-,N,,,,,,,,,,N,2,0,1,2,A,-,11,21954,A,N,G,B,E,A,H,-,C,A,0,Y,,,,Y,,N,60,1,0,0,0,1,0,0,0,0,"- ","- ",,,"SAN DIEGO","CHULA VISTA",-117.0752748,32.5947648
6341514,2013,2014-05-17,3702,2013-12-06,1222,CV0820,,5,5,6,3702,0,0,0,,0,013,"J ST","EAST PARK LN",4.00,W,N,A,-,N,,,,,,,,,,N,4,0,1,2,A,-,05,21202,A,N,D,G,A,A,H,-,A,D,0,,Y,,,Y,,L,04,0,0,1,0,0,0,1,0,0,"- ","- ",,,"SAN DIEGO","CHULA VISTA",-117.0862242,32.624201399999997
6375922,2014,2014-06-04,3702,2014-01-08,1402,CV0669,,3,5,6,3702,0,0,0,,0,023,"EAST ORANGE AV","E ORANGE AV 181",40.00,E,N,A,-,N,,,,,,,,,,N,3,0,2,3,A,-,05,21650,1,N,B,G,A,A,H,-,A,A,0,,Y,,,Y,,L,04,0,1,1,0,0,0,2,0,0,"- ","- ",,,"SAN DIEGO","CHULA VISTA",,
6375926,2014,2014-06-04,3702,2014-01-07,1739,CV1026,,2,5,6,3702,0,0,0,,0,023,"EAST NAPLES ST","MELROSE AV",0.00,,Y,A,-,N,,,,,,,,,,N,4,0,1,2,A,-,11,21954,A,N,G,B,D,A,H,-,C,D,0,Y,,,,Y,,N,60,0,0,1,0,1,0,0,0,0,"- ","- ",,,"SAN DIEGO","CHULA VISTA",-117.04668004,32.620030030000002
6375937,2014,2014-06-04,3702,2014-01-27,0708,CV0986,,1,5,6,3702,0,0,0,,0,031,"EAST H ST","BARON PL",0.00,,Y,A,-,N,,,,,,,,,,N,4,0,1,2,A,-,16,26708,A,N,G,B,B,A,H,-,A,A,0,Y,,,,Y,,A,07,0,0,1,0,1,0,0,0,0,"- ","- ",,,"SAN DIEGO","CHULA VISTA",,
6375973,2014,2014-06-04,3702,2014-01-18,1400,CV0975,,6,5,6,3702,0,0,0,,0,012,BROADWAY,"H ST",350.00,S,N,A,-,N,,,,,,,,,,N,4,0,1,2,A,-,05,21650,1,N,D,G,A,A,H,-,A,D,0,,Y,,,Y,,L,04,0,0,1,0,0,0,1,0,0,"- ","- ",,,"SAN DIEGO","CHULA VISTA",-117.08910036,32.630051090000002
6375981,2014,2014-06-04,3702,2014-01-06,0534,CV1083,,1,5,6,3702,0,0,0,,0,032,"MOONLIGHT TRAIL DR","PARADISE TRAIL",192.00,S,N,A,-,N,,,,,,,,,,Y,2,0,1,2,A,-,10,21954,B,N,G,B,E,A,H,-,C,D,0,Y,,,,Y,,A,01,1,0,0,0,1,0,0,0,0,"- ","- ",,,"SAN DIEGO","CHULA VISTA",-116.95069416,32.645784650000003
6375989,2014,2014-06-04,3702,2014-01-03,1315,CV0928,,5,5,6,3702,0,0,0,,0,013,"3RD AV","I ST",100.00,S,N,A,-,N,,,,,,,,,,N,3,0,1,2,A,-,17,21208,A,N,D,G,A,A,H,-,A,D,0,,Y,,,Y,,L,04,0,1,0,0,0,0,1,0,0,"- ","- ",,,"SAN DIEGO","CHULA VISTA",-117.07573773,32.630670119999998
6375993,2014,2014-06-04,3702,2014-01-04,1738,CV0553,,6,5,6,3702,0,0,0,,0,021,BROADWAY,"ANITA ST",18.00,N,N,A,-,N,,,,,,,,,,N,4,0,1,2,A,-,11,21950,B,N,G,B,B,A,H,-,C,A,0,Y,,,,Y,,N,60,0,0,1,0,1,0,0,0,0,"- ","- ",,,"SAN DIEGO","CHULA VISTA",-117.07683821000001,32.598516830000001
6385767,2014,2014-06-06,3702,2014-01-02,1600,CV1017,,4,5,6,3702,0,0,0,,0,024,"E NAPLES","OLEANDER AV",50.00,W,N,A,-,N,,,,,,,,,,N,3,0,1,2,A,-,01,23153,A,N,G,B,E,A,H,-,A,D,0,Y,,,,Y,Y,-,,0,1,0,0,1,0,0,0,0,"- ","- ",,,"SAN DIEGO","CHULA VISTA",-117.03713303000001,32.622705459999999
6385795,2014,2014-06-06,3702,2014-01-11,1010,CV0975,,6,5,6,3702,0,0,0,,0,013,"PARK WY","GARRETT WY",9.00,W,N,A,-,N,,,,,,,,,,N,3,0,1,2,A,-,05,21202,A,N,B,G,A,A,H,-,A,D,0,,Y,,,Y,,L,04,0,1,0,0,0,0,1,0,0,"- ","- ",,,"SAN DIEGO","CHULA VISTA",-117.08095752,32.638171909999997
6399094,2014,2014-07-01,3702,2014-02-13,1207,CV0673,,4,5,6,3702,0,0,0,,0,021,BROADWAY,"MOSS ST",260.00,S,N,A,-,N,,,,,,,,,,N,4,0,1,2,A,-,05,21202,A,N,D,G,A,A,H,-,A,D,0,,Y,,,Y,,L,04,0,0,1,0,0,0,1,0,0,"- ","- ",,,"SAN DIEGO","CHULA VISTA",-117.08251438000001,32.613004240000002
6399138,2014,2014-06-19,3702,2014-02-04,0711,CV1031,,2,5,6,3702,0,0,0,,0,024,"OLYMPIC PKWY","HERITAGE RD",1343.00,W,N,B,-,N,,,,,,,,,,N,4,0,1,1,A,-,03,22350,,N,F,A,A,B,H,-,A,D,0,,Y,,,Y,,L,04,0,0,1,0,0,0,1,0,0,"- ","- ",,,"SAN DIEGO","CHULA VISTA",-117.00608998,32.615592659999997
6399146,2014,2014-06-19,3702,2014-02-02,2240,CV1053,,7,5,6,3702,0,0,0,,0,021,"PALOMAR ST","PALOMAR TROLLEY CENTER DR",0.00,W,N,B,-,N,,,,,,,,,,N,2,0,1,2,A,-,10,21950,A,F,G,B,B,A,H,-,C,A,0,Y,,,,Y,,A,08,1,0,0,0,1,0,0,0,0,"- ","- ",,,"SAN DIEGO","CHULA VISTA",-117.08143741000001,32.603433449999997
6401640,2014,2014-06-09,3702,2014-02-01,1346,CV0756,,6,5,6,3702,0,0,0,,0,022,"MAIN ST","7TH ST",2.00,W,N,A,-,N,,,,,,,,,,N,2,0,1,2,A,-,03,22350,,F,B,G,A,A,H,-,A,A,0,,Y,,,Y,,-,,1,0,0,0,0,0,1,0,0,"- ","- ",,,"SAN DIEGO","CHULA VISTA",-117.07109570999999,32.594780479999997
6404882,2014,2015-11-16,3702,2014-02-25,1231,CV0986,,2,5,6,3702,0,0,0,,0,031,"RT 805","EAST H ST",0.00,,Y,A,-,Y,SD,11,805,-,-,7.151,R,1,S,N,4,0,1,2,A,-,10,21950,A,N,G,B,B,A,H,-,A,A,0,Y,,,,Y,,D,22,0,0,1,0,1,0,0,0,0,SF,"- ",,,"SAN DIEGO","CHULA VISTA",-117.05547663999999,32.640353619999999
6404914,2014,2014-06-25,3702,2014-03-05,1859,CV0881,,3,5,6,3702,0,0,0,,0,023,"MELROSE AV","EAST QUINTARD ST",4.00,W,N,A,-,N,,,,,,,,,,N,4,0,1,2,A,-,10,21950,A,N,G,B,B,A,H,-,C,D,0,Y,,,,Y,,D,22,0,0,1,0,1,0,0,0,0,"- ","- ",,,"SAN DIEGO","CHULA VISTA",-117.04322959,32.610497359999997
6412801,2013,2014-05-29,3702,2013-12-12,1053,CV0777,,4,5,6,3702,0,0,0,,0,013,"3RD AV","J ST",341.00,S,N,A,-,N,,,,,,,,,,Y,4,0,1,2,A,-,08,22107,,N,D,G,A,A,H,-,A,D,0,,Y,,,Y,,L,04,0,0,1,0,0,0,1,0,0,"- ","- ",,,"SAN DIEGO","CHULA VISTA",-117.0741835,32.626608500000003
6424993,2014,2014-06-10,3702,2014-01-25,1823,CV1053,,6,5,6,3702,0,0,0,,0,021,"ADA ST","FRONTAGE RD",318.00,E,N,A,-,N,,,,,,,,,,N,4,0,1,2,A,-,09,21804,A,N,G,G,A,A,H,-,D,D,0,,Y,,,Y,,L,04,0,0,1,0,0,0,1,0,0,"- ","- ",,,"SAN DIEGO","CHULA VISTA",-117.09023999999999,32.602559999999997
6424995,2014,2014-06-10,3702,2014-01-25,0755,CV1090,,6,5,6,3702,0,0,0,,0,023,"QUINTARD ST","TOBIAS DR",0.00,,Y,A,-,N,,,,,,,,,,N,3,0,1,2,A,-,05,21202,A,N,D,G,A,A,H,-,A,A,0,,Y,,,Y,,L,04,0,1,0,0,0,0,1,0,0,"- ","- ",,,"SAN DIEGO","CHULA VISTA",-117.05484004,32.60616005
6457824,2014,2014-07-10,3702,2014-04-18,1452,CV0991,,5,5,6,3702,0,0,0,,0,032,"BONITA RD","WILLOW ST",187.00,E,N,A,-,N,,,,,,,,,,N,3,0,1,2,A,-,06,21750,,N,B,G,A,A,H,-,A,D,0,,Y,,,Y,,M,47,0,1,0,0,0,0,1,0,0,"- ","- ",,,"SAN DIEGO","CHULA VISTA",-117.04032479,32.65832228
6457828,2014,2014-07-10,3702,2014-04-12,1205,CV847,,6,5,6,3702,0,0,0,,0,023,"EAST PALOMAR","HILLTOP DR",15.00,E,N,A,-,N,,,,,,,,,,N,3,0,1,2,A,-,12,21453,A,N,D,G,A,A,H,-,A,A,0,,Y,,,Y,,L,04,0,1,0,0,0,0,1,0,0,"- ","- ",,,"SAN DIEGO","CHULA VISTA",-117.05983404,32.624883230000002
6458006,2014,2014-07-09,3702,2014-03-14,0900,CV0969,,5,5,6,3702,0,0,0,,0,031,"TELEGRAPH CANYON RD","PASEO LADERA",1200.00,E,N,A,-,N,,,,,,,,,,N,4,0,1,1,A,-,05,21202,A,N,E,I,A,A,H,-,A,A,0,,Y,,,Y,,L,04,0,0,1,0,0,0,1,0,0,"- ","- ",,,"SAN DIEGO","CHULA VISTA",-117.01673162,32.623570899999997
6458018,2014,2014-07-09,3702,2014-03-25,0654,CV0669,,2,5,6,3702,0,0,0,,0,024,"CALISTOGA AV","RUTHERFORD ST",55.00,N,N,B,-,N,,,,,,,,,,N,4,0,1,2,A,-,21,22106,,N,G,B,F,A,H,-,A,D,0,Y,,,,Y,,A,01,0,0,1,0,1,0,0,0,0,"- ","- ",,,"SAN DIEGO","CHULA VISTA",-116.99953941,32.625184320000002
6458026,2014,2014-07-09,3702,2014-03-28,1033,CV0974,,5,5,6,3702,0,0,0,,0,031,"RANCHO DEL REY PKWY","BUENA VISTA WY",300.00,N,N,A,-,N,,,,,,,,,,N,3,0,1,2,A,-,09,21804,A,N,G,B,D,A,H,-,A,D,0,Y,,,,Y,,A,01,0,1,0,0,1,0,0,0,0,"- ","- ",,,"SAN DIEGO","CHULA VISTA",-117.01079550999999,32.644414560000001
6458034,2014,2014-07-09,3702,2014-03-27,1330,CV0977,,4,5,6,3702,0,0,0,,0,012,"GLOVER AV","E ST",231.00,N,N,A,-,N,,,,,,,,,,N,3,0,1,2,A,-,11,21954,A,N,G,B,D,A,H,-,A,D,0,Y,,,,Y,,N,60,0,1,0,0,1,0,0,0,0,"- ","- ",,,"SAN DIEGO","CHULA VISTA",-117.08448314,32.644523900000003
6465186,2014,2014-07-08,3702,2014-03-12,1623,CV1006,,3,5,6,3702,0,0,0,,0,024,"OLYMPIC PKWY","SANTA VENETIA",600.00,W,N,A,-,N,,,,,,,,,,Y,3,0,1,2,A,-,12,21453,A,N,G,B,B,A,H,-,A,A,0,Y,,,,Y,,D,22,0,1,0,0,1,0,0,0,0,"- ","- ",,,"SAN DIEGO","CHULA VISTA",-116.99143601999999,32.62210134
6465526,2014,2014-06-21,3702,2014-02-22,2105,CV0986,,6,5,6,3702,0,0,0,,0,024,"EAST PALOMAR ST","SANTA RITA",243.00,E,N,A,-,N,,,,,,,,,,N,2,0,1,2,A,-,10,21950,A,F,G,B,B,A,H,-,C,A,0,Y,,,,Y,,A,01,1,0,0,0,1,0,0,0,0,"- ","- ",,,"SAN DIEGO","CHULA VISTA",-116.99805875,32.623407110000002
6465555,2014,2014-07-07,3702,2014-03-13,1931,CV0921,,4,5,6,3702,0,0,0,,0,011,"E ST","WOODLAWN AV",1500.00,W,N,A,-,N,,,,,,,,,,N,4,0,1,2,A,-,11,21955,,N,G,B,D,A,H,-,C,A,0,Y,,,,Y,,N,60,0,0,1,0,1,0,0,0,0,"- ","- ",,,"SAN DIEGO","CHULA VISTA",-117.10159,32.639620000000001
6465559,2014,2014-07-07,3702,2014-03-15,1534,CV1091,,6,5,6,3702,0,0,0,,0,012,BROADWAY,"G ST",0.00,,Y,A,-,N,,,,,,,,,,N,3,0,1,2,A,-,11,21950,B,N,G,B,B,A,H,-,A,A,0,Y,,,,Y,,N,60,0,1,0,0,1,0,0,0,0,"- ","- ",,,"SAN DIEGO","CHULA VISTA",-117.09081006,32.634410010000003
6465567,2014,2014-07-07,3702,2014-03-28,1644,CV1040,,5,5,6,3702,0,0,0,,0,012,"H ST",WOODLAWN,276.00,W,N,A,-,N,,,,,,,,,,N,4,0,1,2,A,-,11,21955,,N,G,B,D,A,H,-,A,D,0,Y,,Y,,Y,,N,60,0,0,1,0,1,0,0,0,0,"- ","- ",,,"SAN DIEGO","CHULA VISTA",-117.09475583,32.629476859999997
6483972,2014,2014-07-25,3702,2014-05-02,2130,CV0982,,5,5,6,3702,0,0,0,,0,013,BROADWAY,"J ST",27.00,S,N,A,-,N,,,,,,,,,,N,3,0,1,2,A,-,11,21950,B,N,G,B,D,A,H,-,C,A,0,Y,,,,Y,,N,60,0,1,0,0,1,0,0,0,0,"- ","- ",,,"SAN DIEGO","CHULA VISTA",-117.08673245,32.623959810000002
6483984,2014,2014-07-15,3702,2014-04-11,1955,CV0980,,5,5,6,3702,0,0,0,,0,021,"PALOMAR ST",BROADWAY,0.00,,Y,A,-,N,,,,,,,,,,N,4,0,1,2,A,-,12,21453,A,N,D,G,A,A,H,-,C,A,0,,Y,,Y,Y,,L,04,0,0,1,0,0,0,1,0,0,"- ","- ",,,"SAN DIEGO","CHULA VISTA",-117.07876001,32.603420020000002
6513661,2014,2015-03-18,9645,2014-06-01,0050,20265,,7,3,6,3702,0,1,1,,2,009,"TELEGRAPH CANYON RD","RT 805",238.00,W,N,A,-,Y,SD,11,805,-,-,6.243,R,1,S,N,2,0,1,2,A,-,12,21453,A,N,D,G,A,A,H,-,C,A,1,,Y,,,Y,,A,08,1,0,0,0,0,0,1,0,0,FR,"- ",32.629109999999997,-117.04491,"SAN DIEGO","CHULA VISTA",-117.04495368000001,32.631127239999998
6524727,2014,2014-07-17,3702,2014-04-21,1748,CV1033,,1,5,6,3702,0,0,0,,0,021,"PALOMAR ST",BROADWAY,230.00,W,N,A,-,N,,,,,,,,,,N,4,0,1,2,A,-,10,21950,A,M,G,B,B,A,H,-,A,A,0,Y,,,,Y,,A,01,0,0,1,0,1,0,0,0,0,"- ","- ",,,"SAN DIEGO","CHULA VISTA",-117.07949806000001,32.60340429
6524732,2014,2014-07-18,3702,2014-04-30,1920,CV1056,,3,5,6,3702,0,0,0,,0,032,"S GREENSVIEW DR","CLUBHOUSE DR",0.00,,Y,A,-,N,,,,,,,,,,N,4,0,1,2,A,-,12,21453,A,N,D,G,A,A,H,-,B,A,0,,Y,,,Y,,L,04,0,0,1,0,0,0,1,0,0,"- ","- ",,,"SAN DIEGO","CHULA VISTA",-116.96419006000001,32.640630059999999
6524753,2014,2014-08-06,3702,2014-05-05,1015,CV1081,,1,5,6,3702,0,0,0,,0,013,"4TH AV","L ST",2.00,N,N,A,-,N,,,,,,,,,,N,3,0,1,2,A,-,09,21804,A,N,D,G,A,A,H,-,A,A,0,,Y,,,Y,,L,04,0,1,0,0,0,0,1,0,0,"- ","- ",,,"SAN DIEGO","CHULA VISTA",-117.07590205,32.619455199999997
6524761,2014,2014-08-06,3702,2014-05-08,1330,CV1042,,4,5,6,3702,0,0,0,,0,012,BROADWAY,CURBLINE,10.00,W,N,A,-,N,,,,,,,,,,N,4,0,1,2,A,-,11,21954,A,N,G,B,F,A,H,-,A,D,0,Y,,,,Y,,N,60,0,0,1,0,1,0,0,0,0,"- ","- ",,,"SAN DIEGO","CHULA VISTA",,
6524773,2014,2014-08-06,3702,2014-05-12,1327,CV0673,,1,5,6,3702,0,0,0,,0,023,"MAX AV","ORANGE AV",0.00,,Y,A,-,N,,,,,,,,,,N,4,0,1,2,A,-,10,21950,A,N,G,B,B,A,H,-,A,A,0,Y,,,,Y,,A,08,0,0,1,0,1,0,0,0,0,"- ","- ",,,"SAN DIEGO","CHULA VISTA",-117.04446009999999,32.601880049999998
6524795,2014,2014-07-17,3702,2014-04-24,1600,CV0896,,4,5,6,3702,0,0,0,,0,011,"FLOWER ST","CEDAR AV",0.00,,Y,A,-,N,,,,,,,,,,N,3,0,1,2,A,-,03,22350,,F,G,B,B,A,H,-,A,D,0,Y,,,,Y,,-,99,0,1,0,0,1,0,0,0,0,"- ","- ",,,"SAN DIEGO","CHULA VISTA",-117.09121011000001,32.643860099999998
6524801,2014,2014-08-06,3702,2014-05-08,1336,CV0847,,4,5,6,3702,0,0,0,,0,021,"BROADWAY AV","MOSS ST",0.00,,Y,A,-,N,,,,,,,,,,N,4,0,1,2,A,-,10,21950,A,N,G,B,B,A,H,-,A,A,0,Y,,,,Y,,A,01,0,0,1,0,1,0,0,0,0,"- ","- ",,,"SAN DIEGO","CHULA VISTA",-117.08278000999999,32.613680019999997
6524805,2014,2014-08-06,3702,2014-05-10,1035,CV0847,,6,5,6,3702,0,0,0,,0,021,"PALOMAR ST","INDUSTRIAL BL",200.00,E,N,A,-,N,,,,,,,,,,N,4,0,1,2,A,-,08,22107,,N,D,G,A,A,H,-,A,A,0,,Y,,,Y,,L,04,0,0,1,0,0,0,1,0,0,"- ","- ",,,"SAN DIEGO","CHULA VISTA",-117.0849661,32.603875189999997
6524857,2014,2014-08-06,3702,2014-05-23,1454,CV1032,,5,5,6,3702,0,0,0,,0,014,"EASTJ ST","CLAIRE AV",15.00,W,N,A,-,N,,,,,,,,,,N,4,0,1,2,A,-,11,21950,B,N,G,B,B,A,H,-,A,D,0,Y,,,,Y,,N,60,0,0,1,0,1,0,0,0,0,"- ","- ",,,"SAN DIEGO","CHULA VISTA",-117.05960958999999,32.631635690000003
6524862,2014,2014-08-06,3702,2014-05-04,1018,CV1032,,7,5,6,3702,0,0,0,,0,021,BROADWAY,"NAPLES ST",428.00,S,N,A,-,N,,,,,,,,,,N,4,0,1,2,D,-,00,,,N,D,G,A,A,H,-,A,D,0,,Y,,,Y,,-,"- ",0,0,1,0,0,0,1,0,0,"- ","- ",,,"SAN DIEGO","CHULA VISTA",-117.08099910999999,32.60911591
6524865,2014,2014-08-06,3702,2014-05-18,1622,CV1061,,7,5,6,3702,0,0,0,,0,032,"OTAY LAKES RD","LANE AV",0.00,,Y,A,-,N,,,,,,,,,,N,3,0,1,2,A,-,09,21800,A,N,D,G,A,A,H,-,A,A,0,,Y,,,Y,,A,01,0,1,0,0,0,0,1,0,0,"- ","- ",,,"SAN DIEGO","CHULA VISTA",-116.96117011,32.649660109999999
6524870,2014,2014-08-06,3702,2014-05-13,1305,CV0673,,2,5,6,3702,0,0,0,,0,022,"3RD AV","NAPLES ST",0.00,,Y,A,-,N,,,,,,,,,,Y,4,0,1,2,A,-,12,21453,A,N,D,G,A,A,H,-,A,A,0,,Y,,,Y,,L,04,0,0,1,0,0,0,1,0,0,"- ","- ",,,"SAN DIEGO","CHULA VISTA",-117.06909003,32.613680109999997
6526497,2014,2014-07-18,3702,2014-04-29,0735,CV0681,,2,5,6,3702,0,0,0,,0,031,"BUENA VISTA WY","DON CARLOS CT",122.00,S,N,A,-,N,,,,,,,,,,N,4,0,1,2,A,-,21,22106,,N,G,B,E,A,H,-,A,D,0,Y,,,,Y,,A,01,0,0,1,0,1,0,0,0,0,"- ","- ",,,"SAN DIEGO","CHULA VISTA",-117.00280841,32.63771251
6526501,2014,2014-07-18,3702,2014-04-27,1355,CV0986,,7,5,6,3702,0,0,0,,0,021,BROADWAY,"OXFORD ST",0.00,,Y,A,-,N,,,,,,,,,,N,4,0,1,2,A,-,11,21456,B,N,G,B,B,A,H,-,A,A,0,Y,,,,Y,,N,60,0,0,1,0,1,0,0,0,0,"- ","- ",,,"SAN DIEGO","CHULA VISTA",-117.08006005,32.606740029999997
6526521,2014,2014-07-18,3702,2014-04-04,1519,CV1094,,5,5,6,3702,0,0,0,,0,012,BROADWAY,"VANCE ST",85.00,N,N,A,-,N,,,,,,,,,,N,4,0,1,2,A,-,05,21650,1,N,D,G,A,A,H,-,A,D,0,,Y,,,Y,,L,04,0,0,1,0,0,0,1,0,0,"- ","- ",,,"SAN DIEGO","CHULA VISTA",-117.09055293999999,32.633721999999999