CASE_ID,ACCIDENT_YEAR,PROC_DATE,JURIS,COLLISION_DATE,COLLISION_TIME,OFFICER_ID,REPORTING_DISTRICT,DAY_OF_WEEK,CHP_SHIFT,POPULATION,CNTY_CITY_LOC,SPECIAL_COND,BEAT_TYPE,CHP_BEAT_TYPE,CITY_DIVISION_LAPD,CHP_BEAT_CLASS,BEAT_NUMBER,PRIMARY_RD,SECONDARY_RD,DISTANCE,DIRECTION,INTERSECTION,WEATHER_1,WEATHER_2,STATE_HWY_IND,CALTRANS_COUNTY,CALTRANS_DISTRICT,STATE_ROUTE,ROUTE_SUFFIX,POSTMILE_PREFIX,POSTMILE,LOCATION_TYPE,RAMP_INTERSECTION,SIDE_OF_HWY,TOW_AWAY,COLLISION_SEVERITY,NUMBER_KILLED,NUMBER_INJURED,PARTY_COUNT,PRIMARY_COLL_FACTOR,PCF_CODE_OF_VIOL,PCF_VIOL_CATEGORY,PCF_VIOLATION,PCF_VIOL_SUBSECTION,HIT_AND_RUN,TYPE_OF_COLLISION,MVIW,PED_ACTION,ROAD_SURFACE,ROAD_COND_1,ROAD_COND_2,LIGHTING,CONTROL_DEVICE,CHP_ROAD_TYPE,PEDESTRIAN_ACCIDENT,BICYCLE_ACCIDENT,MOTORCYCLE_ACCIDENT,TRUCK_ACCIDENT,NOT_PRIVATE_PROPERTY,ALCOHOL_INVOLVED,STWD_VEHTYPE_AT_FAULT,CHP_VEHTYPE_AT_FAULT,COUNT_SEVERE_INJ,COUNT_VISIBLE_INJ,COUNT_COMPLAINT_PAIN,COUNT_PED_KILLED,COUNT_PED_INJURED,COUNT_BICYCLIST_KILLED,COUNT_BICYCLIST_INJURED,COUNT_MC_KILLED,COUNT_MC_INJURED,PRIMARY_RAMP,SECONDARY_RAMP,LATITUDE,LONGITUDE,COUNTY,CITY,POINT_X,POINT_Y
6526541,2014,2014-07-18,3702,2014-04-03,1006,CV0673,,4,5,6,3702,0,0,0,,0,021,BROADWAY,"OXFORD ST",27.00,S,N,A,-,N,,,,,,,,,,N,4,0,1,2,A,-,10,21954,B,N,G,B,D,A,H,-,A,A,0,Y,,,,Y,,A,01,0,0,1,0,1,0,0,0,0,"- ","- ",,,"SAN DIEGO","CHULA VISTA",-117.08003399,32.606669400000001
6530455,2014,2014-08-06,3702,2014-05-16,2130,CV1083,,5,5,6,3702,0,0,0,,0,023,NAPLES,"VISTA WAY",8.00,W,N,A,-,N,,,,,,,,,,N,4,0,1,2,A,-,11,21954,A,N,G,B,D,A,H,-,E,D,0,Y,,,,Y,,N,60,0,0,1,0,1,0,0,0,0,"- ","- ",,,"SAN DIEGO","CHULA VISTA",-117.05790469,32.616783419999997
6530459,2014,2014-08-06,3702,2014-05-16,0725,CV1106,,5,5,6,3702,0,0,0,,0,011,"N BROADWAY","W 35TH ST",12.00,N,N,A,-,N,,,,,,,,,,N,3,0,1,2,A,-,08,22107,,N,D,G,A,A,H,-,A,A,0,,Y,,,Y,,A,01,0,1,0,0,0,0,1,0,0,"- ","- ",,,"SAN DIEGO","CHULA VISTA",-117.09692321,32.650300569999999
6539444,2014,2014-08-15,3702,2014-06-14,1958,CV0765,,6,5,6,3702,0,0,0,,0,021,"PALOMAR ST",BROADWAY,936.00,W,N,A,-,N,,,,,,,,,,N,4,0,1,2,A,-,12,22450,A,F,B,B,F,A,H,-,B,A,0,Y,,,,Y,,A,01,0,0,1,0,1,0,0,0,0,"- ","- ",,,"SAN DIEGO","CHULA VISTA",-117.08176982000001,32.603609370000001
6539476,2014,2014-08-15,3702,2014-06-06,2300,CV0912,,5,5,6,3702,0,0,0,,0,022,"3RD AV","L ST",3.00,,N,A,-,N,,,,,,,,,,N,4,0,1,2,A,-,05,21650,1,N,A,G,A,A,H,-,C,A,0,,Y,,,Y,,A,01,0,0,1,0,0,0,1,0,0,"- ","- ",,,"SAN DIEGO","CHULA VISTA",-117.07178003999999,32.620600060000001
6539480,2014,2014-08-15,3702,2014-06-04,1635,CV1010,,3,5,6,3702,0,0,0,,0,012,BROADWAY,"H ST",375.00,S,N,A,-,N,,,,,,,,,,N,4,0,1,2,A,-,05,21202,A,N,D,G,A,A,H,-,A,D,0,,Y,,,Y,,L,04,0,0,1,0,0,0,1,0,0,"- ","- ",,,"SAN DIEGO","CHULA VISTA",-117.08907696,32.629985550000001
6539492,2014,2014-08-15,3702,2014-06-07,1338,CV1080,,6,5,6,3702,0,0,0,,0,024,"EAST PALOMAR ST","SANTA ALICIA AV",12.00,E,N,A,-,N,,,,,,,,,,N,4,0,1,2,A,-,11,21950,B,N,G,B,B,A,H,-,A,A,0,Y,,,,Y,,N,60,0,0,1,0,1,0,0,0,0,"- ","- ",,,"SAN DIEGO","CHULA VISTA",-116.99317463,32.62574489
6539515,2014,2014-08-15,3702,2014-06-16,0630,CV1115,,1,5,6,3702,0,0,0,,0,023,"EAST ORANGE AV","MELROSE AV",357.00,W,N,A,-,N,,,,,,,,,,N,4,0,1,2,A,-,08,22107,,N,D,G,A,A,H,-,A,D,0,,Y,,,Y,,A,01,0,0,1,0,0,0,1,0,0,"- ","- ",,,"SAN DIEGO","CHULA VISTA",-117.03994023,32.604191849999999
6546064,2014,2014-07-21,3702,2014-02-20,1910,CV0967,,4,5,6,3702,0,0,0,,0,023,"HILLTOP DR","JICAMA WY",291.00,N,N,A,-,N,,,,,,,,,,Y,2,0,2,2,A,-,10,21950,A,N,G,B,D,A,H,-,C,A,0,Y,,,,Y,,A,01,2,0,0,0,1,0,0,0,0,"- ","- ",,,"SAN DIEGO","CHULA VISTA",-117.05150999999999,32.602956509999999
6557805,2014,2014-08-13,3702,2014-06-26,1633,CV1081,,4,5,6,3702,0,0,0,,0,031,"KARRA CT","KILEY RD",45.00,S,N,A,-,N,,,,,,,,,,N,3,0,1,2,A,-,03,22350,,N,D,E,A,A,H,-,A,D,0,,Y,,,Y,,L,04,0,1,0,0,0,0,1,0,0,"- ","- ",,,"SAN DIEGO","CHULA VISTA",-117.04325535,32.640634509999998
6558804,2014,2014-08-22,3702,2014-07-02,1507,CV1012,,3,5,6,3702,0,0,0,,0,022,"3RD AV","PALOMAR ST",30.00,S,N,A,-,N,,,,,,,,,,N,3,0,1,2,A,-,03,22350,,N,D,G,A,A,H,-,A,A,0,,Y,,,Y,,L,04,0,1,0,0,0,0,1,0,0,"- ","- ",,,"SAN DIEGO","CHULA VISTA",-117.06635910999999,32.606722099999999
6577451,2014,2014-08-19,3702,2014-07-15,1449,CV0984,,2,5,6,3702,0,0,0,,0,021,"PALOMAR ST","INDUSTRIAL BL",222.00,E,N,A,-,N,,,,,,,,,,N,4,0,1,2,A,-,06,21754,,N,B,G,A,A,H,-,A,D,0,,Y,,,Y,,L,04,0,0,1,0,0,0,1,0,0,"- ","- ",,,"SAN DIEGO","CHULA VISTA",-117.08489535,32.603868429999999
6577471,2014,2014-08-22,3702,2014-07-11,1210,CV1033,,5,5,6,3702,0,0,0,,0,022,"PALOMAR ST","3RD AV",270.00,E,N,A,-,N,,,,,,,,,,N,3,0,1,2,A,-,11,21954,A,N,G,B,D,A,H,-,A,A,0,Y,,,,Y,,N,60,0,1,0,0,1,0,0,0,0,"- ","- ",,,"SAN DIEGO","CHULA VISTA",-117.06556058,32.60703256
6585938,2014,2014-08-18,3702,2014-07-19,1515,CV1004,,6,5,6,3702,0,0,0,,0,013,"K ST","3RD AV",12.00,W,N,A,-,N,,,,,,,,,,N,3,0,2,3,A,-,21,22106,,N,G,B,B,A,H,-,A,A,0,Y,,,,Y,,A,01,0,1,1,0,2,0,0,0,0,"- ","- ",,,"SAN DIEGO","CHULA VISTA",-117.07317697000001,32.624029919999998
6585942,2014,2014-08-18,3702,2014-07-09,0750,CV1105,,3,5,6,3702,0,0,0,,0,013,"J ST","BAY BL",0.00,,Y,A,-,N,,,,,,,,,,Y,3,0,1,2,A,-,09,21802,A,N,B,G,A,A,H,-,A,A,0,,Y,,,Y,,A,01,0,1,0,0,0,0,1,0,0,"- ","- ",,,"SAN DIEGO","CHULA VISTA",-117.09474003,32.621870020000003
6585989,2014,2014-08-18,3702,2014-07-12,0740,CV0928,,6,5,6,3702,0,0,0,,0,024,"TELEGRAPH CANYON RD","PASSEO LADERA",1884.00,E,N,A,-,N,,,,,,,,,,N,3,0,2,2,A,-,08,22107,,N,B,G,A,A,H,-,A,D,0,,Y,,,Y,,L,04,0,2,0,0,0,0,2,0,0,"- ","- ",,,"SAN DIEGO","CHULA VISTA",-117.0144859,32.623813749999997
6586009,2014,2014-08-18,3702,2014-07-30,1310,CV0662,,3,5,6,3702,0,0,0,,0,023,"E REINSTRA ST","HILLTOP DR",24.00,E,N,A,-,N,,,,,,,,,,N,3,0,1,2,A,-,09,21804,A,M,D,G,A,A,H,-,A,A,0,,Y,,,Y,,L,04,0,1,0,0,0,0,1,0,0,"- ","- ",,,"SAN DIEGO","CHULA VISTA",-117.05184738,32.604413289999997
6586017,2014,2014-08-18,3702,2014-07-28,0705,CV1005,,1,5,6,3702,0,0,0,,0,031,"EAST J ST","PASEO RANCHERO",528.00,E,N,A,-,N,,,,,,,,,,N,3,0,1,2,A,-,05,21202,A,N,D,G,A,A,H,-,A,D,0,,Y,,,Y,,L,04,0,1,0,0,0,0,1,0,0,"- ","- ",,,"SAN DIEGO","CHULA VISTA",-117.00839678,32.630692349999997
6586057,2014,2014-08-18,3702,2014-07-08,1255,CV0673,,2,5,6,3702,0,0,0,,0,021,"PALOMAR ST","ORANGE AV",0.00,,Y,A,-,N,,,,,,,,,,N,4,0,1,2,D,-,00,,,N,D,G,A,A,H,-,A,A,0,,Y,,,Y,,-,"- ",0,0,1,0,0,0,1,0,0,"- ","- ",,,"SAN DIEGO","CHULA VISTA",-117.07767006,32.603640110000001
6587833,2014,2014-09-03,3702,2014-06-19,1856,CV0534,,4,5,6,3702,0,0,0,,0,032,"OLYMPIC PKWY","WUESTE RD",120.00,E,N,A,-,N,,,,,,,,,,N,3,0,1,2,A,-,08,22107,,N,B,G,A,A,H,-,A,D,0,,Y,,,Y,,A,01,0,1,0,0,0,0,1,0,0,"- ","- ",,,"SAN DIEGO","CHULA VISTA",-116.93525,32.633299999999998
6592568,2014,2016-05-16,9645,2014-08-10,0912,018393,,7,1,6,3702,0,1,3,,2,031,"RT 125","WILEY RD",2640.00,S,N,A,-,Y,SD,11,125,-,L,2.440,H,-,N,N,3,0,1,1,A,-,03,22350,,N,E,J,A,A,H,-,A,D,1,,Y,,,Y,,L,04,0,1,0,0,0,0,1,0,0,"- ","- ",32.590220000000002,-116.96592,"SAN DIEGO","CHULA VISTA",-116.96556113,32.586386109999999
6611145,2014,2014-09-12,3702,2014-08-04,1618,CV0815,,1,5,6,3702,0,0,0,,0,013,BROADWAY,"SIERRA WY",65.00,S,N,A,-,N,,,,,,,,,,N,3,0,1,2,A,-,09,21802,B,N,D,G,A,A,H,-,A,A,0,,Y,,,Y,,D,22,0,1,0,0,0,0,1,0,0,"- ","- ",,,"SAN DIEGO","CHULA VISTA",-117.08467398000001,32.618680949999998
6611762,2014,2014-09-18,3702,2014-08-12,2007,CV0787,,2,5,6,3702,0,0,0,,0,032,"OLYMPIC PKWY","EASTLAKE PKWY",120.00,W,N,A,-,N,,,,,,,,,,N,3,0,1,2,A,-,11,21954,A,N,F,A,D,A,H,-,C,A,0,Y,,Y,,Y,Y,N,60,0,1,0,0,0,0,0,0,1,"- ","- ",,,"SAN DIEGO","CHULA VISTA",-116.96504168,32.627885300000003
6611774,2014,2014-09-18,3702,2014-08-08,1704,CV1053,,5,5,6,3702,0,0,0,,0,022,"FRESNO AV","TREMONT ST",180.00,S,N,A,-,N,,,,,,,,,,N,4,0,1,2,A,-,03,22350,,N,D,G,A,A,H,-,A,D,0,,Y,,,Y,,A,01,0,0,1,0,0,0,1,0,0,"- ","- ",,,"SAN DIEGO","CHULA VISTA",-117.06670465000001,32.597396979999999
6611786,2014,2014-09-18,3702,2014-08-19,2225,CV1010,,2,5,6,3702,0,0,0,,0,022,"3RD AV","ORANGE AV",0.00,,Y,A,-,N,,,,,,,,,,Y,4,0,1,2,A,-,10,21950,A,N,G,B,B,A,H,-,C,A,0,Y,,,,Y,,A,01,0,0,1,0,1,0,0,0,0,"- ","- ",,,"SAN DIEGO","CHULA VISTA",-117.06450009,32.601820119999999
6611798,2014,2014-09-18,3702,2014-08-07,1603,CV1006,,4,5,6,3702,0,0,0,,0,012,"G ST","WOODLAWN AV",162.00,E,N,A,-,N,,,,,,,,,,Y,3,0,1,2,A,-,08,22107,,N,D,G,A,A,H,-,A,D,0,,Y,,,Y,,L,04,0,1,0,0,0,0,1,0,0,"- ","- ",,,"SAN DIEGO","CHULA VISTA",-117.09475069,32.633305679999999
6611810,2014,2014-09-18,3702,2014-08-03,1650,CV0976,,7,5,6,3702,0,0,0,,0,013,"L ST",BROADWAY,0.00,,Y,C,-,N,,,,,,,,,,N,3,0,1,2,A,-,17,21451,A,N,A,G,A,B,H,-,A,A,0,,Y,,,Y,,A,01,0,1,0,0,0,0,1,0,0,"- ","- ",,,"SAN DIEGO","CHULA VISTA",-117.08408008000001,32.617160079999998
6611877,2014,2014-09-23,3702,2014-08-19,1212,CV1120,,2,5,6,3702,0,0,0,,0,032,"OTAY LAKES RD","TELEGRAPH CANYON RD",0.00,,Y,A,-,N,,,,,,,,,,N,3,0,1,2,A,-,12,21453,A,N,D,G,A,A,H,-,A,A,0,,Y,,,Y,,-,99,0,1,0,0,0,0,1,0,0,"- ","- ",,,"SAN DIEGO","CHULA VISTA",-116.99052011000001,32.638780089999997
6611897,2014,2014-09-23,3702,2014-08-02,1510,CV1053,,6,5,6,3702,0,0,0,,0,021,"PALOMAR ST","INDUSTRIAL BL",680.00,E,N,C,-,N,,,,,,,,,,N,4,0,1,2,A,-,21,22106,,N,D,G,A,B,H,-,A,A,0,,Y,,,Y,,A,01,0,0,1,0,0,0,1,0,0,"- ","- ",,,"SAN DIEGO","CHULA VISTA",-117.08342823,32.60371318
6611967,2014,2014-09-16,3702,2014-07-30,1449,CV0790,,3,5,6,3702,0,0,0,,0,031,"EAST J ST","PASEO RANCHERO",164.00,E,N,A,-,N,,,,,,,,,,N,4,0,1,2,A,-,11,21950,B,N,D,B,D,A,H,-,A,A,0,Y,,,,Y,,N,60,0,0,1,0,1,0,0,0,0,"- ","- ",,,"SAN DIEGO","CHULA VISTA",-117.00951559000001,32.630379910000002
6611971,2014,2014-09-16,3702,2014-07-23,2040,CV0815,,3,5,6,3702,0,0,0,,0,014,"EAST 30TH ST","L AV",0.00,,Y,A,-,N,,,,,,,,,,N,3,0,1,2,A,-,21,22106,,N,D,G,A,A,H,-,C,A,0,,Y,,,Y,,A,01,0,1,0,0,0,0,1,0,0,"- ","- ",,,"SAN DIEGO","CHULA VISTA",-117.08727002000001,32.660270060000002
6650749,2014,2014-10-23,3702,2014-09-26,2100,CV1083,,5,5,6,3702,0,0,0,,0,011,BROADWAY,"CHULA VISTA ST",21.00,N,N,A,-,N,,,,,,,,,,N,3,0,2,3,A,-,10,21950,A,N,G,B,B,A,H,-,C,D,0,Y,,,,Y,,A,01,0,1,1,0,2,0,0,0,0,"- ","- ",,,"SAN DIEGO","CHULA VISTA",-117.09537202999999,32.646144419999999
6650773,2014,2014-10-20,3702,2014-09-26,0841,CV1038,,5,5,6,3702,0,0,0,,0,031,"EAST H ST","BUENA VISTA WY",15.00,E,N,A,-,N,,,,,,,,,,N,4,0,1,2,A,-,10,21950,A,N,G,B,B,A,H,-,A,A,0,Y,,,,Y,,A,01,0,0,1,0,1,0,0,0,0,"- ","- ",,,"SAN DIEGO","CHULA VISTA",-117.00576979,32.641443029999998
6650789,2014,2014-10-20,3702,2014-09-23,1826,CV0921,,2,5,6,3702,0,0,0,,0,014,"EAST J ST","CLAIRE AV",0.00,,Y,A,-,N,,,,,,,,,,N,3,0,1,2,A,-,11,21950,B,N,G,B,B,A,H,-,B,D,0,Y,,,,Y,,N,60,0,1,0,0,1,0,0,0,0,"- ","- ",,,"SAN DIEGO","CHULA VISTA",-117.05955007,32.631660099999998
6650797,2014,2014-10-20,3702,2014-09-17,1825,CV1118,,3,5,6,3702,0,0,0,,0,022,PALOMAR,"TRANSIT CENTER DR",30.00,W,N,A,-,N,,,,,,,,,,N,3,0,1,2,A,-,05,21202,A,N,D,G,A,A,H,-,A,A,0,,Y,,,Y,,L,04,0,1,0,0,0,0,1,0,0,"- ","- ",,,"SAN DIEGO","CHULA VISTA",-117.08429128,32.603810039999999
6650803,2014,2014-10-23,3702,2014-09-12,1030,CV0975,,5,5,6,3702,0,0,0,,0,013,"3RD AV","K ST",70.00,S,N,A,-,N,,,,,,,,,,N,3,0,1,2,A,-,10,21952,,N,G,B,F,A,H,-,A,D,0,Y,,,,Y,,A,01,0,1,0,0,1,0,0,0,0,"- ","- ",,,"SAN DIEGO","CHULA VISTA",-117.07306762,32.623858310000003
6650804,2014,2014-10-23,3702,2014-09-24,1905,CV0921,,3,5,6,3702,0,0,0,,0,013,"L ST","ASH AV",0.00,,Y,A,-,N,,,,,,,,,,N,3,0,1,2,A,-,10,21950,A,F,G,B,B,A,H,-,C,D,0,Y,,,,Y,,-,99,0,1,0,0,1,0,0,0,0,"- ","- ",,,"SAN DIEGO","CHULA VISTA",-117.0829901,32.617470050000001
6650819,2014,2014-10-23,3702,2014-09-17,1701,CV0949,,3,5,6,3702,0,0,0,,0,014,"HILLTOP DR","I ST",0.00,,Y,A,-,N,,,,,,,,,,N,3,0,1,2,A,-,12,21453,A,N,D,G,A,A,H,-,A,A,0,,Y,,,Y,,A,01,0,1,0,0,0,0,1,0,0,"- ","- ",,,"SAN DIEGO","CHULA VISTA",-117.06363008,32.63435011
6650831,2014,2016-05-16,3702,2014-09-16,0725,CV1120,,2,5,6,3702,0,0,0,,0,014,"RT 125","BIRCH RD",12.00,N,N,A,-,Y,SD,11,125,-,-,2.240,R,3,N,Y,3,0,1,2,A,-,05,21650,1,N,D,G,A,A,H,-,A,A,0,,Y,,,Y,,L,04,0,1,0,0,0,0,1,0,0,NO,"- ",,,"SAN DIEGO","CHULA VISTA",-116.97117144000001,32.620013569999998
6650839,2014,2016-05-21,3702,2014-09-05,0630,CV1091,,5,5,6,3702,0,0,0,,0,011,"E ST","RT 5",0.00,,Y,A,-,Y,SD,11,5,-,-,8.423,R,1,N,N,4,0,1,2,A,-,10,21950,A,N,G,B,B,A,H,-,A,A,0,Y,,,,Y,,A,01,0,0,1,0,1,0,0,0,0,"- ",NF,,,"SAN DIEGO","CHULA VISTA",-117.09913289000001,32.637614399999997
6650880,2014,2014-12-09,3702,2014-09-10,1215,CV1101,,3,5,6,3702,0,0,0,,0,021,BROADWAY,"1232 BROADWAY",51.00,S,N,A,-,N,,,,,,,,,,N,3,0,1,2,A,-,11,21954,A,N,G,B,D,A,H,-,A,D,0,Y,,,,Y,,N,60,0,1,0,0,1,0,0,0,0,"- ","- ",,,"SAN DIEGO","CHULA VISTA",,
6651217,2014,2014-10-31,3702,2014-07-21,2306,CV0986,,1,5,6,3702,0,0,0,,0,012,"H ST","WOODLAWN AV",186.00,W,N,A,-,N,,,,,,,,,,Y,2,0,1,2,A,-,11,21954,A,N,B,B,D,A,H,-,C,D,0,Y,,,,Y,,N,60,1,0,0,0,1,0,0,0,0,"- ","- ",,,"SAN DIEGO","CHULA VISTA",-117.0944806,32.629557679999998
6651252,2014,2014-10-29,3702,2014-08-26,1616,CV1118,,2,5,6,3702,0,0,0,,0,021,"L ST","3RD AV",13.00,E,N,A,-,N,,,,,,,,,,N,4,0,1,2,D,-,00,,,N,G,B,B,A,H,-,A,A,0,Y,,,,Y,,-,"- ",0,0,1,0,1,0,0,0,0,"- ","- ",,,"SAN DIEGO","CHULA VISTA",-117.07173982,32.620610569999997
6651256,2014,2014-10-29,3702,2014-08-15,1134,CV0967,,5,5,6,3702,0,0,0,,0,014,"4TH AV","C ST",155.00,N,N,A,-,N,,,,,,,,,,Y,2,0,1,2,A,-,11,21954,A,N,G,B,D,A,H,-,A,D,0,Y,,,,Y,,N,60,1,0,0,0,1,0,0,0,0,"- ","- ",,,"SAN DIEGO","CHULA VISTA",-117.08799,32.650530000000003
6651276,2014,2014-10-29,3702,2014-08-29,1322,CV1080,,5,5,6,3702,0,0,0,,0,032,"HAWTHORNE CREEK DR","SADDLE CREEK RD",10.00,S,N,A,-,N,,,,,,,,,,N,3,0,1,2,A,-,11,21950,B,N,G,B,E,A,H,-,A,D,0,Y,,,,Y,,N,60,0,1,0,0,1,0,0,0,0,"- ","- ",,,"SAN DIEGO","CHULA VISTA",-116.94669396,32.648932170000002
6678010,2015,2016-01-29,3702,2015-08-27,0130,CV0967,,4,5,6,3702,0,0,0,,0,024,"HERITAGE RD","ENTERTAINMENT CIR",877.00,S,N,A,-,N,,,,,,,,,,N,1,1,0,2,D,-,00,,,F,G,B,E,A,H,-,C,D,0,Y,,,,Y,,-,"- ",0,0,0,1,0,0,0,0,0,"- ","- ",,,"SAN DIEGO","CHULA VISTA",-117.00333612999999,32.587500329999997
6716321,2014,2014-12-02,3702,2014-09-28,1540,CV0979,,7,5,6,3702,0,0,0,,0,011,"F ST","5TH AV",0.00,,Y,A,-,N,,,,,,,,,,Y,3,0,1,2,A,-,12,21453,A,N,D,G,A,A,H,-,A,A,0,,Y,,,Y,,L,04,0,1,0,0,0,0,1,0,0,"- ","- ",,,"SAN DIEGO","CHULA VISTA",-117.08805003000001,32.638990010000001
6716394,2014,2014-12-01,3702,2014-09-29,1530,CV0534,,1,5,6,3702,0,0,0,,0,013,"E ST","MINOT AV",0.00,,Y,A,-,N,,,,,,,,,,N,4,0,1,2,A,-,10,21950,A,N,G,B,B,A,H,-,A,D,0,Y,,,,Y,,A,01,0,0,1,0,1,0,0,0,0,"- ","- ",,,"SAN DIEGO","CHULA VISTA",-117.07475005000001,32.646570089999997
6716803,2014,2015-01-20,3702,2014-11-03,1045,CV1099,,1,5,6,3702,0,0,0,,0,021,"BAY BL","PALOMAR ST",438.00,N,N,A,-,N,,,,,,,,,,N,3,0,1,2,A,-,09,21804,B,N,D,G,A,A,H,-,A,D,0,,Y,,Y,Y,,L,04,0,1,0,0,0,0,1,0,0,"- ","- ",,,"SAN DIEGO","CHULA VISTA",-117.09226602,32.6057694
6716807,2014,2015-01-20,3702,2014-11-13,1530,CV1122,,4,5,6,3702,0,0,0,,0,012,"5TH AV","G ST",12.00,N,N,A,-,N,,,,,,,,,,N,4,0,1,2,A,-,10,21950,A,N,G,B,B,A,H,-,A,A,0,Y,,,,Y,,D,22,0,0,1,0,1,0,0,0,0,"- ","- ",,,"SAN DIEGO","CHULA VISTA",-117.08671252000001,32.635571120000002
6716810,2014,2015-01-05,3702,2014-10-21,1900,CV1006,,2,5,6,3702,0,0,0,,0,021,"MOSS ST",BROADWAY,6.00,E,N,A,-,N,,,,,,,,,,N,2,0,1,2,A,-,05,21650,1,N,D,G,A,A,H,-,C,A,0,,Y,,,Y,Y,L,04,1,0,0,0,0,0,1,0,0,"- ","- ",,,"SAN DIEGO","CHULA VISTA",-117.08276137999999,32.613684659999997
6716813,2014,2015-01-05,3702,2014-10-06,1336,CV0529,,1,5,6,3702,0,0,0,,0,023,"OLYMPIC PKWY","OLEANDER AV",0.00,,Y,A,-,N,,,,,,,,,,N,4,0,1,2,A,-,08,22107,,N,G,B,E,A,B,D,A,A,0,Y,,,,Y,,D,23,0,0,1,0,1,0,0,0,0,"- ","- ",,,"SAN DIEGO","CHULA VISTA",-117.03328009000001,32.606590109999999
6716922,2014,2015-01-09,3702,2014-11-07,1440,CV1091,,5,5,6,3702,0,0,0,,0,013,BROADWAY,"J ST",471.00,N,N,A,-,N,,,,,,,,,,N,4,0,1,2,A,-,09,21801,A,N,D,G,A,A,H,-,A,A,0,,Y,,,Y,,A,01,0,0,1,0,0,0,1,0,0,"- ","- ",,,"SAN DIEGO","CHULA VISTA",-117.08723068,32.625257120000001
6716923,2014,2015-01-09,3702,2014-11-08,0725,CV1038,,6,5,6,3702,0,0,0,,0,021,"MAIN ST","SILVAS ST",28.00,E,N,A,-,N,,,,,,,,,,N,3,0,1,1,A,-,03,22350,,N,H,J,A,A,A,-,A,D,0,,Y,,,Y,,L,04,0,1,0,0,0,0,1,0,0,"- ","- ",,,"SAN DIEGO","CHULA VISTA",-117.0769494,32.594789460000001
6718152,2014,2016-01-14,9645,2014-09-25,1956,180952,,4,2,6,3702,0,1,1,,2,001,"RT 5","H ST",1352.00,N,N,A,-,Y,SD,11,5,-,-,8.070,H,-,N,N,1,1,0,2,A,-,11,21954,A,N,G,B,E,A,H,-,C,D,1,Y,,,,Y,,N,60,0,0,0,1,0,0,0,0,0,"- ","- ",32.631540000000001,-117.09641999999999,"SAN DIEGO","CHULA VISTA",-117.09717025,32.632776399999997
6718448,2014,2014-12-11,3702,2014-08-17,2005,CV031,,7,5,6,3702,0,0,0,,0,011,"4TH AV","E ST",51.00,S,N,A,-,N,,,,,,,,,,Y,1,1,0,2,A,-,01,21200,5,N,H,G,A,A,H,-,C,A,0,,Y,,,Y,Y,L,04,0,0,0,0,0,1,0,0,0,"- ","- ",,,"SAN DIEGO","CHULA VISTA",-117.08526879999999,32.643487190000002
6718510,2014,2014-12-19,3702,2014-09-12,0649,CV0967,,5,5,6,3702,0,0,0,,0,021,"ANITA ST","JAYKEN WY",64.00,E,N,A,-,N,,,,,,,,,,Y,1,1,0,2,A,-,03,22350,,N,G,B,D,A,H,-,A,D,0,Y,,,,Y,,A,01,0,0,0,1,0,0,0,0,0,"- ","- ",,,"SAN DIEGO","CHULA VISTA",-117.0810929,32.598460000000003
6718513,2014,2016-01-13,3702,2014-09-05,1508,CV0967,,5,5,6,3702,0,0,0,,0,014,"HILLTOP DR","PALOMAR DR",78.00,S,N,A,-,N,,,,,,,,,,N,1,1,0,2,A,-,08,22107,,N,H,G,A,A,H,-,A,D,0,,Y,,,Y,,L,04,0,0,0,0,0,1,0,0,0,"- ","- ",,,"SAN DIEGO","CHULA VISTA",-117.05980169,32.62466689
6718665,2017,2018-03-01,3702,2017-10-29,0641,CV0986,,7,5,6,3702,0,0,0,,0,013,BROADWAY,"SIERRA WY",101.00,S,N,A,-,N,,,,,,,,,,Y,1,1,1,3,A,-,11,21954,A,N,G,B,D,A,H,-,C,D,0,Y,,,,Y,Y,A,01,0,1,0,1,0,0,0,0,0,"- ","- ",,,"SAN DIEGO","CHULA VISTA",-117.08463741,32.618587320000003
6718667,2017,2018-03-01,3702,2017-11-02,1120,CV1060,,4,5,6,3702,0,0,0,,0,024,"ENERGY WY","NIRVANA AV",388.00,E,N,A,-,N,,,,,,,,,,N,1,1,0,2,A,-,21,22106,,N,G,B,D,A,H,-,A,D,0,Y,,,,Y,,A,01,0,0,0,1,0,0,0,0,0,"- ","- ",,,"SAN DIEGO","CHULA VISTA",-117.01298522,32.596527279999997