CASE_ID,ACCIDENT_YEAR,PROC_DATE,JURIS,COLLISION_DATE,COLLISION_TIME,OFFICER_ID,REPORTING_DISTRICT,DAY_OF_WEEK,CHP_SHIFT,POPULATION,CNTY_CITY_LOC,SPECIAL_COND,BEAT_TYPE,CHP_BEAT_TYPE,CITY_DIVISION_LAPD,CHP_BEAT_CLASS,BEAT_NUMBER,PRIMARY_RD,SECONDARY_RD,DISTANCE,DIRECTION,INTERSECTION,WEATHER_1,WEATHER_2,STATE_HWY_IND,CALTRANS_COUNTY,CALTRANS_DISTRICT,STATE_ROUTE,ROUTE_SUFFIX,POSTMILE_PREFIX,POSTMILE,LOCATION_TYPE,RAMP_INTERSECTION,SIDE_OF_HWY,TOW_AWAY,COLLISION_SEVERITY,NUMBER_KILLED,NUMBER_INJURED,PARTY_COUNT,PRIMARY_COLL_FACTOR,PCF_CODE_OF_VIOL,PCF_VIOL_CATEGORY,PCF_VIOLATION,PCF_VIOL_SUBSECTION,HIT_AND_RUN,TYPE_OF_COLLISION,MVIW,PED_ACTION,ROAD_SURFACE,ROAD_COND_1,ROAD_COND_2,LIGHTING,CONTROL_DEVICE,CHP_ROAD_TYPE,PEDESTRIAN_ACCIDENT,BICYCLE_ACCIDENT,MOTORCYCLE_ACCIDENT,TRUCK_ACCIDENT,NOT_PRIVATE_PROPERTY,ALCOHOL_INVOLVED,STWD_VEHTYPE_AT_FAULT,CHP_VEHTYPE_AT_FAULT,COUNT_SEVERE_INJ,COUNT_VISIBLE_INJ,COUNT_COMPLAINT_PAIN,COUNT_PED_KILLED,COUNT_PED_INJURED,COUNT_BICYCLIST_KILLED,COUNT_BICYCLIST_INJURED,COUNT_MC_KILLED,COUNT_MC_INJURED,PRIMARY_RAMP,SECONDARY_RAMP,LATITUDE,LONGITUDE,COUNTY,CITY,POINT_X,POINT_Y
6718747,2017,2018-03-28,3702,2017-10-25,1522,CV0986,,3,5,6,3702,0,0,0,,0,042,"OTAY LAKES RD","LA MEDIA AV",89.00,E,N,A,-,N,,,,,,,,,,N,1,1,0,2,A,-,08,22107,,N,B,G,A,A,H,-,A,A,0,,Y,,,Y,,L,04,0,0,0,0,0,1,0,0,0,"- ","- ",,,"SAN DIEGO","CHULA VISTA",-116.98999602000001,32.638859619999998
6718762,2017,2019-04-08,3702,2017-12-29,1807,CV1060,,5,5,6,3702,0,0,0,,0,012,"F ST","WOODLAWN AV",58.00,W,N,A,-,N,,,,,,,,,,Y,1,1,0,2,A,-,11,21954,A,N,G,B,D,A,H,-,C,D,0,Y,,,,Y,,N,60,0,0,0,1,0,0,0,0,0,"- ","- ",,,"SAN DIEGO","CHULA VISTA",-117.09638871,32.63667126
6723297,2014,2015-01-06,3702,2014-10-29,1522,CV0991,,3,5,6,3702,0,0,0,,0,032,"CANYON DR","VIA HACIENDA",435.00,S,N,A,-,N,,,,,,,,,,N,3,0,1,2,A,-,11,21954,A,N,G,B,D,A,H,-,A,D,0,Y,,,,Y,,N,60,0,1,0,0,1,0,0,0,0,"- ","- ",,,"SAN DIEGO","CHULA VISTA",-117.00290680000001,32.647979290000002
6723301,2014,2015-01-05,3702,2014-10-30,0830,CV0506,,4,5,6,3702,0,0,0,,0,031,"BUENA VISTA WY","RANCHO DEL REY PKWY",7.00,E,N,A,-,N,,,,,,,,,,N,3,0,1,2,A,-,10,21950,A,N,G,B,B,A,H,-,A,A,0,Y,,,,Y,,A,01,0,1,0,0,1,0,0,0,0,"- ","- ",,,"SAN DIEGO","CHULA VISTA",-117.01064743000001,32.643598259999997
6723313,2014,2015-01-05,3702,2014-10-18,1040,CV1042,,6,5,6,3702,0,0,0,,0,042,"SANTA PAULA","TARUP CREEK",45.00,E,N,B,-,N,,,,,,,,,,N,2,0,1,2,A,-,11,21954,A,N,G,B,D,A,H,-,A,D,0,Y,,,,Y,,N,60,1,0,0,0,1,0,0,0,0,"- ","- ",,,"SAN DIEGO","CHULA VISTA",-116.97690684,32.637199940000002
6723321,2014,2015-01-05,3702,2014-10-28,1210,CV0974,,2,5,6,3702,0,0,0,,0,041,"HERITAGE RD","TELEGRAPH CANYON RD",12.00,S,N,A,-,N,,,,,,,,,,N,4,0,1,2,A,-,05,21202,A,N,D,G,A,A,H,-,A,A,0,,Y,,,Y,,L,04,0,0,1,0,0,0,1,0,0,"- ","- ",,,"SAN DIEGO","CHULA VISTA",-117.00809486999999,32.625369730000003
6723337,2014,2015-01-05,3702,2014-10-17,1949,CV1096,,5,5,6,3702,0,0,0,,0,012,"4TH AV","G ST",6.00,S,N,A,-,N,,,,,,,,,,N,4,0,1,2,A,-,05,21202,A,N,D,G,A,A,H,-,C,A,0,,Y,,,Y,,L,04,0,0,1,0,0,0,1,0,0,"- ","- ",,,"SAN DIEGO","CHULA VISTA",-117.082624,32.636654370000002
6726798,2014,2014-12-31,3702,2014-10-22,1120,CV0777,,3,5,6,3702,0,0,0,,0,042,"OLYMPIC PKWY","TOWN CENTER DR",1122.00,W,N,A,-,N,,,,,,,,,,N,3,0,1,1,A,-,03,22350,,N,E,J,A,A,C,-,A,D,0,,Y,,,Y,,L,04,0,1,0,0,0,0,1,0,0,"- ","- ",,,"SAN DIEGO","CHULA VISTA",-116.96977606,32.630931740000001
6731714,2014,2015-01-12,3702,2014-10-30,0620,CV1110,,4,5,6,3702,0,0,0,,0,014,"4TH AV","D ST",12.00,N,N,A,-,N,,,,,,,,,,N,4,0,2,3,A,-,10,21950,A,N,G,B,B,A,H,-,B,A,0,Y,,,Y,Y,,F,26,0,0,2,0,2,0,0,0,0,"- ","- ",,,"SAN DIEGO","CHULA VISTA",-117.08665207,32.647081239999999
6731925,2014,2015-01-23,3702,2014-11-20,1518,CV0923,,4,5,6,3702,0,0,0,,0,032,"EASTLAKE PKWY","EASTLAKE PKWY 970",9.00,N,N,A,-,N,,,,,,,,,,N,3,0,1,2,A,-,09,21804,A,N,D,G,A,A,H,-,A,D,0,,Y,,,Y,,A,07,0,1,0,0,0,0,1,0,0,"- ","- ",,,"SAN DIEGO","CHULA VISTA",-116.9659102,32.649065419999999
6731961,2014,2015-01-23,3702,2014-11-21,0600,CV1122,,5,5,6,3702,0,0,0,,0,013,"K ST","5TH AV",0.00,,Y,B,-,N,,,,,,,,,,N,2,0,1,2,A,-,11,21456,B,N,G,B,B,B,H,-,B,A,0,Y,,,,Y,,N,60,1,0,0,0,1,0,0,0,0,"- ","- ",,,"SAN DIEGO","CHULA VISTA",-117.08131001,32.62173001
6731969,2014,2015-01-23,3702,2014-11-19,1527,CV0991,,3,5,6,3702,0,0,0,,0,031,"BONITA RD","BILLY CASPER WAY",415.00,W,N,A,-,N,,,,,,,,,,N,3,0,1,2,A,-,08,22107,,N,C,G,A,A,H,-,A,D,0,,Y,,,Y,,A,01,0,1,0,0,0,0,1,0,0,"- ","- ",,,"SAN DIEGO","CHULA VISTA",-117.03510334000001,32.660721109999997
6731977,2014,2015-01-23,3702,2014-11-19,1730,CV1120,,3,5,6,3702,0,0,0,,0,021,"ORANGE AV","PALOMAR ST",366.00,S,N,A,-,N,,,,,,,,,,N,3,0,1,2,A,-,11,21954,A,F,G,B,D,A,H,-,D,D,0,Y,,,,Y,,N,60,0,1,0,0,1,0,0,0,0,"- ","- ",,,"SAN DIEGO","CHULA VISTA",-117.0767693,32.603075930000003
6731989,2014,2015-01-23,3702,2014-11-22,1344,CV1091,,6,5,6,3702,0,0,0,,0,014,"3RD AV","DAVIDSON ST",0.00,,Y,A,-,N,,,,,,,,,,N,3,0,1,2,A,-,10,21950,A,N,G,B,B,A,H,-,A,A,0,Y,,,,Y,,A,01,0,1,0,0,1,0,0,0,0,"- ","- ",,,"SAN DIEGO","CHULA VISTA",-117.08055007,32.642970089999999
6746180,2014,2014-12-22,3702,2014-08-23,0156,CV0986,,6,5,6,3702,0,0,0,,0,012,"H ST","WOODLAWN AV",123.00,E,N,A,-,N,,,,,,,,,,N,2,0,1,2,A,-,10,21950,A,F,G,B,B,A,H,-,C,D,0,Y,,,,Y,Y,-,99,1,0,0,0,1,0,0,0,0,"- ","- ",,,"SAN DIEGO","CHULA VISTA",-117.09352816000001,32.629815460000003
6778893,2014,2015-02-12,3702,2014-12-11,1514,CV1010,,4,5,6,3702,0,0,0,,0,021,"NAPLES ST",BROADWAY,25.00,W,N,A,-,N,,,,,,,,,,N,3,0,1,2,A,-,11,21954,A,N,G,B,D,A,H,-,A,A,0,Y,,,,Y,Y,N,60,0,1,0,0,1,0,0,0,0,"- ","- ",,,"SAN DIEGO","CHULA VISTA",-117.08150620000001,32.610206980000001
6778946,2014,2015-01-28,3702,2014-11-29,0946,CV1116,,6,5,6,3702,0,0,0,,0,031,"EAST H ST","PASEO DEL REY",261.00,E,N,A,-,N,,,,,,,,,,N,3,0,1,2,A,-,08,22107,,N,D,G,A,A,H,-,A,A,0,,Y,,,Y,,L,04,0,1,0,0,0,0,1,0,0,"- ","- ",,,"SAN DIEGO","CHULA VISTA",-117.02844161,32.635931749999997
6788337,2014,2015-02-10,3702,2014-12-26,1500,CV1108,,5,5,6,3702,0,0,0,,0,021,"ANITA ST",BROADWAY,0.00,,Y,A,-,N,,,,,,,,,,Y,2,0,1,2,A,-,01,23152,A,F,G,B,B,A,H,-,A,A,0,Y,,,,Y,Y,A,07,1,0,0,0,1,0,0,0,0,"- ","- ",,,"SAN DIEGO","CHULA VISTA",-117.07682011999999,32.598470089999999
6788341,2014,2015-02-09,3702,2014-12-06,1500,CV1080,,6,5,6,3702,0,0,0,,0,021,BROADWAY,"PALOMAR ST",471.00,N,N,A,-,N,,,,,,,,,,N,4,0,1,3,A,-,21,22106,,N,G,B,E,A,H,-,A,D,0,Y,,,,Y,,A,01,0,0,1,0,1,0,0,0,0,"- ","- ",,,"SAN DIEGO","CHULA VISTA",-117.07924362,32.604643269999997
6788346,2014,2015-02-09,3702,2014-12-10,1716,CV0509,,3,5,6,3702,0,0,0,,0,013,"J ST","ASH AV",51.00,E,N,A,-,N,,,,,,,,,,N,4,0,1,2,A,-,21,22106,,N,D,G,A,A,H,-,D,D,0,,Y,,,Y,,A,01,0,0,1,0,0,0,1,0,0,"- ","- ",,,"SAN DIEGO","CHULA VISTA",-117.08552404,32.624385770000004
6788347,2014,2015-02-09,3702,2014-12-11,1834,CV0984,,4,5,6,3702,0,0,0,,0,023,"E RIENSTRA ST","ECKMAN AV",27.00,E,N,A,-,N,,,,,,,,,,N,3,0,1,2,A,-,11,21954,A,N,G,B,D,A,H,-,C,D,0,Y,,,,Y,,N,60,0,1,0,0,1,0,0,0,0,"- ","- ",,,"SAN DIEGO","CHULA VISTA",-117.04544033000001,32.606390349999998
6788354,2014,2015-02-09,3702,2014-12-10,0820,CV0986,,3,5,6,3702,0,0,0,,0,023,"MONSERATE AV","EAST L ST",10.00,N,N,A,-,N,,,,,,,,,,N,3,0,1,2,A,-,10,21950,A,N,G,B,B,A,H,-,A,A,0,Y,,,,Y,,A,01,0,1,0,0,1,0,0,0,0,"- ","- ",,,"SAN DIEGO","CHULA VISTA",-117.05194061,32.626265879999998
6788355,2014,2015-02-09,3702,2014-12-10,1455,CV0991,,3,5,6,3702,0,0,0,,0,032,"OTAY LAKES RD","EAST H ST",0.00,,Y,A,-,N,,,,,,,,,,N,4,0,1,2,A,-,10,21950,A,N,G,B,B,A,H,-,A,A,0,Y,,,,Y,,A,07,0,0,1,0,1,0,0,0,0,"- ","- ",,,"SAN DIEGO","CHULA VISTA",-116.99893,32.644770020000003
6788505,2014,2015-02-02,3702,2014-11-21,2053,CV1103,,5,5,6,3702,0,0,0,,0,031,"EAST H ST","HIDDEN VISTA",7.00,E,N,A,-,N,,,,,,,,,,N,4,0,1,2,A,-,10,21950,A,N,G,B,B,A,H,-,C,A,0,Y,,,,Y,,A,01,0,0,1,0,1,0,0,0,0,"- ","- ",,,"SAN DIEGO","CHULA VISTA",-117.04935166999999,32.640638719999998
6798725,2014,2015-02-03,3702,2014-10-19,0130,CV0986,,7,5,6,3702,0,0,0,,0,011,"BROADWAY AV","MC INTOSH ST",137.00,N,N,A,-,N,,,,,,,,,,Y,2,0,1,2,A,-,11,21954,A,N,G,B,D,A,H,-,C,D,0,Y,,,,Y,Y,N,60,1,0,0,0,1,0,0,0,0,"- ","- ",,,"SAN DIEGO","CHULA VISTA",-117.09565318999999,32.646867950000001
6798729,2014,2015-02-03,3702,2014-10-16,0610,CV0954,,4,5,6,3702,0,0,0,,0,024,"BRANDYWINE AV","SEQUOIA ST",200.00,S,N,A,-,N,,,,,,,,,,N,3,0,1,2,A,-,17,22517,,N,H,G,A,A,H,-,C,A,0,,Y,,,Y,,A,07,0,1,0,0,0,0,1,0,0,"- ","- ",,,"SAN DIEGO","CHULA VISTA",-117.02931606999999,32.601382340000001
6811966,2015,2015-03-05,3702,2015-01-06,0720,CV1137,,2,5,6,3702,0,0,0,,0,031,"EAST H ST","DEL REY BL",1000.00,E,N,A,-,N,,,,,,,,,,N,3,0,1,2,A,-,03,22350,,N,C,G,A,A,H,-,A,D,0,,Y,,,Y,,A,01,0,1,0,0,0,0,1,0,0,"- ","- ",,,"SAN DIEGO","CHULA VISTA",-117.03246059999999,32.63660814
6811998,2015,2015-03-05,3702,2015-01-19,1715,CV1106,,1,5,6,3702,0,0,0,,0,013,"J ST","3RD AV",290.00,W,N,A,-,N,,,,,,,,,,N,3,0,1,2,A,-,08,22107,,N,G,B,D,A,H,-,B,D,0,Y,,,,Y,,A,01,0,1,0,0,1,0,0,0,0,"- ","- ",,,"SAN DIEGO","CHULA VISTA",-117.07537029,32.627228199999998
6816448,2014,2015-02-17,3702,2014-12-18,2045,CV0988,,4,5,6,3702,0,0,0,,0,014,"EAST H ST","HILLTOP AV",1584.00,E,N,A,-,N,,,,,,,,,,N,3,0,1,2,A,-,11,21954,A,N,G,B,D,A,H,-,C,D,0,Y,,,,Y,Y,N,60,0,1,0,0,1,0,0,0,0,"- ","- ",,,"SAN DIEGO","CHULA VISTA",-117.06498999999999,32.637830000000001
6816464,2014,2015-02-17,3702,2014-12-25,0200,CV1096,,4,5,6,3702,0,0,0,,0,022,"3RD AV","MOSS ST",90.00,S,N,A,-,N,,,,,,,,,,Y,3,0,1,2,A,-,11,21955,,F,G,B,D,A,H,-,C,A,0,Y,,,,Y,Y,N,60,0,1,0,0,1,0,0,0,0,"- ","- ",,,"SAN DIEGO","CHULA VISTA",-117.0703343,32.616887169999998
6816483,2014,2015-02-17,3702,2014-12-03,0722,CV1094,,3,5,6,3702,0,0,0,,0,021,"PALOMAR ST","INDUSTRIAL BL",0.00,,Y,A,-,N,,,,,,,,,,N,3,0,1,2,A,-,03,22350,,N,G,B,B,B,H,-,A,A,0,Y,,,,Y,,A,07,0,1,0,0,1,0,0,0,0,"- ","- ",,,"SAN DIEGO","CHULA VISTA",-117.08561001,32.60393011
6816495,2014,2015-02-17,3702,2014-12-05,1745,CV0986,,5,5,6,3702,0,0,0,,0,013,"4TH AV","PARK WY",7.00,N,N,A,-,N,,,,,,,,,,Y,2,0,1,2,A,-,10,21950,A,N,G,B,B,A,H,-,C,D,0,Y,,,,Y,,A,01,1,0,0,0,1,0,0,0,0,"- ","- ",,,"SAN DIEGO","CHULA VISTA",-117.08298708,32.637558210000002
6816499,2014,2015-02-17,3702,2014-12-27,0900,CV0928,,6,5,6,3702,0,0,0,,0,032,"YOSEMITE DR","YOSEMITE WY",0.00,,Y,A,-,N,,,,,,,,,,N,4,0,1,2,A,-,12,22450,,N,D,G,A,A,H,-,A,A,0,,Y,,,Y,,L,04,0,0,1,0,0,0,1,0,0,"- ","- ",,,"SAN DIEGO","CHULA VISTA",-116.95321004,32.654140079999998
6816523,2014,2015-02-17,3702,2014-12-23,0808,CV1110,,2,5,6,3702,0,0,0,,0,012,"H ST","OAKLAWN AV",0.00,,Y,A,-,N,,,,,,,,,,N,3,0,1,2,A,-,09,21800,A,N,D,G,A,A,H,-,A,A,0,,Y,,,Y,,A,01,0,1,0,0,0,0,1,0,0,"- ","- ",,,"SAN DIEGO","CHULA VISTA",-117.09264003,32.630070060000001
6816531,2014,2015-02-17,3702,2014-12-04,1005,CV0827,,4,5,6,3702,0,0,0,,0,021,BROADWAY,"PALOMAR ST",0.00,,Y,A,-,N,,,,,,,,,,Y,4,0,1,2,A,-,12,21453,A,N,D,G,A,A,H,-,A,A,0,,Y,,,Y,,L,04,0,0,1,0,0,0,1,0,0,"- ","- ",,,"SAN DIEGO","CHULA VISTA",-117.07876001,32.603420020000002
6816535,2014,2015-02-17,3702,2014-12-18,0640,CV0767,,4,5,6,3702,0,0,0,,0,014,"1ST AV","G ST",420.00,N,N,A,-,N,,,,,,,,,,N,4,0,1,2,A,-,05,21650,1,N,D,G,A,A,H,-,A,D,0,,Y,,,Y,,L,04,0,0,1,0,0,0,1,0,0,"- ","- ",,,"SAN DIEGO","CHULA VISTA",-117.07081678,32.641179450000003
6823204,2015,2015-03-17,3702,2015-02-15,0742,CV1107,,7,5,6,3702,0,0,0,,0,032,"STONEGATE ST","HUNTE PKWY",0.00,,Y,A,-,N,,,,,,,,,,N,3,0,1,2,A,-,10,21950,A,N,G,B,B,A,H,-,A,A,0,Y,,,Y,Y,Y,F,26,0,1,0,0,1,0,0,0,0,"- ","- ",,,"SAN DIEGO","CHULA VISTA",-116.94978001,32.651720109999999
6823278,2015,2015-03-04,3702,2015-01-29,1810,CV0986,,4,5,6,3702,0,0,0,,0,024,BROADWAY,"MAIN ST",225.00,S,N,C,-,N,,,,,,,,,,N,4,0,1,2,A,-,11,21955,,N,G,B,D,B,H,-,C,D,0,Y,,,,Y,Y,N,60,0,0,1,0,1,0,0,0,0,"- ","- ",,,"SAN DIEGO","CHULA VISTA",-117.07487086,32.594218130000002
6823551,2015,2015-03-03,3702,2015-01-28,1530,CV1108,,3,5,6,3702,0,0,0,,0,022,"3RD AV","ORANGE AV",63.00,S,N,A,-,N,,,,,,,,,,N,4,0,1,3,A,-,06,21755,,M,B,B,F,A,H,-,A,A,0,Y,,,,Y,,A,01,0,0,1,0,1,0,0,0,0,"- ","- ",,,"SAN DIEGO","CHULA VISTA",-117.0645,32.601647440000001
6825570,2015,2015-03-06,3702,2015-01-27,1740,CV1105,,2,5,6,3702,0,0,0,,0,022,"OXFORD ST","3RD AV",0.00,,Y,A,-,N,,,,,,,,,,N,3,0,1,2,A,-,09,21801,A,N,B,G,A,A,H,-,C,A,0,,Y,,,Y,,A,01,0,1,0,0,0,0,1,0,0,"- ","- ",,,"SAN DIEGO","CHULA VISTA",-117.06773007,32.610230039999998
6825701,2015,2015-03-06,3702,2015-01-28,0713,CV1031,,3,5,6,3702,0,0,0,,0,014,"EAST J ST","CLAIRE AV",0.00,,Y,A,-,N,,,,,,,,,,N,4,0,1,2,A,-,10,21950,A,N,B,B,B,A,H,-,A,D,0,Y,,,,Y,,A,01,0,0,1,0,1,0,0,0,0,"- ","- ",,,"SAN DIEGO","CHULA VISTA",-117.05955007,32.631660099999998
6825729,2015,2015-03-06,3702,2015-01-27,1910,CV0928,,2,5,6,3702,0,0,0,,0,024,"MAIN ST","DATE ST",75.00,W,N,A,-,N,,,,,,,,,,N,3,0,1,2,A,-,08,22107,,N,D,G,A,A,H,-,C,A,0,,Y,,,Y,,A,07,0,1,0,0,0,0,1,0,0,"- ","- ",,,"SAN DIEGO","CHULA VISTA",-117.04844265,32.594692729999998
6826245,2015,2015-03-19,3702,2015-02-01,1335,CV1098,,7,5,6,3702,0,0,0,,0,013,"DEL MAR CT","ALVARADO ST",120.00,N,N,A,-,N,,,,,,,,,,N,3,0,1,2,A,-,10,21954,B,F,G,B,E,B,H,-,A,D,0,Y,,,,Y,Y,-,99,0,1,0,0,1,0,0,0,0,"- ","- ",,,"SAN DIEGO","CHULA VISTA",-117.07528653999999,32.636693549999997
6826285,2015,2015-03-19,3702,2015-02-11,0733,1140,,3,5,6,3702,0,0,0,,0,013,"BAY BL","MARINA PARK WY",525.00,S,N,A,-,N,,,,,,,,,,N,3,0,1,2,A,-,11,21954,A,N,G,B,D,A,H,-,A,D,0,Y,,,,Y,,N,60,0,1,0,0,1,0,0,0,0,"- ","- ",,,"SAN DIEGO","CHULA VISTA",-117.09364772000001,32.620675900000002
6826297,2015,2015-03-19,3702,2015-02-10,0700,CV0967,,2,5,6,3702,0,0,0,,0,032,"EASTLAKE PKWY","LAKESHORE DR",245.00,E,N,A,-,N,,,,,,,,,,Y,4,0,1,3,A,-,03,22350,,N,B,B,E,A,H,-,A,D,0,Y,,,,Y,,A,01,0,0,1,0,1,0,0,0,0,"- ","- ",,,"SAN DIEGO","CHULA VISTA",-116.97897,32.654380000000003
6826305,2015,2015-03-19,3702,2015-02-02,0810,CV0986,,1,5,6,3702,0,0,0,,0,023,"OCALA AV","E OXFORD",300.00,N,N,A,-,N,,,,,,,,,,N,3,0,1,2,B,-,22,,,N,G,B,F,A,H,-,A,D,0,Y,,,,Y,,A,01,0,1,0,0,1,0,0,0,0,"- ","- ",,,"SAN DIEGO","CHULA VISTA",-117.03835715,32.619859499999997
6826310,2015,2016-09-06,3702,2015-02-07,1059,CV1114,,6,5,6,3702,0,0,0,,0,011,"BAY BL","E ST",0.00,,Y,A,-,Y,SD,11,5,-,-,8.858,R,4,S,N,3,0,2,2,A,-,12,22450,,N,A,G,A,A,H,-,A,A,0,,Y,,,Y,,L,04,0,2,0,0,0,0,2,0,0,"- ","- ",,,"SAN DIEGO","CHULA VISTA",-117.10158976,32.643587400000001
6826317,2015,2015-03-19,3702,2015-02-18,1130,CV0673,,3,5,6,3702,0,0,0,,0,021,BROADWAY,"OXFORD ST",833.00,S,N,A,-,N,,,,,,,,,,N,4,0,1,2,D,-,00,,,N,D,G,A,A,H,-,A,D,0,,Y,,,Y,,-,"- ",0,0,1,0,0,0,1,0,0,"- ","- ",,,"SAN DIEGO","CHULA VISTA",-117.07921627,32.604573240000001
6854001,2014,2015-03-23,9645,2014-11-24,2245,19393,,1,3,6,3702,0,1,1,,2,001,"RT 5","J ST",95.00,S,N,A,-,Y,SD,11,5,-,-,7.280,H,-,N,N,1,1,0,2,A,-,11,21954,A,N,G,B,E,A,H,-,C,A,1,Y,,,Y,Y,,N,60,0,0,0,1,0,0,0,0,0,"- ","- ",32.622880000000002,-117.09332000000001,"SAN DIEGO","CHULA VISTA",-117.09291007,32.621868599999999
6860682,2015,2015-04-08,3702,2015-03-11,1050,CV0986,,3,5,6,3702,0,0,0,,0,011,"F ST","WOODLAWN AV",115.00,W,N,A,-,N,,,,,,,,,,N,2,0,1,2,A,-,11,21954,A,N,G,B,D,A,H,-,A,D,0,Y,,,Y,Y,,N,60,1,0,0,0,1,0,0,0,0,"- ","- ",,,"SAN DIEGO","CHULA VISTA",-117.09656434,32.636623360000002
6861324,2015,2015-04-03,3702,2015-02-25,1554,CV1101,,3,5,6,3702,0,0,0,,0,032,"MILLER DR","EASTLAKE PKWY",0.00,,Y,A,-,N,,,,,,,,,,N,4,0,1,2,A,-,10,21950,A,N,G,B,B,A,H,-,A,A,0,Y,,,,Y,,A,01,0,0,1,0,1,0,0,0,0,"- ","- ",,,"SAN DIEGO","CHULA VISTA",-116.96851011,32.65266003
6861340,2015,2015-04-03,3702,2015-02-01,1645,CV0896,,7,5,6,3702,0,0,0,,0,013,"EAST PARK LN","SIERRA WY",5.00,S,N,A,-,N,,,,,,,,,,N,4,0,1,2,A,-,11,21950,B,N,G,B,B,A,H,-,A,D,0,Y,,,,Y,,N,60,0,0,1,0,1,0,0,0,0,"- ","- ",,,"SAN DIEGO","CHULA VISTA",-117.08402508,32.619006949999999
6861384,2015,2015-04-03,3702,2015-02-17,2010,CV1086,,2,5,6,3702,0,0,0,,0,021,BROADWAY,"FAIVRE ST",20.00,N,N,A,-,N,,,,,,,,,,N,4,0,2,2,A,-,08,22107,,N,G,B,E,A,H,-,C,D,0,Y,,,,Y,,A,01,0,0,2,0,1,0,0,0,0,"- ","- ",,,"SAN DIEGO","CHULA VISTA",-117.07420700999999,32.592989780000003
6861400,2015,2015-04-03,3702,2015-02-13,1209,CV1098,,5,5,6,3702,0,0,0,,0,011,"C ST","4TH AV",0.00,,Y,A,-,N,,,,,,,,,,N,4,0,1,2,A,-,17,21451,A,N,D,G,A,A,H,-,A,A,0,,Y,,,Y,Y,A,01,0,0,1,0,0,0,1,0,0,"- ","- ",,,"SAN DIEGO","CHULA VISTA",-117.08799005,32.650530109999998
6862379,2015,2015-03-27,3702,2015-03-02,2123,CV1079,,1,5,6,3702,0,0,0,,0,012,"H ST","OAKLAWN AV",9.00,W,N,B,-,N,,,,,,,,,,N,2,0,1,2,A,-,03,22350,,N,G,B,D,A,H,-,C,D,0,Y,,,,Y,,A,01,1,0,0,0,1,0,0,0,0,"- ","- ",,,"SAN DIEGO","CHULA VISTA",-117.09266757,32.630062029999998
6878053,2015,2016-09-27,3702,2015-02-05,0658,CV0695,,4,5,6,3702,0,0,0,,0,042,"RT 125","BIRCH RD",25.00,S,N,E,-,Y,SD,11,125,-,-,2.125,R,3,S,N,3,0,1,2,A,-,05,21202,A,N,D,G,A,A,H,-,A,A,0,,Y,,,Y,,L,04,0,1,0,0,0,0,1,0,0,"- ","- ",,,"SAN DIEGO","CHULA VISTA",-116.97155858000001,32.61822583
6879424,2014,2015-04-22,3702,2014-11-25,1547,CV0967,,2,5,6,3702,0,0,0,,0,013,"2ND AV","G ST",0.00,,Y,A,-,N,,,,,,,,,,Y,2,0,1,2,A,-,03,22350,,N,G,B,B,A,H,-,A,D,0,Y,,,,Y,,D,22,1,0,0,0,1,0,0,0,0,"- ","- ",,,"SAN DIEGO","CHULA VISTA",-117.07447009000001,32.638970039999997
6879531,2015,2016-10-04,3702,2015-03-19,2049,CV0927,,4,5,6,3702,0,0,0,,0,031,"EAST H ST","RT 805",0.00,,Y,A,-,Y,SD,11,805,-,-,6.959,R,4,N,N,3,0,1,2,A,-,09,21800,B,N,D,G,A,A,H,-,C,A,0,,Y,,,Y,,D,22,0,1,0,0,0,0,1,0,0,"- ",NF,,,"SAN DIEGO","CHULA VISTA",-117.05253544999999,32.638737159999998
6879663,2015,2015-04-21,3702,2015-03-08,0835,CV1126,,7,5,6,3702,0,0,0,,0,011,"F ST","BAY BL",0.00,,Y,A,-,N,,,,,,,,,,N,4,0,1,2,D,-,00,,,N,B,G,A,A,H,-,A,A,0,,Y,,,Y,,-,"- ",0,0,1,0,0,0,1,0,0,"- ","- ",,,"SAN DIEGO","CHULA VISTA",-117.0992201,32.635860020000003
6879686,2015,2015-04-21,3702,2015-03-06,1820,CV969,,5,5,6,3702,0,0,0,,0,022,"3RD AV","QUINTARD ST",12.00,S,N,A,-,N,,,,,,,,,,N,3,0,1,2,A,-,11,21453,D,N,G,B,B,A,H,-,C,A,0,Y,,,,Y,Y,N,60,0,1,0,0,1,0,0,0,0,"- ","- ",,,"SAN DIEGO","CHULA VISTA",-117.06502786,32.60328878