CASE_ID,ACCIDENT_YEAR,PROC_DATE,JURIS,COLLISION_DATE,COLLISION_TIME,OFFICER_ID,REPORTING_DISTRICT,DAY_OF_WEEK,CHP_SHIFT,POPULATION,CNTY_CITY_LOC,SPECIAL_COND,BEAT_TYPE,CHP_BEAT_TYPE,CITY_DIVISION_LAPD,CHP_BEAT_CLASS,BEAT_NUMBER,PRIMARY_RD,SECONDARY_RD,DISTANCE,DIRECTION,INTERSECTION,WEATHER_1,WEATHER_2,STATE_HWY_IND,CALTRANS_COUNTY,CALTRANS_DISTRICT,STATE_ROUTE,ROUTE_SUFFIX,POSTMILE_PREFIX,POSTMILE,LOCATION_TYPE,RAMP_INTERSECTION,SIDE_OF_HWY,TOW_AWAY,COLLISION_SEVERITY,NUMBER_KILLED,NUMBER_INJURED,PARTY_COUNT,PRIMARY_COLL_FACTOR,PCF_CODE_OF_VIOL,PCF_VIOL_CATEGORY,PCF_VIOLATION,PCF_VIOL_SUBSECTION,HIT_AND_RUN,TYPE_OF_COLLISION,MVIW,PED_ACTION,ROAD_SURFACE,ROAD_COND_1,ROAD_COND_2,LIGHTING,CONTROL_DEVICE,CHP_ROAD_TYPE,PEDESTRIAN_ACCIDENT,BICYCLE_ACCIDENT,MOTORCYCLE_ACCIDENT,TRUCK_ACCIDENT,NOT_PRIVATE_PROPERTY,ALCOHOL_INVOLVED,STWD_VEHTYPE_AT_FAULT,CHP_VEHTYPE_AT_FAULT,COUNT_SEVERE_INJ,COUNT_VISIBLE_INJ,COUNT_COMPLAINT_PAIN,COUNT_PED_KILLED,COUNT_PED_INJURED,COUNT_BICYCLIST_KILLED,COUNT_BICYCLIST_INJURED,COUNT_MC_KILLED,COUNT_MC_INJURED,PRIMARY_RAMP,SECONDARY_RAMP,LATITUDE,LONGITUDE,COUNTY,CITY,POINT_X,POINT_Y
6879726,2015,2015-04-20,3702,2015-03-19,1930,CV1124,,4,5,6,3702,0,0,0,,0,012,"OAKLAWN AV","H ST",687.00,N,N,A,-,N,,,,,,,,,,N,4,0,1,2,A,-,03,22350,,F,G,B,E,A,H,-,C,D,0,Y,,,,Y,,A,01,0,0,1,0,1,0,0,0,0,"- ","- ",,,"SAN DIEGO","CHULA VISTA",-117.09264,32.630070000000003
6879734,2015,2015-04-20,3702,2015-03-29,1135,CV0816,,7,5,6,3702,0,0,0,,0,031,"EAST H ST","TERRA NOVA",1584.00,W,N,A,-,N,,,,,,,,,,N,3,0,1,2,A,-,05,21650,,N,D,G,A,A,H,-,A,A,0,,Y,,,Y,,L,04,0,1,0,0,0,0,1,0,0,"- ","- ",,,"SAN DIEGO","CHULA VISTA",-117.04798741,32.639892179999997
6882987,2014,2015-04-20,3702,2014-12-12,1432,CV0986,,5,5,6,3702,0,0,0,,0,031,"TELEGRAPH CANYON RD","CREST DR",0.00,,Y,C,-,N,,,,,,,,,,Y,2,0,1,2,A,-,11,21456,B,N,G,B,B,B,H,-,A,A,0,Y,,,,Y,,N,60,1,0,0,0,1,0,0,0,0,"- ","- ",,,"SAN DIEGO","CHULA VISTA",-117.03669011,32.628020110000001
6888654,2015,2015-05-04,3702,2015-01-24,2117,CV0604,,6,5,6,3702,0,0,0,,0,013,"4TH AV","J ST",2.00,N,N,A,-,N,,,,,,,,,,Y,2,0,1,2,A,-,09,21801,A,N,B,G,A,A,H,-,C,A,0,,Y,,,Y,,A,01,1,0,0,0,0,0,1,0,0,"- ","- ",,,"SAN DIEGO","CHULA VISTA",-117.07858217,32.626335159999996
6890746,2015,2015-05-07,3702,2015-03-12,1748,CV1087,,4,5,6,3702,0,0,0,,0,024,"MAIN ST","HILLTOP DR",342.00,W,N,A,-,N,,,,,,,,,,N,4,0,1,2,A,-,03,22350,,N,G,B,F,A,H,-,A,D,0,Y,,,,Y,,D,22,0,0,1,0,1,0,0,0,0,"- ","- ",,,"SAN DIEGO","CHULA VISTA",-117.05264656,32.594715129999997
6891049,2015,2015-04-27,3702,2015-03-30,2230,CV1079,,1,5,6,3702,0,0,0,,0,012,"I ST",BROADWAY,70.00,E,N,A,-,N,,,,,,,,,,N,3,0,1,2,A,-,09,21804,A,N,G,B,B,A,H,-,A,D,0,Y,,,,Y,,A,01,0,1,0,0,1,0,0,0,0,"- ","- ",,,"SAN DIEGO","CHULA VISTA",-117.08789516,32.627550929999998
6891078,2015,2015-04-27,3702,2015-03-16,1720,CV1105,,1,5,6,3702,0,0,0,,0,022,"HILLTOP DR","HILLTOP CT",0.00,,Y,A,-,N,,,,,,,,,,N,4,0,2,2,A,-,05,21650,,N,G,B,A,A,H,-,B,D,0,,Y,,,Y,,L,04,0,0,2,0,0,0,1,0,0,"- ","- ",,,"SAN DIEGO","CHULA VISTA",-117.05732012999999,32.618270080000002
6891082,2015,2015-04-27,3702,2015-03-06,1805,CV0912,,5,5,6,3702,0,0,0,,0,021,"PALOMAR ST",BROADWAY,850.00,W,N,A,-,N,,,,,,,,,,N,3,0,1,2,A,-,17,21208,B,N,B,G,A,A,H,-,C,A,0,,Y,,,Y,,L,04,0,1,0,0,0,0,1,0,0,"- ","- ",,,"SAN DIEGO","CHULA VISTA",-117.08149296000001,32.603585440000003
6891086,2015,2015-04-27,3702,2015-03-12,1431,CV1141,,4,5,6,3702,0,0,0,,0,031,"BONITA RD","ALLEN SCHOOL RD",390.00,W,N,A,-,N,,,,,,,,,,N,2,0,1,2,A,-,17,22517,,N,G,G,A,A,H,-,A,A,0,,Y,,,Y,,A,01,1,0,0,0,0,0,1,0,0,"- ","- ",,,"SAN DIEGO","CHULA VISTA",-117.03761029,32.659894469999998
6891102,2015,2015-04-27,3702,2015-03-18,0710,CV0506,,3,5,6,3702,0,0,0,,0,032,"KUHN DR","MILLER DR",6.00,S,N,A,-,N,,,,,,,,,,N,3,0,1,2,A,-,05,21650,,N,D,G,A,A,H,-,A,A,0,,Y,,,Y,,L,04,0,1,0,0,0,0,1,0,0,"- ","- ",,,"SAN DIEGO","CHULA VISTA",-116.96788336,32.653631519999998
6895779,2015,2015-05-15,3702,2015-04-06,0725,CV1150,,1,5,6,3702,0,0,0,,0,013,"K ST","ASH AV",14.00,W,N,A,-,N,,,,,,,,,,N,3,0,1,2,A,-,09,21802,A,N,D,G,A,A,H,-,A,D,0,,Y,,,Y,,A,01,0,1,0,0,0,0,1,0,0,"- ","- ",,,"SAN DIEGO","CHULA VISTA",-117.08444291000001,32.620867680000003
6895812,2015,2015-05-15,3702,2015-04-07,1830,CV1086,,2,5,6,3702,0,0,0,,0,012,"ALVARADO ST","DEL MAR AV",15.00,E,N,A,-,N,,,,,,,,,,N,4,0,1,2,A,-,03,22350,,F,G,B,E,A,H,-,A,D,0,Y,,,,Y,,-,99,0,0,1,0,1,0,0,0,0,"- ","- ",,,"SAN DIEGO","CHULA VISTA",-117.07512376,32.636392530000002
6924744,2015,2015-07-01,3702,2015-05-04,1805,CV1106,,1,5,6,3702,0,0,0,,0,011,"WOODLAWN AV","BAY FRONT STATION RD",0.00,,Y,B,-,N,,,,,,,,,,N,3,0,1,2,A,-,05,21202,A,N,H,G,A,A,H,-,A,D,0,,Y,,,Y,,L,04,0,1,0,0,0,0,1,0,0,"- ","- ",,,"SAN DIEGO","CHULA VISTA",-117.09683006,32.638400019999999
6924803,2015,2015-06-03,3702,2015-05-02,1258,CV1012,,6,5,6,3702,0,0,0,,0,031,"TIERRA DEL REY","EAST H ST",286.00,N,N,A,-,N,,,,,,,,,,N,3,0,1,2,A,-,09,21800,A,N,H,A,A,A,H,-,A,A,0,,Y,,,Y,,A,01,0,1,0,0,0,0,1,0,0,"- ","- ",,,"SAN DIEGO","CHULA VISTA",-117.02066641,32.636752350000002
6924839,2015,2015-06-03,3702,2015-05-01,1652,CV0847,2,5,5,6,3702,0,0,0,,0,001,BROADWAY,"CHULA VISTA ST",21.00,N,N,A,-,N,,,,,,,,,,N,4,0,1,2,A,-,03,22350,,N,G,B,C,A,H,-,A,A,0,Y,,,,Y,,A,01,0,0,1,0,1,0,0,0,0,"- ","- ",,,"SAN DIEGO","CHULA VISTA",-117.09537202999999,32.646144419999999
6924868,2015,2015-06-03,3702,2015-05-16,2130,CV1065,,6,5,6,3702,0,0,0,,0,023,"HILLTOP DR","E DONAHOE",50.00,N,N,A,-,N,,,,,,,,,,N,4,0,1,2,A,-,11,21954,A,N,G,B,E,A,H,-,D,D,0,Y,,,,Y,,N,60,0,0,1,0,1,0,0,0,0,"- ","- ",,,"SAN DIEGO","CHULA VISTA",-117.05907121,32.622799919999999
6924915,2015,2015-06-05,3702,2015-04-22,1140,CV1100,,3,5,6,3702,0,0,0,,0,023,"OLYMPIC PKWY","BRANDYWINE AV",0.00,,Y,A,-,N,,,,,,,,,,N,3,0,1,2,A,-,09,21453,C,N,D,G,A,A,H,-,A,A,0,,Y,,,Y,,L,04,0,1,0,0,0,0,1,0,0,"- ","- ",,,"SAN DIEGO","CHULA VISTA",-117.02802002999999,32.60836012
6924923,2015,2015-06-05,3702,2015-04-19,2055,CV1122,,7,5,6,3702,0,0,0,,0,024,"ANITA ST","3RD AV",0.00,,N,A,-,N,,,,,,,,,,N,4,0,1,2,A,-,11,21956,,N,A,B,D,A,H,-,C,D,0,Y,,,,Y,,N,60,0,0,1,0,1,0,0,0,0,"- ","- ",,,"SAN DIEGO","CHULA VISTA",-117.06452004,32.598440019999998
6931384,2015,2015-06-11,3702,2015-03-30,1717,CV1101,,1,5,6,3702,0,0,0,,0,031,"EAST H ST","PASEO RANCHERO",997.00,W,N,A,-,N,,,,,,,,,,Y,2,0,1,2,A,-,11,21954,A,N,G,B,E,A,H,-,A,D,0,Y,,,,Y,,N,60,1,0,0,0,1,0,0,0,0,"- ","- ",,,"SAN DIEGO","CHULA VISTA",-117.01397279,32.637283539999999
6931852,2015,2015-06-09,3702,2015-04-18,1750,CV0928,,6,5,6,3702,0,0,0,,0,032,"PASEO VERA CRUZ","CALLE LA QUINTA",9.00,E,N,A,-,N,,,,,,,,,,N,3,0,1,2,A,-,11,21954,A,N,G,B,D,A,H,-,A,D,0,Y,,,,Y,,N,60,0,1,0,0,1,0,0,0,0,"- ","- ",,,"SAN DIEGO","CHULA VISTA",-116.97230066,32.671223349999998
6931880,2015,2015-06-09,3702,2015-04-10,1345,CV0767,,5,5,6,3702,0,0,0,,0,032,"DUNCAN RANCH RD","N COMPASS CIR",2.00,N,N,A,-,N,,,,,,,,,,N,3,0,1,2,A,-,09,21804,A,N,D,G,A,A,H,-,A,D,0,,Y,,,Y,,L,04,0,1,0,0,0,0,1,0,0,"- ","- ",,,"SAN DIEGO","CHULA VISTA",-116.95064961999999,32.660235470000003
6931892,2015,2015-06-09,3702,2015-04-13,1400,CV1018,,1,5,6,3702,0,0,0,,0,014,"HILLTOP AV","G ST",261.00,S,N,A,-,N,,,,,,,,,,Y,3,0,1,2,A,-,11,21954,A,N,G,B,D,A,H,-,A,D,0,Y,,,,Y,,N,60,0,1,0,0,1,0,0,0,0,"- ","- ",,,"SAN DIEGO","CHULA VISTA",-117.06605939000001,32.64058996
6933013,2015,2015-06-05,3702,2015-04-09,1548,CV0617,,4,5,6,3702,0,0,0,,0,021,BROADWAY,"FAIVRE ST",0.00,,Y,A,-,N,,,,,,,,,,N,3,0,1,2,A,-,08,22107,,N,B,G,A,A,D,-,A,D,0,,Y,,,Y,,D,22,0,1,0,0,0,0,1,0,0,"- ","- ",,,"SAN DIEGO","CHULA VISTA",-117.07418004,32.592940079999998
6933021,2015,2015-06-10,3702,2015-04-16,2255,CV1106,,4,5,6,3702,0,0,0,,0,014,"2ND AV","E ST",15.00,S,N,A,-,N,,,,,,,,,,N,3,0,1,2,A,-,03,22350,,N,G,B,B,A,H,-,C,A,0,Y,,,,Y,,D,22,0,1,0,0,1,0,0,0,0,"- ","- ",,,"SAN DIEGO","CHULA VISTA",-117.07715385,32.64585125
6933023,2015,2015-06-10,3702,2015-04-30,1121,CV0662,,4,5,6,3702,0,0,0,,0,011,"WOODLAWN AV","E ST",0.00,,Y,A,-,N,,,,,,,,,,N,3,0,1,2,A,-,09,21453,B,N,D,G,A,A,H,-,A,A,0,,Y,,,Y,,D,22,0,1,0,0,0,0,1,0,0,"- ","- ",,,"SAN DIEGO","CHULA VISTA",-117.09758013,32.64019012
6961260,2015,2016-11-17,9645,2015-06-04,0207,17133,,4,3,6,3702,0,1,1,,2,001,"RT 5","RT 54",1158.00,S,N,A,-,Y,SD,11,5,-,-,9.152,R,2,N,N,3,0,1,2,A,-,08,22107,,N,G,B,E,A,H,-,C,D,1,Y,,,,Y,,A,07,0,1,0,0,1,0,0,0,0,"- ","- ",32.647210000000001,-117.10227999999999,"SAN DIEGO","CHULA VISTA",-117.10271853,32.647763689999998
6964114,2015,2015-06-26,3702,2015-05-18,2132,CV1106,,1,5,6,3702,0,0,0,,0,014,"1ST AV","H ST",12.00,S,N,A,-,N,,,,,,,,,,N,2,0,1,2,A,-,11,21456,B,N,G,B,B,A,H,-,C,A,0,Y,,,,Y,,N,60,1,0,0,0,1,0,0,0,0,"- ","- ",,,"SAN DIEGO","CHULA VISTA",-117.06903761,32.63666885
6964115,2015,2015-06-27,3702,2015-04-19,2011,CV1061,,7,5,6,3702,0,0,0,,0,021,BROADWAY,"CRESTED BUTTE ST",0.00,,Y,A,-,N,,,,,,,,,,N,4,0,1,2,A,-,10,21950,A,N,G,B,D,A,H,-,C,D,0,Y,,,,Y,Y,D,22,0,0,1,0,1,0,0,0,0,"- ","- ",,,"SAN DIEGO","CHULA VISTA",-117.0821,32.61195008
6964117,2015,2015-06-26,3702,2015-05-21,1604,CV1037,,4,5,6,3702,0,0,0,,0,042,"OLYMPIC PKWY","EASTLAKE PKWY",500.00,E,N,B,-,N,,,,,,,,,,N,3,0,1,2,A,-,08,22107,,N,B,G,A,A,H,-,A,D,0,,Y,,,Y,,L,04,0,1,0,0,0,0,1,0,0,"- ","- ",,,"SAN DIEGO","CHULA VISTA",-116.96311175,32.627423690000001
6966500,2015,2015-06-30,3702,2015-05-19,1238,CV0604,,2,5,6,3702,0,0,0,,0,012,"4TH AV","ROOSEVELT ST",66.00,S,N,A,-,N,,,,,,,,,,N,4,0,1,2,A,-,11,21954,A,N,G,B,D,A,H,-,A,A,0,Y,,,,Y,,N,60,0,0,1,0,1,0,0,0,0,"- ","- ",,,"SAN DIEGO","CHULA VISTA",-117.08189351999999,32.634758189999999
6966533,2015,2015-06-27,3702,2015-05-03,1357,CV1012,,7,5,6,3702,0,0,0,,0,032,"OTAY LAKES RD","BONITA RD",0.00,,Y,A,-,N,,,,,,,,,,N,4,0,1,2,A,-,10,21950,A,F,G,B,B,A,H,-,A,A,0,Y,,,,Y,,A,01,0,0,1,0,1,0,0,0,0,"- ","- ",,,"SAN DIEGO","CHULA VISTA",-117.0313101,32.661350030000001
6966537,2015,2015-06-27,3702,2015-05-06,0720,CV1153,,3,5,6,3702,0,0,0,,0,031,"TELEGRAPH RD","OTAY LAKES RD",0.00,,Y,A,-,N,,,,,,,,,,N,3,0,1,2,A,-,05,21202,A,N,D,G,A,A,H,-,A,A,0,,Y,,,Y,,L,04,0,1,0,0,0,0,1,0,0,"- ","- ",,,"SAN DIEGO","CHULA VISTA",-116.99051994,32.638780060000002
6966551,2015,2015-06-30,3702,2015-05-30,2149,CV1060,,6,5,6,3702,0,0,0,,0,024,"ANITA ST","BROADWAY AV",520.00,W,N,A,-,N,,,,,,,,,,N,4,0,1,2,A,-,21,22106,,F,G,B,D,A,H,-,A,D,0,Y,,,,Y,,A,07,0,0,1,0,1,0,0,0,0,"- ","- ",,,"SAN DIEGO","CHULA VISTA",-117.07850263,32.598466510000002
6976488,2015,2015-07-03,3702,2015-05-29,0056,CV1087,,5,5,6,3702,0,0,0,,0,012,"F ST","4TH AV",0.00,,Y,A,-,N,,,,,,,,,,N,3,0,1,1,A,-,03,22350,,N,H,I,A,A,H,-,C,D,0,,Y,,,Y,Y,L,04,0,1,0,0,0,0,1,0,0,"- ","- ",,,"SAN DIEGO","CHULA VISTA",-117.08399009,32.640120119999999
6976492,2015,2015-07-03,3702,2015-05-17,1121,CV0833,,7,5,6,3702,0,0,0,,0,041,"OTAY LAKES RD","LA MEDIA",1056.00,E,N,A,-,N,,,,,,,,,,Y,3,0,1,1,D,-,00,,,N,F,A,A,A,H,-,A,D,0,,Y,,,Y,,-,"- ",0,1,0,0,0,0,1,0,0,"- ","- ",,,"SAN DIEGO","CHULA VISTA",-116.98722088,32.640084080000001
6995444,2015,2015-08-05,3702,2015-06-28,1130,CV0767,,7,5,6,3702,0,0,0,,0,021,"BAY BL","STELLA ST",0.00,,Y,A,-,N,,,,,,,,,,N,3,0,1,2,A,-,08,22100,B,N,D,G,A,A,H,-,A,D,0,,Y,,,Y,,L,04,0,1,0,0,0,0,1,0,0,"- ","- ",,,"SAN DIEGO","CHULA VISTA",-117.09242999999999,32.603640040000002
6995449,2015,2015-08-04,3702,2015-06-18,1010,CV1087,,4,5,6,3702,0,0,0,,0,042,"MAGDALENA DR","FLEISHENBEIN ST",132.00,N,N,A,-,N,,,,,,,,,,N,4,0,1,1,A,-,03,22350,,N,H,A,A,A,H,-,A,D,0,,Y,,,Y,,L,04,0,0,1,0,0,0,1,0,0,"- ","- ",,,"SAN DIEGO","CHULA VISTA",-116.97781562999999,32.613772539999999
6995452,2015,2015-08-05,3702,2015-06-11,1305,CV1087,,4,5,6,3702,0,0,0,,0,024,"ORANGE AV","WILLIAM AV",42.00,E,N,A,-,N,,,,,,,,,,N,4,0,1,2,A,-,11,21954,A,N,G,B,D,A,H,-,A,D,0,Y,,,,Y,,N,60,0,0,1,0,1,0,0,0,0,"- ","- ",,,"SAN DIEGO","CHULA VISTA",-117.07466477,32.602838490000003
6995466,2015,2015-08-05,3702,2015-06-05,2020,CV0979,,5,5,6,3702,0,0,0,,0,024,"OTAY VALLEY RD","MAIN ST",9.00,S,N,A,-,N,,,,,,,,,,N,4,0,1,2,A,-,08,22107,,N,D,G,A,A,H,-,C,D,0,,Y,,,Y,,-,,0,0,1,0,0,0,1,0,0,"- ","- ",,,"SAN DIEGO","CHULA VISTA",-117.04248902,32.594746559999997
6998521,2015,2015-07-23,3702,2015-02-16,1900,CV0604,,1,5,6,3702,0,0,0,,0,011,BROADWAY,"FLOWER ST",175.00,S,N,A,-,N,,,,,,,,,,N,2,0,2,2,A,-,09,21804,A,N,D,G,A,B,H,-,C,A,0,,Y,Y,,Y,,L,04,1,0,1,0,0,0,1,0,1,"- ","- ",,,"SAN DIEGO","CHULA VISTA",-117.09398598999999,32.642563809999999
7002373,2015,2015-07-27,3702,2015-05-20,1200,CV1004,,3,5,6,3702,0,0,0,,0,014,"D ST","2ND AV",5.00,W,N,A,-,N,,,,,,,,,,N,4,0,1,2,A,-,03,22350,,F,G,B,D,A,H,-,A,A,0,Y,,,,Y,,A,01,0,0,1,0,1,0,0,0,0,"- ","- ",,,"SAN DIEGO","CHULA VISTA",-117.07849543,32.649315850000001
7002377,2015,2015-07-27,3702,2015-05-25,0931,CV1042,,1,5,6,3702,0,0,0,,0,031,"TELEGRAPH CANYON RD","PASEO LADERA",300.00,E,N,C,-,N,,,,,,,,,,Y,3,0,1,2,A,-,03,22350,,N,C,E,A,B,H,-,A,D,0,,Y,,,Y,,L,04,0,1,0,0,0,0,1,0,0,"- ","- ",,,"SAN DIEGO","CHULA VISTA",-117.01963904999999,32.623469999999998
7009615,2015,2015-08-29,3702,2015-07-08,2329,CV1106,,3,5,6,3702,0,0,0,,0,013,"L ST","3RD AV",0.00,,Y,A,-,N,,,,,,,,,,N,4,0,1,2,A,-,12,21453,A,N,D,G,A,A,H,-,C,A,0,,Y,,,Y,,L,04,0,0,1,0,0,0,1,0,0,"- ","- ",,,"SAN DIEGO","CHULA VISTA",-117.07178003999999,32.620600060000001
7009618,2015,2015-08-29,3702,2015-07-02,1949,CV1090,,4,5,6,3702,0,0,0,,0,011,"C ST","5TH AV",120.00,W,N,A,-,N,,,,,,,,,,Y,2,0,2,2,A,-,01,23152,E,N,G,B,F,A,H,-,B,D,0,Y,,,,Y,,A,01,1,1,0,0,1,0,0,0,0,"- ","- ",,,"SAN DIEGO","CHULA VISTA",-117.09244785,32.649294179999998
7010301,2015,2016-12-20,9645,2015-07-09,1058,18393,,4,1,6,3702,0,1,1,,2,001,"RT 5","MAIN ST",300.00,N,N,A,-,Y,SD,11,5,-,-,5.609,R,2,S,N,3,0,1,1,A,-,03,22350,,N,E,I,A,A,D,-,A,D,1,,Y,,,Y,,L,04,0,1,0,0,0,0,1,0,0,"- ","- ",32.597720000000002,-117.0898,"SAN DIEGO","CHULA VISTA",-117.08934107,32.597905330000003
7018600,2015,2015-08-26,3702,2015-06-23,0723,CV1042,,2,5,6,3702,0,0,0,,0,041,"LA MEDIA","STATE ST",9.00,N,N,A,-,N,,,,,,,,,,N,4,0,1,2,A,-,09,21800,A,N,D,G,A,A,H,-,A,A,0,,Y,,,Y,,A,07,0,0,1,0,0,0,1,0,0,"- ","- ",,,"SAN DIEGO","CHULA VISTA",-116.98423824,32.617494600000001
7018624,2015,2015-08-26,3702,2015-06-29,1314,CV0986,,1,5,6,3702,0,0,0,,0,032,"OTAY LAKES RD","EASTLAKE PKWY",283.00,W,N,A,-,N,,,,,,,,,,N,3,0,1,1,A,-,03,22350,,N,E,A,A,A,H,-,A,B,0,,Y,,,Y,,L,04,0,1,0,0,0,0,1,0,0,"- ","- ",,,"SAN DIEGO","CHULA VISTA",-116.96639008,32.647932070000003
7018636,2015,2015-08-26,3702,2015-06-20,1815,CV1124,,6,5,6,3702,0,0,0,,0,013,"DEL MAR AV","J ST",0.00,,Y,A,-,N,,,,,,,,,,N,2,0,1,1,A,-,01,21200,5,N,H,A,A,A,H,-,A,D,0,,Y,,,Y,Y,L,04,1,0,0,0,0,0,1,0,0,"- ","- ",,,"SAN DIEGO","CHULA VISTA",-117.07245011000001,32.628040050000003
7023899,2015,2015-09-19,3702,2015-07-19,0823,CV1099,,7,5,6,3702,0,0,0,,0,024,"MAIN ST","DATE ST",181.00,W,N,A,-,N,,,,,,,,,,Y,2,0,1,2,A,-,11,21954,A,N,G,B,D,A,H,-,A,D,0,Y,,,,Y,Y,N,60,1,0,0,0,1,0,0,0,0,"- ","- ",,,"SAN DIEGO","CHULA VISTA",-117.04878558999999,32.594696579999997
7027972,2015,2015-10-13,3702,2015-08-28,1109,CV1144,,5,5,6,3702,0,0,0,,0,021,"PALOMAR ST","WALNUT AV",100.00,W,N,A,-,N,,,,,,,,,,N,4,0,1,3,A,-,11,21954,A,N,C,C,D,A,H,-,A,A,0,Y,,,,Y,,N,60,0,0,1,0,0,0,0,0,0,"- ","- ",,,"SAN DIEGO","CHULA VISTA",-117.08830116999999,32.604203560000002
7038978,2015,2015-09-24,3702,2015-08-11,1508,CV1090,,2,5,6,3702,0,0,0,,0,014,"4TH AV","F ST",6.00,S,N,A,-,N,,,,,,,,,,N,4,0,1,2,A,-,10,21950,A,N,G,B,B,A,H,-,A,A,0,Y,,,,Y,,-,,0,0,1,0,1,0,0,0,0,"- ","- ",,,"SAN DIEGO","CHULA VISTA",-117.08398371,32.640104450000003
7039457,2015,2015-09-10,3702,2015-08-05,1902,CV1088,,3,5,6,3702,0,0,0,,0,021,"PALOMAR ST",BROADWAY,430.00,W,N,A,-,N,,,,,,,,,,Y,3,0,1,2,A,-,11,21955,,N,G,B,D,A,H,-,A,D,0,Y,,,,Y,,N,60,0,1,0,0,1,0,0,0,0,"- ","- ",,,"SAN DIEGO","CHULA VISTA",-117.08014165,32.60346217
7039510,2015,2015-09-09,3702,2015-08-02,1529,CV0982,,7,5,6,3702,0,0,0,,0,013,"3RD AV","ALVARADO ST",75.00,N,N,A,-,N,,,,,,,,,,N,3,0,1,2,A,-,05,21202,A,N,D,G,A,A,H,-,A,D,0,,Y,,,Y,,L,04,0,1,0,0,0,0,1,0,0,"- ","- ",,,"SAN DIEGO","CHULA VISTA",-117.07777246000001,32.635866069999999
7041411,2015,2015-09-03,3702,2015-05-14,1530,CV0506,,4,5,6,3702,0,0,0,,0,032,"OTAY LAKES RD","VILLAS DR",5.00,S,N,B,-,N,,,,,,,,,,N,4,0,1,2,A,-,03,22350,,N,D,G,A,A,H,-,A,D,0,,Y,,,Y,,L,04,0,0,1,0,0,0,1,0,0,"- ","- ",,,"SAN DIEGO","CHULA VISTA",-117.0308543,32.660247179999999
7044571,2015,2015-09-10,3702,2015-07-29,1812,CV1079,,3,5,6,3702,0,0,0,,0,022,"3RD AV","ORANGE AV",33.00,N,N,A,-,N,,,,,,,,,,Y,2,0,3,2,A,-,05,21202,A,N,A,G,A,A,H,-,A,A,0,,Y,,,Y,,L,04,1,0,2,0,0,0,1,0,0,"- ","- ",,,"SAN DIEGO","CHULA VISTA",-117.06451853999999,32.601909020000001
7060480,2015,2015-10-09,3702,2015-09-01,1104,0506,,2,5,6,3702,0,0,0,,0,031,"EAST J ST","VERANO LN",200.00,E,N,A,-,N,,,,,,,,,,N,3,0,1,1,A,-,03,22350,,N,H,-,A,A,H,-,A,D,0,,Y,,,Y,,L,04,0,1,0,0,0,0,1,0,0,"- ","- ",,,"SAN DIEGO","CHULA VISTA",-117.01646103,32.630491550000002
7060697,2015,2015-10-12,3702,2015-09-01,1633,CV0935,,2,5,6,3702,0,0,0,,0,021,"OXFORD ST",BROADWAY,900.00,W,N,A,-,N,,,,,,,,,,N,4,0,1,2,A,-,10,21952,,N,G,B,E,A,D,-,A,D,0,Y,,,,Y,Y,A,08,0,0,1,0,1,0,0,0,0,"- ","- ",,,"SAN DIEGO","CHULA VISTA",-117.08283419999999,32.605991940000003
7060699,2015,2015-10-12,3702,2015-09-02,1820,CV1018,,3,5,6,3702,0,0,0,,0,013,"J ST","OAKLAWN AV",0.00,,Y,A,-,N,,,,,,,,,,N,4,0,1,2,A,-,08,22107,,N,A,G,A,A,H,-,A,D,0,,Y,,,Y,,L,04,0,0,1,0,0,0,1,0,0,"- ","- ",,,"SAN DIEGO","CHULA VISTA",-117.09034010000001,32.623090099999999
7060817,2015,2015-10-09,3702,2015-08-21,1557,0982,,5,5,6,3702,0,0,0,,0,013,"4TH AV","K ST",0.00,,Y,A,-,N,,,,,,,,,,Y,3,0,1,2,A,-,12,21453,A,N,D,G,A,A,H,-,A,A,0,,Y,,,Y,,L,04,0,1,0,0,0,0,1,0,0,"- ","- ",,,"SAN DIEGO","CHULA VISTA",-117.07724,32.622880029999997
7060820,2015,2015-10-09,3702,2015-08-29,0230,1120,,6,5,6,3702,0,0,0,,0,024,"GEORGETOWN PL","CONCORD WY",12.00,E,N,A,-,N,,,,,,,,,,N,4,0,1,2,A,-,11,21954,A,F,G,B,D,A,H,-,C,D,0,Y,,,,Y,,N,60,0,0,1,0,1,0,0,0,0,"- ","- ",,,"SAN DIEGO","CHULA VISTA",-117.03036,32.60689
7060914,2015,2015-10-09,3702,2015-08-28,1100,1099,,5,5,6,3702,0,0,0,,0,032,"EASTLAKE PKWY","MILLER DR",0.00,,Y,A,-,N,,,,,,,,,,N,3,0,1,2,A,-,17,21451,A,N,D,G,A,A,H,-,A,A,0,,Y,,,Y,,L,04,0,1,0,0,0,0,1,0,0,"- ","- ",,,"SAN DIEGO","CHULA VISTA",-116.96851011,32.65266003