CASE_ID,ACCIDENT_YEAR,PROC_DATE,JURIS,COLLISION_DATE,COLLISION_TIME,OFFICER_ID,REPORTING_DISTRICT,DAY_OF_WEEK,CHP_SHIFT,POPULATION,CNTY_CITY_LOC,SPECIAL_COND,BEAT_TYPE,CHP_BEAT_TYPE,CITY_DIVISION_LAPD,CHP_BEAT_CLASS,BEAT_NUMBER,PRIMARY_RD,SECONDARY_RD,DISTANCE,DIRECTION,INTERSECTION,WEATHER_1,WEATHER_2,STATE_HWY_IND,CALTRANS_COUNTY,CALTRANS_DISTRICT,STATE_ROUTE,ROUTE_SUFFIX,POSTMILE_PREFIX,POSTMILE,LOCATION_TYPE,RAMP_INTERSECTION,SIDE_OF_HWY,TOW_AWAY,COLLISION_SEVERITY,NUMBER_KILLED,NUMBER_INJURED,PARTY_COUNT,PRIMARY_COLL_FACTOR,PCF_CODE_OF_VIOL,PCF_VIOL_CATEGORY,PCF_VIOLATION,PCF_VIOL_SUBSECTION,HIT_AND_RUN,TYPE_OF_COLLISION,MVIW,PED_ACTION,ROAD_SURFACE,ROAD_COND_1,ROAD_COND_2,LIGHTING,CONTROL_DEVICE,CHP_ROAD_TYPE,PEDESTRIAN_ACCIDENT,BICYCLE_ACCIDENT,MOTORCYCLE_ACCIDENT,TRUCK_ACCIDENT,NOT_PRIVATE_PROPERTY,ALCOHOL_INVOLVED,STWD_VEHTYPE_AT_FAULT,CHP_VEHTYPE_AT_FAULT,COUNT_SEVERE_INJ,COUNT_VISIBLE_INJ,COUNT_COMPLAINT_PAIN,COUNT_PED_KILLED,COUNT_PED_INJURED,COUNT_BICYCLIST_KILLED,COUNT_BICYCLIST_INJURED,COUNT_MC_KILLED,COUNT_MC_INJURED,PRIMARY_RAMP,SECONDARY_RAMP,LATITUDE,LONGITUDE,COUNTY,CITY,POINT_X,POINT_Y
8114433,2016,2016-09-09,3702,2016-07-21,1510,CV1031,,4,5,6,3702,0,0,0,,0,041,"MEDICAL CENTER DR","EAST PALOMAR ST",561.00,N,N,A,-,N,,,,,,,,,,N,4,0,1,2,D,-,00,,,N,G,B,D,A,H,-,A,D,0,Y,,,,Y,,-,"- ",0,0,1,0,1,0,0,0,0,"- ","- ",,,"SAN DIEGO","CHULA VISTA",-117.02711277,32.616153840000003
8114437,2016,2016-09-09,3702,2016-07-24,1208,CV1079,,7,5,6,3702,0,0,0,,0,022,"3RD AV","PALOMAR ST",500.00,S,N,A,-,N,,,,,,,,,,N,3,0,1,2,A,-,11,21954,A,N,G,B,D,A,H,-,A,D,0,Y,,,,Y,,N,60,0,1,0,0,1,0,0,0,0,"- ","- ",,,"SAN DIEGO","CHULA VISTA",-117.06587682999999,32.605501279999999
8114557,2016,2016-09-08,3702,2016-08-15,1725,CV0506,,1,5,6,3702,0,0,0,,0,042,"EXPLORATION FALLS","CROSSROADS ST",0.00,,Y,A,-,N,,,,,,,,,,N,4,0,1,2,A,-,12,22450,A,N,D,G,A,A,H,-,A,A,0,,Y,,,Y,,L,04,0,0,1,0,0,0,1,0,0,"- ","- ",,,"SAN DIEGO","CHULA VISTA",-116.95419008,32.620970069999998
8114564,2016,2016-09-09,3702,2016-07-24,2245,CV1160,,7,5,6,3702,0,0,0,,0,011,"E ST","E ST 750",0.00,,Y,A,-,N,,,,,,,,,,N,4,0,1,2,A,-,10,21950,A,F,B,B,C,A,H,-,C,D,0,Y,,,,Y,,A,01,0,0,1,0,1,0,0,0,0,"- ","- ",,,"SAN DIEGO","CHULA VISTA",-117.09893882,32.639819070000001
8114566,2016,2016-09-12,3702,2016-08-09,1557,CV1158,,2,5,6,3702,0,0,0,,0,022,"PALOMAR ST","HILLTOP DR",0.00,,Y,A,-,N,,,,,,,,,,N,2,0,1,2,A,-,12,21453,A,N,G,G,A,A,H,-,A,A,0,,Y,,,Y,,L,04,1,0,0,0,0,0,1,0,0,"- ","- ",,,"SAN DIEGO","CHULA VISTA",-117.05419009000001,32.610210039999998
8114570,2016,2016-09-12,3702,2016-08-08,1557,CV1031,,1,5,6,3702,0,0,0,,0,042,"VIEW PARK WY","EAST PALOMAR ST",288.00,E,N,A,-,N,,,,,,,,,,N,4,0,1,2,A,-,11,21954,A,N,G,B,D,A,H,-,A,D,0,Y,,,,Y,,N,60,0,0,1,0,1,0,0,0,0,"- ","- ",,,"SAN DIEGO","CHULA VISTA",-116.97608189,32.627912639999998
8114574,2016,2016-09-12,3702,2016-08-10,1449,CV0410,,3,5,6,3702,0,0,0,,0,042,"WOLF CANYON LP","TAPSTRY ST",0.00,,Y,A,-,N,,,,,,,,,,N,3,0,1,2,A,-,05,21460,A,N,D,G,A,A,H,-,A,D,0,,Y,,,Y,,L,04,0,1,0,0,0,0,1,0,0,"- ","- ",,,"SAN DIEGO","CHULA VISTA",-116.97337002,32.612480099999999
8114578,2016,2016-09-12,3702,2016-08-01,0003,CV1111,,1,5,6,3702,0,0,0,,0,023,"TELEGRAPH CANYON RD","ELKS LN",10.00,E,N,A,-,N,,,,,,,,,,N,2,0,1,2,A,-,11,21453,D,N,G,B,D,A,H,-,C,A,0,Y,,,,Y,,N,60,1,0,0,0,1,0,0,0,0,"- ","- ",,,"SAN DIEGO","CHULA VISTA",-117.03434276999999,32.627375190000002
8114580,2016,2016-09-09,3702,2016-07-23,0840,CV1079,,6,5,6,3702,0,0,0,,0,021,"BAY BL","STELLA ST",18.00,N,N,A,-,N,,,,,,,,,,N,3,0,1,2,A,-,05,21650,1,N,D,G,A,A,H,-,A,D,0,,Y,,,Y,,L,04,0,1,0,0,0,0,1,0,0,"- ","- ",,,"SAN DIEGO","CHULA VISTA",-117.0924231,32.603688959999999
8114590,2016,2016-09-12,3702,2016-08-03,0754,CV0815,,3,5,6,3702,0,0,0,,0,014,"N GLOVER AV","C ST",27.00,N,N,A,-,N,,,,,,,,,,N,3,0,1,2,A,-,09,21802,A,N,D,G,A,A,H,-,A,A,0,,Y,,,Y,,A,01,0,1,0,0,0,0,1,0,0,"- ","- ",,,"SAN DIEGO","CHULA VISTA",-117.08609647,32.651213069999997
8114592,2016,2016-09-09,3702,2016-07-20,2205,CV1038,,3,5,6,3702,0,0,0,,0,021,BROADWAY,"OXFORD ST",24.00,N,N,A,-,N,,,,,,,,,,Y,2,0,1,2,A,-,01,23152,A,F,G,B,B,A,H,-,C,A,0,Y,,,,Y,Y,A,01,1,0,0,0,1,0,0,0,0,"- ","- ",,,"SAN DIEGO","CHULA VISTA",-117.08008409999999,32.60680249
8114594,2016,2016-09-12,3702,2016-08-01,0230,CV1160,,1,5,6,3702,0,0,0,,0,013,"BAY BL","J ST",0.00,,Y,A,-,N,,,,,,,,,,Y,3,0,1,2,A,-,12,22450,A,N,B,G,A,A,H,-,C,A,0,,Y,,,Y,Y,A,01,0,1,0,0,0,0,1,0,0,"- ","- ",,,"SAN DIEGO","CHULA VISTA",-117.09474003,32.621870020000003
8119358,2016,2016-09-15,3702,2016-08-02,1530,CV1052,,2,5,6,3702,0,0,0,,0,014,"I ST","HILLTOP DR",0.00,,Y,A,-,N,,,,,,,,,,N,4,0,1,2,A,-,10,21950,A,N,G,B,B,A,H,-,A,A,0,Y,,,,Y,,D,22,0,0,1,0,1,0,0,0,0,"- ","- ",,,"SAN DIEGO","CHULA VISTA",-117.06363008,32.63435011
8119703,2016,2016-10-18,3702,2016-07-22,1907,CV0979,,5,5,6,3702,0,0,0,,0,014,"BONITA RD","00 BLOCK BONITA RD",9.00,N,N,A,-,N,,,,,,,,,,N,3,0,2,3,A,-,08,22107,,N,G,B,B,A,H,-,A,A,0,Y,,,,Y,,A,01,0,2,0,0,2,0,0,0,0,"- ","- ",,,"SAN DIEGO","CHULA VISTA",,
8119717,2016,2016-09-13,3702,2016-08-16,0630,CV1088,,2,5,6,3702,0,0,0,,0,042,"WOLF CANYON LP","WOLFSDORF WY",36.00,E,N,A,-,N,,,,,,,,,,N,3,0,1,2,A,-,10,21950,A,N,G,B,B,A,H,-,A,D,0,Y,,,,Y,,A,01,0,1,0,0,1,0,0,0,0,"- ","- ",,,"SAN DIEGO","CHULA VISTA",-116.97742848999999,32.615148529999999
8119742,2016,2016-09-13,3702,2016-08-18,1219,CV0604,,4,5,6,3702,0,0,0,,0,022,"4TH AV","NAPLES ST",90.00,N,N,A,-,N,,,,,,,,,,N,2,0,1,2,A,-,07,21658,A,N,D,G,A,A,H,-,A,A,0,,Y,,,Y,,L,04,1,0,0,0,0,0,1,0,0,"- ","- ",,,"SAN DIEGO","CHULA VISTA",-117.07326471,32.612743119999998
8131931,2016,2016-09-29,3702,2016-07-28,0700,CV1143,,4,5,6,3702,0,0,0,,0,014,"EAST J ST","CLAIRE AV",0.00,,Y,A,-,N,,,,,,,,,,N,4,0,1,2,A,-,06,21755,,N,G,B,B,A,H,-,A,D,0,Y,,,,Y,,A,01,0,0,1,0,1,0,0,0,0,"- ","- ",,,"SAN DIEGO","CHULA VISTA",-117.05955007,32.631660099999998
8151488,2016,2016-10-26,3702,2016-09-01,1515,CV1181,,4,5,6,3702,0,0,0,,0,013,"F ST","3RD ST",24.00,E,N,A,-,N,,,,,,,,,,N,4,0,1,2,A,-,10,21950,A,F,G,B,B,A,H,-,A,A,0,Y,,,,Y,Y,A,01,0,0,1,0,1,0,0,0,0,"- ","- ",,,"SAN DIEGO","CHULA VISTA",-117.07983646,32.641291209999999
8151500,2016,2016-10-27,3702,2016-09-19,1243,CV0673,,1,5,6,3702,0,0,0,,0,022,"3RD AV","PALOMAR ST",102.00,S,N,B,-,N,,,,,,,,,,N,4,0,1,2,A,-,05,21650,1,N,D,G,A,A,H,-,A,D,0,,Y,,,Y,,L,04,0,0,1,0,0,0,1,0,0,"- ","- ",,,"SAN DIEGO","CHULA VISTA",-117.06628497,32.606535129999997
8151516,2016,2016-10-27,3702,2016-09-20,1521,CV1171,,2,5,6,3702,0,0,0,,0,012,BROADWAY,"I ST",53.00,N,N,C,-,N,,,,,,,,,,N,3,0,1,2,A,-,11,21954,A,N,G,B,D,B,H,-,A,A,0,Y,,,,Y,,N,60,0,1,0,0,1,0,0,0,0,"- ","- ",,,"SAN DIEGO","CHULA VISTA",-117.08816263999999,32.627628170000001
8151520,2016,2016-10-27,3702,2016-09-17,1145,CV1056,,6,5,6,3702,0,0,0,,0,011,"N 5TH AV","C ST",363.00,N,N,A,-,N,,,,,,,,,,N,3,0,1,2,A,-,11,21456,A,N,G,G,A,A,H,-,A,D,0,,Y,,,Y,,L,04,0,1,0,0,0,0,1,0,0,"- ","- ",,,"SAN DIEGO","CHULA VISTA",-117.09208,32.6494
8151626,2016,2016-10-27,3702,2016-09-30,1325,CV0767,,5,5,6,3702,0,0,0,,0,022,"NAPLES ST","4TH AV",10.00,W,N,A,-,N,,,,,,,,,,N,3,0,1,2,A,-,10,21950,A,N,G,B,B,A,H,-,A,A,0,Y,,,,Y,,D,22,0,1,0,0,1,0,0,0,0,"- ","- ",,,"SAN DIEGO","CHULA VISTA",-117.07320076000001,32.61250149
8151634,2016,2016-10-27,3702,2016-09-17,1910,CV1172,,6,5,6,3702,0,0,0,,0,013,"J ST","3RD AV",10.00,E,N,A,-,N,,,,,,,,,,N,3,0,1,2,A,-,12,21453,A,N,G,B,A,A,H,-,B,A,0,,Y,,,Y,,L,04,0,1,0,0,0,0,1,0,0,"- ","- ",,,"SAN DIEGO","CHULA VISTA",-117.07444919,32.627488399999997
8151704,2016,2016-10-25,3702,2016-10-03,2000,CV1178,,1,5,6,3702,0,0,0,,0,022,"ORANGE AV","3RD AV",2.00,E,N,A,-,N,,,,,,,,,,N,4,0,1,2,A,-,05,21650,1,N,B,G,A,A,H,-,C,A,0,,Y,,,Y,,L,04,0,0,1,0,0,0,1,0,0,"- ","- ",,,"SAN DIEGO","CHULA VISTA",-117.06449357,32.601819370000001
8151712,2016,2016-10-26,3702,2016-10-05,1732,CV1193,,3,5,6,3702,0,0,0,,0,014,"BONITA RD","SANDALWOOD DR",120.00,E,N,A,-,N,,,,,,,,,,N,4,0,1,2,A,-,09,21801,A,N,D,G,A,A,H,-,B,D,0,,Y,,,Y,,A,01,0,0,1,0,0,0,1,0,0,"- ","- ",,,"SAN DIEGO","CHULA VISTA",-117.06507187,32.64794448
8166722,2016,2018-09-27,3702,2016-12-04,1846,CV0967,,7,5,6,3702,0,0,0,,0,022,"3RD AV","ORANGE AV",115.00,N,N,A,-,N,,,,,,,,,,Y,1,1,0,2,A,-,01,23152,A,F,G,B,F,A,H,-,C,D,0,Y,,,,Y,Y,A,01,0,0,0,1,0,0,0,0,0,"- ","- ",,,"SAN DIEGO","CHULA VISTA",-117.06457632999999,32.602127719999999
8166924,2016,2017-04-29,3702,2016-12-30,1720,CV1116,,5,5,6,3702,0,0,0,,0,013,"4TH AV","F ST",160.00,S,N,B,-,N,,,,,,,,,,N,1,1,0,2,A,-,11,21954,A,N,G,B,D,B,H,-,C,D,0,Y,,,,Y,,N,60,0,0,0,1,0,0,0,0,0,"- ","- ",,,"SAN DIEGO","CHULA VISTA",-117.08382218,32.639705380000002
8167210,2017,2019-04-08,3702,2017-11-05,1920,CV0777,,7,5,6,3702,0,0,0,,0,011,BROADWAY,"CHULA VISTA ST",142.00,N,N,A,-,N,,,,,,,,,,Y,1,1,1,2,A,-,11,21950,B,N,G,B,D,A,H,-,C,D,0,Y,,,,Y,Y,N,60,0,0,1,1,0,0,0,0,0,"- ","- ",,,"SAN DIEGO","CHULA VISTA",-117.09549895000001,32.646457990000002
8176245,2016,2016-11-29,3702,2016-10-13,1510,CV1051,,4,5,6,3702,0,0,0,,0,013,"K ST","CEDAR ST",45.00,W,N,A,-,N,,,,,,,,,,N,4,0,1,2,A,-,11,21954,A,N,G,B,D,A,H,-,A,D,0,Y,,,,Y,,N,60,0,0,1,0,1,0,0,0,0,"- ","- ",,,"SAN DIEGO","CHULA VISTA",-117.08307857,32.621242039999998
8176257,2016,2016-11-29,3702,2016-10-29,0140,CV1179,,6,5,6,3702,0,0,0,,0,022,"3RD AV","NAPLE ST",15.00,N,N,A,-,N,,,,,,,,,,Y,2,0,1,2,A,-,11,21453,D,N,G,B,B,A,H,-,C,A,0,Y,,,,Y,Y,N,60,1,0,0,0,1,0,0,0,0,"- ","- ",,,"SAN DIEGO","CHULA VISTA",-117.0691049,32.613719099999997
8176258,2016,2016-11-29,3702,2016-10-16,2029,CV1184,,7,5,6,3702,0,0,0,,0,012,BROADWAY,"G ST",18.00,E,N,A,-,N,,,,,,,,,,N,2,0,1,2,A,-,11,21456,B,N,G,B,B,A,H,-,C,A,0,Y,,,,Y,,N,60,1,0,0,0,1,0,0,0,0,"- ","- ",,,"SAN DIEGO","CHULA VISTA",-117.09079244,32.63436299
8176273,2016,2016-11-29,3702,2016-10-06,1600,CV1151,,4,5,6,3702,0,0,0,,0,013,"3RD AV","L ST",2.00,S,N,A,-,N,,,,,,,,,,N,3,0,1,2,A,-,08,22107,,N,B,G,A,A,H,-,A,A,0,,Y,,,Y,,A,01,0,1,0,0,0,0,1,0,0,"- ","- ",,,"SAN DIEGO","CHULA VISTA",-117.07177797999999,32.620594789999998
8176289,2016,2016-11-29,3702,2016-10-22,0210,CV1179,,6,5,6,3702,0,0,0,,0,022,MOSS,"KITTIWAKE LN",18.00,W,N,A,-,N,,,,,,,,,,N,2,0,1,2,D,-,00,,,F,G,B,E,A,H,-,D,D,0,Y,,,,Y,Y,-,"- ",1,0,0,0,1,0,0,0,0,"- ","- ",,,"SAN DIEGO","CHULA VISTA",-117.07619517000001,32.61552417
8176293,2016,2016-11-29,3702,2016-10-21,1313,CV1174,,5,5,6,3702,0,0,0,,0,024,"MAIN ST","MAPLE DR",33.00,E,N,A,-,N,,,,,,,,,,N,3,0,1,2,A,-,11,21955,,N,G,B,D,A,H,-,A,D,0,Y,,,,Y,Y,N,60,0,1,0,0,1,0,0,0,0,"- ","- ",,,"SAN DIEGO","CHULA VISTA",-117.04207323999999,32.594781490000003
8176309,2016,2016-11-29,3702,2016-10-19,0739,CV0673,,3,5,6,3702,0,0,0,,0,021,BROADWAY,"OXFORD ST",80.00,S,N,A,-,N,,,,,,,,,,N,4,0,1,2,A,-,10,21952,,N,G,B,F,A,H,-,A,D,0,Y,,,,Y,,A,01,0,0,1,0,1,0,0,0,0,"- ","- ",,,"SAN DIEGO","CHULA VISTA",-117.07998293,32.606530800000002
8184801,2016,2016-12-15,3702,2016-11-03,1544,CV0967,,4,5,6,3702,0,0,0,,0,013,"4TH AV","J ST",183.00,N,N,A,-,N,,,,,,,,,,Y,2,0,1,3,A,-,08,22107,,N,C,B,E,A,H,-,A,D,0,Y,,,,Y,,A,01,1,0,0,0,1,0,0,0,0,"- ","- ",,,"SAN DIEGO","CHULA VISTA",-117.07877809999999,32.626802400000003
8184813,2016,2016-12-19,3702,2016-10-07,1955,CV0624,,5,5,6,3702,0,0,0,,0,,BROADWAY,"L ST",175.00,N,N,A,-,N,,,,,,,,,,N,2,0,1,2,A,-,11,21955,,N,G,B,D,A,H,-,C,D,0,Y,,,,Y,Y,N,60,1,0,0,0,1,0,0,0,0,"- ","- ",,,"SAN DIEGO","CHULA VISTA",-117.08425774,32.617615139999998
8184866,2016,2016-12-15,3702,2016-11-21,1030,CV0658,,1,5,6,3702,0,0,0,,0,024,BROADWAY,"BROADWAY 1395",0.00,,-,B,-,N,,,,,,,,,,N,4,0,1,2,A,-,05,21650,1,N,D,G,A,A,H,-,A,D,0,,Y,,,Y,,L,04,0,0,1,0,0,0,1,0,0,"- ","- ",,,"SAN DIEGO","CHULA VISTA",-117.07789778999999,32.601503030000003
8184979,2016,2016-12-15,3702,2016-12-04,2102,CV1107,,7,5,6,3702,0,0,0,,0,031,"PASEO MAGDA","REGULO PL",11.00,W,N,A,-,N,,,,,,,,,,N,3,0,1,2,A,-,05,21650,1,N,A,G,A,A,H,-,D,D,0,,Y,,,Y,,L,04,0,1,0,0,0,0,1,0,0,"- ","- ",,,"SAN DIEGO","CHULA VISTA",-117.00904233999999,32.640987389999999
8185032,2016,2016-12-15,3702,2016-12-03,2025,CV0982,,6,5,6,3702,0,0,0,,0,011,BROADWAY,"CASSELMAN ST",80.00,S,N,A,-,N,,,,,,,,,,N,3,0,1,2,A,-,11,21954,A,F,G,B,D,A,H,-,C,D,0,Y,,,,Y,,N,60,0,1,0,0,1,0,0,0,0,"- ","- ",,,"SAN DIEGO","CHULA VISTA",-117.09510822999999,32.645442070000001
8185051,2016,2016-12-15,3702,2016-11-14,1745,CV1159,,1,5,6,3702,0,0,0,,0,013,"3RD AV","ALVARADO ST",10.00,S,N,A,-,N,,,,,,,,,,N,3,0,1,2,A,-,10,21950,A,N,B,B,B,A,H,-,C,D,0,Y,,,,Y,Y,A,01,0,1,0,0,1,0,0,0,0,"- ","- ",,,"SAN DIEGO","CHULA VISTA",-117.07769033,32.635643860000002
8185054,2016,2016-12-14,3702,2016-11-30,0932,CV0815,,3,5,6,3702,0,0,0,,0,012,BROADWAY,"F ST",0.00,,Y,A,-,N,,,,,,,,,,N,2,0,1,2,A,-,10,21950,A,F,G,B,B,A,H,-,A,A,0,Y,,,,Y,,A,01,1,0,0,0,1,0,0,0,0,"- ","- ",,,"SAN DIEGO","CHULA VISTA",-117.09217,32.63784004
8185055,2016,2016-12-15,3702,2016-11-21,1846,CV1053,,1,5,6,3702,0,0,0,,0,014,"E ST","GARRETT AV",99.00,W,N,B,-,N,,,,,,,,,,N,3,0,1,2,A,-,11,21954,A,N,G,B,D,A,H,-,C,D,0,Y,,,,Y,,N,60,0,1,0,0,1,0,0,0,0,"- ","- ",,,"SAN DIEGO","CHULA VISTA",-117.08356452,32.644115409999998
8185096,2016,2016-12-15,3702,2016-11-18,1454,CV1184,,5,5,6,3702,0,0,0,,0,011,BROADWAY,"D AV",3.00,S,N,A,-,N,,,,,,,,,,N,3,0,1,2,A,-,17,21451,A,N,G,B,B,A,H,-,A,A,0,Y,,,,Y,,A,08,0,1,0,0,1,0,0,0,0,"- ","- ",,,"SAN DIEGO","CHULA VISTA",-117.09483695999999,32.644752199999999
8185123,2016,2016-12-14,3702,2016-10-19,1600,CV1192,,3,5,6,3702,0,0,0,,0,012,BROADWAY,"F ST",270.00,S,N,A,-,N,,,,,,,,,,N,2,0,1,2,A,-,07,21658,A,N,B,G,A,A,H,-,A,D,0,,Y,,,Y,,L,04,1,0,0,0,0,0,1,0,0,"- ","- ",,,"SAN DIEGO","CHULA VISTA",-117.09188849,32.637139830000002
8185163,2016,2016-12-14,3702,2016-10-26,0911,CV0833,,3,5,6,3702,0,0,0,,0,041,"HERITAGE RD","EAST PALOMAR ST",12.00,S,N,A,-,N,,,,,,,,,,N,4,0,1,2,A,-,11,21106,B,N,G,B,B,A,H,-,A,A,0,Y,,,,Y,,N,60,0,0,1,0,1,0,0,0,0,"- ","- ",,,"SAN DIEGO","CHULA VISTA",-117.00457491,32.621154910000001
8206995,2016,2017-01-10,3702,2016-12-01,1035,CV0921,,4,5,6,3702,0,0,0,,0,031,"H ST","HILLTOP DR",0.00,,Y,A,-,N,,,,,,,,,,N,3,0,1,2,A,-,10,21950,A,F,G,B,B,A,H,-,A,D,0,Y,,,,Y,,-,99,0,1,0,0,1,0,0,0,0,"- ","- ",,,"SAN DIEGO","CHULA VISTA",-117.06499005000001,32.637830030000003
8206999,2016,2017-01-10,3702,2016-12-08,1824,CV1053,,4,5,6,3702,0,0,0,,0,013,"3RD AV","K ST",3.00,N,N,A,-,N,,,,,,,,,,N,4,0,1,2,A,-,12,21453,A,F,G,B,B,A,H,-,C,A,0,Y,Y,,,Y,,L,04,0,0,1,0,1,0,0,0,0,"- ","- ",,,"SAN DIEGO","CHULA VISTA",-117.07314306000001,32.6240478
8207218,2016,2017-01-12,3702,2016-11-20,2205,CV1060,,7,5,6,3702,0,0,0,,0,023,"NACION AV","MONTCLAIR ST",66.00,S,N,B,-,N,,,,,,,,,,Y,2,0,1,3,A,-,01,23152,A,N,G,B,E,B,H,-,C,D,0,Y,,,,Y,Y,A,01,1,0,0,0,1,0,0,0,0,"- ","- ",,,"SAN DIEGO","CHULA VISTA",-117.0415794,32.622779389999998
8207242,2016,2017-01-12,3702,2016-11-18,1933,CV1096,,5,5,6,3702,0,0,0,,0,041,"EAST PALOMAR","DAVIES ST",5.00,W,N,A,-,N,,,,,,,,,,N,3,0,1,2,A,-,14,21201,D,N,B,G,A,A,H,-,C,A,0,,Y,,,Y,,L,04,0,1,0,0,0,0,1,0,0,"- ","- ",,,"SAN DIEGO","CHULA VISTA",-117.02390595999999,32.61437772
8282486,2016,2017-01-20,3702,2016-12-24,1315,CV1125,,6,5,6,3702,0,0,0,,0,021,"BROADWAY ST","NAPLES ST",443.00,S,N,A,-,N,,,,,,,,,,N,3,0,1,3,B,-,22,,,M,B,E,F,B,H,-,A,D,0,Y,,,,Y,Y,-,99,0,1,0,0,1,0,0,0,0,"- ","- ",,,"SAN DIEGO","CHULA VISTA",-117.08098347000001,32.60907701
8282541,2016,2017-01-20,3702,2016-12-22,1715,CV1098,,4,5,6,3702,0,0,0,,0,023,"E ONEIDA ST","JUDSON WY",298.00,E,N,C,-,N,,,,,,,,,,N,4,0,1,2,A,-,21,22106,,F,H,G,A,B,H,-,B,D,0,,Y,,,Y,,-,99,0,0,1,0,0,0,1,0,0,"- ","- ",,,"SAN DIEGO","CHULA VISTA",-117.04930362,32.613744390000001
8282549,2016,2017-01-20,3702,2016-12-09,1417,CV1170,,5,5,6,3702,0,0,0,,0,013,"L ST",BROADWAY,5.00,E,N,A,-,N,,,,,,,,,,Y,4,0,2,2,A,-,12,21453,A,N,G,B,B,A,H,-,A,A,0,Y,,,,Y,,A,01,0,0,2,0,1,0,0,0,0,"- ","- ",,,"SAN DIEGO","CHULA VISTA",-117.08406463,32.617164289999998
8282557,2016,2017-01-20,3702,2016-12-14,1344,CV1116,,3,5,6,3702,0,0,0,,0,024,"MAIN ST","MACE ST",426.00,W,N,A,-,N,,,,,,,,,,N,4,0,1,2,A,-,09,21804,A,N,D,G,A,A,H,-,A,D,0,,Y,,,Y,,A,01,0,0,1,0,0,0,1,0,0,"- ","- ",,,"SAN DIEGO","CHULA VISTA",-117.05507835,32.59472633
8282559,2017,2017-01-31,3702,2017-01-05,1726,CV1031,,4,5,6,3702,0,0,0,,0,012,BROADWAY,"H ST",0.00,,Y,C,-,N,,,,,,,,,,N,4,0,1,2,D,-,00,,,N,G,B,B,B,H,-,C,A,0,Y,,,,Y,,-,"- ",0,0,1,0,1,0,0,0,0,"- ","- ",,,"SAN DIEGO","CHULA VISTA",-117.08946007999999,32.630960109999997
8283085,2016,2017-01-24,3702,2016-12-18,1404,CV1079,,7,5,6,3702,0,0,0,,0,022,"3RD AV","OXFORD ST",70.00,S,N,A,-,N,,,,,,,,,,N,3,0,1,2,A,-,11,21955,,N,G,B,D,A,H,-,A,D,0,Y,,,,Y,,N,60,0,1,0,0,1,0,0,0,0,"- ","- ",,,"SAN DIEGO","CHULA VISTA",-117.06766075,32.610047440000002
8283252,2016,2017-02-02,3702,2016-12-17,1816,CV0756,,6,5,6,3702,0,0,0,,0,012,"E ST","CHURCH AV",19.00,E,N,A,-,N,,,,,,,,,,N,3,0,1,2,A,-,03,22350,,N,G,B,E,A,H,-,C,A,0,Y,,,,Y,,A,01,0,1,0,0,1,0,0,0,0,"- ","- ",,,"SAN DIEGO","CHULA VISTA",-117.08016163000001,32.64506643
8297262,2017,2017-03-09,3702,2017-01-10,1145,CV1005,,2,5,6,3702,0,0,0,,0,032,"BONITA RD","WILLOW RD",0.00,,Y,A,-,N,,,,,,,,,,N,4,0,1,2,A,-,09,21453,B,N,G,B,B,A,H,-,A,A,0,Y,,,,Y,Y,A,01,0,0,1,0,1,0,0,0,0,"- ","- ",,,"SAN DIEGO","CHULA VISTA",-117.04083013,32.65804009
8297592,2017,2017-02-14,3702,2017-01-12,1857,CV1031,,4,5,6,3702,0,0,0,,0,012,"H ST",BROADWAY,0.00,,Y,C,-,N,,,,,,,,,,N,3,0,1,2,A,-,11,21456,B,N,G,B,B,B,H,-,C,A,0,Y,,,,Y,Y,N,60,0,1,0,0,1,0,0,0,0,"- ","- ",,,"SAN DIEGO","CHULA VISTA",-117.08946007999999,32.630960109999997
8313720,2017,2017-12-28,3702,2017-01-14,1509,CV1098,,6,5,6,3702,0,0,0,,0,012,"H ST","WOODLAWN AV",0.00,,Y,A,-,N,,,,,,,,,,N,4,0,2,3,A,-,08,22107,,M,G,B,B,A,H,-,A,D,0,Y,,,,Y,,A,01,0,0,2,0,2,0,0,0,0,"- ","- ",,,"SAN DIEGO","CHULA VISTA",-117.09391007000001,32.629720020000001
8313770,2017,2017-12-28,3702,2017-01-30,1943,CV1132,,1,5,6,3702,0,0,0,,0,014,"NORTH 2ND AV","RT 54",528.00,S,N,A,-,N,,,,,,,,,,N,4,0,1,2,A,-,03,22350,,M,G,B,E,A,H,-,C,D,0,Y,,,,Y,,-,99,0,0,1,0,1,0,0,0,0,"- ","- ",,,"SAN DIEGO","CHULA VISTA",-117.08248743999999,32.65796169