CASE_ID,ACCIDENT_YEAR,PROC_DATE,JURIS,COLLISION_DATE,COLLISION_TIME,OFFICER_ID,REPORTING_DISTRICT,DAY_OF_WEEK,CHP_SHIFT,POPULATION,CNTY_CITY_LOC,SPECIAL_COND,BEAT_TYPE,CHP_BEAT_TYPE,CITY_DIVISION_LAPD,CHP_BEAT_CLASS,BEAT_NUMBER,PRIMARY_RD,SECONDARY_RD,DISTANCE,DIRECTION,INTERSECTION,WEATHER_1,WEATHER_2,STATE_HWY_IND,CALTRANS_COUNTY,CALTRANS_DISTRICT,STATE_ROUTE,ROUTE_SUFFIX,POSTMILE_PREFIX,POSTMILE,LOCATION_TYPE,RAMP_INTERSECTION,SIDE_OF_HWY,TOW_AWAY,COLLISION_SEVERITY,NUMBER_KILLED,NUMBER_INJURED,PARTY_COUNT,PRIMARY_COLL_FACTOR,PCF_CODE_OF_VIOL,PCF_VIOL_CATEGORY,PCF_VIOLATION,PCF_VIOL_SUBSECTION,HIT_AND_RUN,TYPE_OF_COLLISION,MVIW,PED_ACTION,ROAD_SURFACE,ROAD_COND_1,ROAD_COND_2,LIGHTING,CONTROL_DEVICE,CHP_ROAD_TYPE,PEDESTRIAN_ACCIDENT,BICYCLE_ACCIDENT,MOTORCYCLE_ACCIDENT,TRUCK_ACCIDENT,NOT_PRIVATE_PROPERTY,ALCOHOL_INVOLVED,STWD_VEHTYPE_AT_FAULT,CHP_VEHTYPE_AT_FAULT,COUNT_SEVERE_INJ,COUNT_VISIBLE_INJ,COUNT_COMPLAINT_PAIN,COUNT_PED_KILLED,COUNT_PED_INJURED,COUNT_BICYCLIST_KILLED,COUNT_BICYCLIST_INJURED,COUNT_MC_KILLED,COUNT_MC_INJURED,PRIMARY_RAMP,SECONDARY_RAMP,LATITUDE,LONGITUDE,COUNTY,CITY,POINT_X,POINT_Y
8313778,2017,2017-03-06,3702,2017-01-16,1921,CV1096,,1,5,6,3702,0,0,0,,0,023,"MONSERATE AV","EAST PALOMAR ST",0.00,,Y,A,-,N,,,,,,,,,,N,4,0,1,2,A,-,10,21950,A,N,G,B,D,A,H,-,C,D,0,Y,,,,Y,,A,01,0,0,1,0,1,0,0,0,0,"- ","- ",,,"SAN DIEGO","CHULA VISTA",-117.04665008000001,32.612780100000002
8313821,2017,2017-03-06,3702,2017-01-28,1010,CV0765,,6,5,6,3702,0,0,0,,0,013,"3RD AV","KEARNEY ST",156.00,S,N,A,-,N,,,,,,,,,,N,4,0,1,2,A,-,10,21952,,M,G,B,F,A,H,-,A,D,0,Y,,,,Y,,-,,0,0,1,0,1,0,0,0,0,"- ","- ",,,"SAN DIEGO","CHULA VISTA",-117.07366063000001,32.62536454
8313825,2017,2017-03-06,3702,2017-01-06,1551,CV1021,,5,5,6,3702,0,0,0,,0,011,BROADWAY,"D ST",0.00,,Y,A,-,N,,,,,,,,,,N,4,0,1,2,D,-,00,,,N,D,G,A,A,H,-,A,A,0,,Y,,,Y,,-,"- ",0,0,1,0,0,0,1,0,0,"- ","- ",,,"SAN DIEGO","CHULA VISTA",-117.09484006,32.644760009999999
8313828,2017,2017-03-03,3702,2017-02-07,1500,CV1079,,2,5,6,3702,0,0,0,,0,023,"EAST PALOMAR ST","OLEANDER AV",9.00,E,N,A,-,N,,,,,,,,,,N,3,0,1,2,A,-,10,21950,A,M,G,B,B,A,H,-,A,D,0,Y,,,,Y,,A,01,0,1,0,0,1,0,0,0,0,"- ","- ",,,"SAN DIEGO","CHULA VISTA",-117.03364492,32.614677460000003
8314079,2017,2017-03-03,3702,2017-02-08,2341,CV1193,,3,5,6,3702,0,0,0,,0,022,"4TH AV","MOSS ST",6.00,S,N,E,-,N,,,,,,,,,,N,3,0,1,2,A,-,10,21950,A,N,G,B,B,A,H,-,C,A,0,Y,,,,Y,,A,01,0,1,0,0,1,0,0,0,0,"- ","- ",,,"SAN DIEGO","CHULA VISTA",-117.07453395,32.615964380000001
8329244,2017,2017-03-28,3702,2017-01-10,0125,CV0986,,2,5,6,3702,0,0,0,,0,022,"ORANGE AV","ALBANY AV",400.00,E,N,E,-,N,,,,,,,,,,N,2,0,1,2,A,-,11,21954,A,N,G,B,E,A,H,-,C,D,0,Y,,,,Y,,N,60,1,0,0,0,1,0,0,0,0,"- ","- ",,,"SAN DIEGO","CHULA VISTA",-117.05683252999999,32.601127509999998
8329281,2017,2017-03-28,3702,2017-02-10,1631,CV1192,,5,5,6,3702,0,0,0,,0,013,"5TH AV","SIERRA  WAY",250.00,N,N,A,-,N,,,,,,,,,,N,4,0,1,2,A,-,17,21203,,F,G,B,E,A,H,-,A,D,0,Y,,,,Y,,N,60,0,0,1,0,1,0,0,0,0,"- ","- ",,,"SAN DIEGO","CHULA VISTA",-117.08088674,32.620659400000001
8329452,2017,2017-03-27,3702,2017-03-06,1052,CV0815,,1,5,6,3702,0,0,0,,0,012,"H ST","JEFFERSON ST",35.00,E,N,A,-,N,,,,,,,,,,Y,2,0,1,2,A,-,11,21954,A,N,G,B,D,A,H,-,A,A,0,Y,,,,Y,,N,60,1,0,0,0,1,0,0,0,0,"- ","- ",,,"SAN DIEGO","CHULA VISTA",-117.09174256999999,32.630330440000002
8329476,2017,2017-03-28,3702,2017-03-12,0920,CV1170,,7,5,6,3702,0,0,0,,0,012,"4TH AV","CENTER ST",250.00,S,N,A,-,N,,,,,,,,,,N,3,0,1,1,A,-,08,22107,,N,H,A,A,A,H,-,A,D,0,,Y,,,Y,,L,04,0,1,0,0,0,0,1,0,0,"- ","- ",,,"SAN DIEGO","CHULA VISTA",-117.08340171,32.638628240000003
8329495,2017,2017-03-28,3702,2017-03-17,1333,CV1113,,5,5,6,3702,0,0,0,,0,012,"5TH AV","G ST",150.00,S,N,A,-,N,,,,,,,,,,N,3,0,1,2,A,-,11,21954,A,N,G,B,D,A,H,-,A,D,0,Y,,,,Y,,N,60,0,1,0,0,1,0,0,0,0,"- ","- ",,,"SAN DIEGO","CHULA VISTA",-117.08654586,32.635150379999999
8329503,2017,2017-03-28,3702,2017-03-06,0906,CV1004,,1,5,6,3702,0,0,0,,0,031,"PASEO DEL REY","EAST H ST",5.00,S,N,A,-,N,,,,,,,,,,N,4,0,1,2,A,-,10,21950,A,N,G,B,B,A,H,-,A,A,0,Y,,,,Y,,A,08,0,0,1,0,1,0,0,0,0,"- ","- ",,,"SAN DIEGO","CHULA VISTA",-117.02928246,32.636006459999997
8334581,2017,2017-03-30,3702,2017-02-18,0900,CV1170,,6,5,6,3702,0,0,0,,0,021,BROADWAY,NAPLES,594.00,S,N,A,-,N,,,,,,,,,,N,4,0,1,2,A,-,05,21651,B,N,D,G,A,B,H,-,A,D,0,,Y,,,Y,,L,04,0,0,1,0,0,0,1,0,0,"- ","- ",,,"SAN DIEGO","CHULA VISTA",-117.08082628,32.608685379999997
8335951,2017,2018-02-15,3702,2017-03-27,1407,CV0815,,1,5,6,3702,0,0,0,,0,024,"MAIN ST","RT 805",21.00,E,N,A,-,Y,SD,11,805,-,-,5.791,R,4,N,N,4,0,1,2,D,-,00,,,N,G,B,B,A,H,-,A,A,0,Y,,,,Y,,-,"- ",0,0,1,0,1,0,0,0,0,"- ",EF,,,"SAN DIEGO","CHULA VISTA",-117.04185086,32.625046640000001
8341441,2017,2017-04-19,3702,2017-03-02,0940,CV0928,,4,5,6,3702,0,0,0,,0,024,"MAIN ST","MELROSE AV",0.00,,Y,A,-,N,,,,,,,,,,N,3,0,1,2,A,-,10,21950,A,N,G,B,B,A,H,-,A,A,0,Y,,,,Y,,A,01,0,1,0,0,1,0,0,0,0,"- ","- ",,,"SAN DIEGO","CHULA VISTA",-117.04012003,32.594810099999997
8341472,2017,2017-04-25,3702,2017-04-02,1205,CV0980,,7,5,6,3702,0,0,0,,0,021,BROADWAY,"OXFORD ST",0.00,,Y,A,-,N,,,,,,,,,,N,3,0,1,2,A,-,08,22107,,N,G,B,B,A,H,-,A,A,0,Y,,,,Y,,D,22,0,1,0,0,1,0,0,0,0,"- ","- ",,,"SAN DIEGO","CHULA VISTA",-117.08006005,32.606740029999997
8341478,2017,2017-04-20,3702,2017-03-26,2142,CV1111,,7,5,6,3702,0,0,0,,0,022,"PALOMAR ST","1ST AV",200.00,W,N,A,-,N,,,,,,,,,,N,3,0,1,2,A,-,11,21955,,N,G,B,C,A,H,-,C,D,0,Y,,,,Y,Y,N,60,0,1,0,0,1,0,0,0,0,"- ","- ",,,"SAN DIEGO","CHULA VISTA",-117.0588448,32.608898770000003
8341514,2017,2017-04-20,3702,2017-03-14,0755,CV1042,,2,5,6,3702,0,0,0,,0,022,"ORANGE AV",ALBANY,0.00,,Y,A,-,N,,,,,,,,,,N,2,0,1,2,A,-,12,21453,A,F,G,B,B,A,H,-,A,A,0,Y,,,,Y,Y,-,,1,0,0,0,1,0,0,0,0,"- ","- ",,,"SAN DIEGO","CHULA VISTA",-117.05808,32.601400089999998
8345194,2017,2017-04-24,3702,2017-03-19,1941,CV0847,,7,5,6,3702,0,0,0,,0,013,"L ST","COLORADO AV",12.00,W,N,A,-,N,,,,,,,,,,N,3,0,1,2,A,-,05,21650,1,N,A,G,A,A,H,-,C,A,0,,Y,,,Y,,L,04,0,1,0,0,0,0,1,0,0,"- ","- ",,,"SAN DIEGO","CHULA VISTA",-117.08933699000001,32.615689969999998
8384098,2017,2017-07-17,3702,2017-05-01,1102,CV1026,,1,5,6,3702,0,0,0,,0,023,"E NAPLES","E NAPLES 300",0.00,,-,A,-,N,,,,,,,,,,N,3,0,1,2,A,-,08,22107,,N,C,G,A,A,H,-,A,D,0,,Y,,,Y,,L,04,0,1,0,0,0,0,1,0,0,"- ","- ",,,"SAN DIEGO","CHULA VISTA",-117.04572558,32.620294860000001
8389221,2017,2017-06-29,3702,2017-04-20,0740,CV1005,,4,5,6,3702,0,0,0,,0,042,"LA MEDIA RD","BIRCH RD",144.00,N,N,A,-,N,,,,,,,,,,N,3,0,1,2,A,-,17,21208,B,N,C,E,A,A,C,-,A,D,0,,Y,,,Y,,L,04,0,1,0,0,0,0,1,0,0,"- ","- ",,,"SAN DIEGO","CHULA VISTA",-116.98402657,32.617864109999999
8390172,2017,2017-06-19,3702,2017-05-01,0658,CV1207,,1,5,6,3702,0,0,0,,0,031,"EASTLAKE PKWY","MILLER DR",12.00,S,N,A,-,N,,,,,,,,,,N,3,0,1,2,A,-,12,21453,A,F,H,G,A,A,H,-,A,A,0,,Y,,,Y,,L,04,0,1,0,0,0,0,1,0,0,"- ","- ",,,"SAN DIEGO","CHULA VISTA",-116.96847601,32.652644090000003
8390182,2017,2017-06-19,3702,2017-04-14,1325,CV0736,,5,5,6,3702,0,0,0,,0,041,"PALOMAR ST","MEDICAL CENTER DR",261.00,E,N,A,-,N,,,,,,,,,,Y,2,0,1,2,A,-,17,21209,,N,C,G,A,A,H,-,A,D,0,,Y,,,Y,,A,07,1,0,0,0,0,0,1,0,0,"- ","- ",,,"SAN DIEGO","CHULA VISTA",-117.02634164,32.614490600000003
8390204,2017,2017-06-19,3702,2017-05-21,1615,CV1201,,7,5,6,3702,0,0,0,,0,012,"BAYSIDE PKWY","QUAY AV",229.00,W,N,A,-,N,,,,,,,,,,N,3,0,1,1,A,-,03,22350,,N,F,A,A,A,H,-,A,D,0,,Y,,,Y,,L,04,0,1,0,0,0,0,1,0,0,"- ","- ",,,"SAN DIEGO","CHULA VISTA",-117.10679817,32.627843069999997
8390206,2017,2017-06-19,3702,2017-04-22,2200,CV1174,,6,5,6,3702,0,0,0,,0,032,"EASTLAKE PKWY","OLYMPIC PKWY",0.00,,Y,A,-,N,,,,,,,,,,N,4,0,1,2,A,-,10,21950,A,F,G,B,B,A,H,-,C,A,0,Y,,,,Y,,-,,0,0,1,0,1,0,0,0,0,"- ","- ",,,"SAN DIEGO","CHULA VISTA",-116.96467011,32.62779003
8390208,2017,2017-06-19,3702,2017-04-07,1330,CV1051,,5,5,6,3702,0,0,0,,0,011,"FLOWER ST","MADISON AV",57.00,E,N,A,-,N,,,,,,,,,,N,3,0,2,2,A,-,08,22107,,N,D,G,A,B,H,-,A,A,0,,Y,,,Y,,L,04,0,1,1,0,0,0,2,0,0,"- ","- ",,,"SAN DIEGO","CHULA VISTA",-117.09504441,32.642778040000003
8390212,2017,2017-06-19,3702,2017-05-02,1622,CV1156,,2,5,6,3702,0,0,0,,0,011,"4TH AV","C ST",0.00,,Y,A,-,N,,,,,,,,,,N,3,0,1,2,A,-,11,21453,D,N,G,B,B,A,H,-,A,A,0,Y,,,,Y,Y,N,60,0,1,0,0,1,0,0,0,0,"- ","- ",,,"SAN DIEGO","CHULA VISTA",-117.08799005,32.650530109999998
8390216,2017,2017-06-19,3702,2017-05-03,1056,CV1091,,3,5,6,3702,0,0,0,,0,012,"H ST","WOODLAWN AV",180.00,E,N,A,-,N,,,,,,,,,,N,3,0,1,2,A,-,08,22107,,F,D,G,A,A,H,-,A,A,0,,Y,,,Y,,A,01,0,1,0,0,0,0,1,0,0,"- ","- ",,,"SAN DIEGO","CHULA VISTA",-117.09335279,32.629863890000003
8404781,2018,2018-06-09,3702,2018-02-09,1801,CV1060,,5,5,6,3702,0,0,0,,0,031,"EAST H ST","BUENA VISTA WY",0.00,,Y,A,-,N,,,,,,,,,,Y,1,1,0,3,A,-,11,21456,B,N,G,B,B,A,H,-,C,A,0,Y,,,,Y,,N,60,0,0,0,1,0,0,0,0,0,"- ","- ",,,"SAN DIEGO","CHULA VISTA",-117.00581359863281,32.64141845703125
8404845,2018,2018-06-09,3702,2018-03-11,2144,CV0815,,7,5,6,3702,0,0,0,,0,022,"MOSS ST","4TH AV",119.00,W,N,A,-,N,,,,,,,,,,N,1,1,0,2,A,-,03,22350,,F,G,B,D,A,H,-,C,A,0,Y,,,,Y,Y,A,01,0,0,0,1,0,0,0,0,0,"- ","- ",,,"SAN DIEGO","CHULA VISTA",-117.07490539550781,32.615875244140625
8404886,2017,2019-04-09,3702,2017-12-03,2202,CV0986,,7,5,6,3702,0,0,0,,0,024,"MAIN ST","REED CT",159.00,W,N,B,-,N,,,,,,,,,,Y,1,1,0,5,A,-,11,21954,A,F,G,B,E,A,H,-,C,A,0,Y,,,,Y,,N,60,0,0,0,1,0,0,0,0,0,"- ","- ",,,"SAN DIEGO","CHULA VISTA",-117.05639446000001,32.594732290000003
8405605,2017,2017-08-23,3702,2017-05-20,1427,CV0736,,6,5,6,3702,0,0,0,,0,042,"OTAY LAKES RD","WUESTE RD",0.00,,Y,A,-,N,,,,,,,,,,Y,2,0,1,2,A,-,08,22107,,N,A,B,E,A,H,-,A,A,0,Y,,,,Y,,D,22,1,0,0,0,1,0,0,0,0,"- ","- ",,,"SAN DIEGO","CHULA VISTA",-116.93593001000001,32.643300089999997
8412016,2017,2018-04-12,3702,2017-05-26,1449,CV0866,,5,5,6,3702,0,0,0,,0,021,"INDUSTRIAL BL","RT 5",0.00,,Y,A,-,Y,SD,11,5,-,-,6.700,R,4,N,N,3,0,1,2,A,-,09,21802,A,N,B,G,A,A,H,-,A,D,0,,Y,,,Y,,L,04,0,1,0,0,0,0,1,0,0,"- ",NO,,,"SAN DIEGO","CHULA VISTA",-117.09095429,32.613653849999999
8414377,2017,2017-09-26,3702,2017-05-09,1245,CV0896,,2,5,6,3702,0,0,0,,0,022,"2ND AV","PALOMAR ST",3.00,N,N,A,-,N,,,,,,,,,,N,4,0,1,2,A,-,11,21456,B,N,G,B,B,A,H,-,A,A,0,Y,,,,Y,,N,60,0,0,1,0,1,0,0,0,0,"- ","- ",,,"SAN DIEGO","CHULA VISTA",-117.06233295,32.607937829999997
8416982,2017,2017-09-08,3702,2017-06-15,1000,CV1206,,4,5,6,3702,0,0,0,,0,012,"4TH AV","ROOSEVELT ST",0.00,,Y,A,-,N,,,,,,,,,,N,4,0,1,2,A,-,11,21954,A,M,C,B,D,A,H,-,A,D,0,Y,,,,Y,Y,N,60,0,0,1,0,1,0,0,0,0,"- ","- ",,,"SAN DIEGO","CHULA VISTA",-117.08196006999999,32.63493004
8417014,2017,2017-07-28,3702,2017-06-03,1530,CV1107,,6,5,6,3702,0,0,0,,0,013,"BAY BL","MARINA PKWY",0.00,,Y,B,-,N,,,,,,,,,,N,4,0,1,2,A,-,09,21802,A,N,D,G,A,A,H,-,A,A,0,,Y,Y,,Y,,C,02,0,0,1,0,0,0,1,0,0,"- ","- ",,,"SAN DIEGO","CHULA VISTA",-117.0946902,32.621723369999998
8417022,2017,2017-07-28,3702,2017-06-04,1614,CV0979,,7,5,6,3702,0,0,0,,0,014,"HILLTOP DR","E WHITNEY ST",92.00,S,N,A,-,N,,,,,,,,,,N,3,0,1,2,A,-,11,21954,A,N,D,B,E,A,H,-,A,D,0,Y,,,,Y,,N,60,0,1,0,0,1,0,0,0,0,"- ","- ",,,"SAN DIEGO","CHULA VISTA",-117.06416806999999,32.63573031
8417030,2017,2017-07-28,3702,2017-06-08,1705,CV1099,,4,5,6,3702,0,0,0,,0,021,BROADWAY,"L ST",0.00,,Y,A,-,N,,,,,,,,,,N,3,0,1,2,A,-,12,21453,A,N,D,G,A,A,H,-,A,A,0,,Y,,,Y,Y,L,04,0,1,0,0,0,0,1,0,0,"- ","- ",,,"SAN DIEGO","CHULA VISTA",-117.08408008000001,32.617160079999998
8417232,2017,2017-07-31,3702,2017-05-11,0649,CV1081,,4,5,6,3702,0,0,0,,0,011,"5TH AV","DAVIDSON ST",12.00,N,N,A,-,N,,,,,,,,,,N,4,0,1,2,A,-,10,21950,A,N,G,B,B,A,H,-,A,A,0,Y,,,,Y,,A,01,0,0,1,0,1,0,0,0,0,"- ","- ",,,"SAN DIEGO","CHULA VISTA",-117.08872229000001,32.640751180000002
8417236,2017,2017-07-31,3702,2017-05-17,1515,CV1079,,3,5,6,3702,0,0,0,,0,024,BANNER,"ANITA ST",8.00,S,N,A,-,N,,,,,,,,,,N,3,0,1,2,A,-,12,22450,A,N,B,G,A,A,H,-,A,D,0,,Y,,,Y,,L,04,0,1,0,0,0,0,1,0,0,"- ","- ",,,"SAN DIEGO","CHULA VISTA",-117.06023,32.598878089999999
8417285,2017,2017-07-31,3702,2017-05-12,1355,CV1069,,5,5,6,3702,0,0,0,,0,013,"3RD AV","J ST",320.00,N,N,A,-,N,,,,,,,,,,N,4,0,1,2,A,-,09,21804,A,F,D,G,A,A,H,-,A,D,0,,Y,,,Y,,-,,0,0,1,0,0,0,1,0,0,"- ","- ",,,"SAN DIEGO","CHULA VISTA",-117.07480941999999,32.628311009999997
8417289,2017,2017-07-31,3702,2017-05-04,1527,CV1165,,4,5,6,3702,0,0,0,,0,014,"TELEGRAPH CANYON RD","HILLTOP DR",10.00,E,N,A,-,N,,,,,,,,,,N,4,0,1,2,A,-,10,21950,A,M,G,B,B,A,H,-,A,D,0,Y,,,,Y,,A,07,0,0,1,0,1,0,0,0,0,"- ","- ",,,"SAN DIEGO","CHULA VISTA",-117.0605676,32.627999770000002
8424213,2017,2017-08-16,3702,2017-07-12,1417,CV0777,,3,5,6,3702,0,0,0,,0,024,"CONNOLEY AV","SUZANNE LN",0.00,,Y,A,-,N,,,,,,,,,,N,3,0,1,2,A,-,09,21801,A,N,D,G,A,A,H,-,A,D,0,,Y,,,Y,,L,04,0,1,0,0,0,0,1,0,0,"- ","- ",,,"SAN DIEGO","CHULA VISTA",-117.05553009,32.600250039999999
8424271,2017,2017-08-11,3702,2017-06-22,1250,CV0968,,4,5,6,3702,0,0,0,,0,042,"NORMANDY DR","CALVEDOS DR",83.00,N,N,A,-,N,,,,,,,,,,N,4,0,1,3,A,-,21,22106,,N,D,C,E,A,H,-,A,D,0,Y,,,,Y,,A,01,0,0,1,0,1,0,0,0,0,"- ","- ",,,"SAN DIEGO","CHULA VISTA",-116.98010504,32.628165420000002
8424292,2017,2017-08-10,3702,2017-07-14,0955,CV1190,,5,5,6,3702,0,0,0,,0,011,BROADWAY,"D ST",0.00,,Y,A,-,N,,,,,,,,,,N,3,0,1,2,A,-,09,21801,A,N,G,B,B,A,H,-,A,B,0,Y,,,,Y,,A,01,0,1,0,0,1,0,0,0,0,"- ","- ",,,"SAN DIEGO","CHULA VISTA",-117.09484006,32.644760009999999
8424320,2017,2017-08-11,3702,2017-07-12,1557,CV1147,,3,5,6,3702,0,0,0,,0,032,"MACKENZIE CREEK RD","ROCK TER",2.00,W,N,A,-,N,,,,,,,,,,N,3,0,1,2,A,-,12,22450,A,N,B,G,A,A,H,-,A,D,0,,Y,,,Y,,L,04,0,1,0,0,0,0,1,0,0,"- ","- ",,,"SAN DIEGO","CHULA VISTA",-116.97005557,32.658687209999997
8424413,2017,2017-08-11,3702,2017-07-20,1300,CV0730,,4,5,6,3702,0,0,0,,0,013,"3RD AV","J ST",553.00,N,N,A,-,N,,,,,,,,,,N,3,0,1,2,A,-,11,21954,A,N,B,B,D,A,H,-,A,D,0,Y,,,,Y,,N,60,0,1,0,0,1,0,0,0,0,"- ","- ",,,"SAN DIEGO","CHULA VISTA",-117.07504769000001,32.628916529999998
8424421,2017,2017-08-11,3702,2017-07-30,1225,CV1190,,7,5,6,3702,0,0,0,,0,011,"E ST","BRIGHTWOOD AV",12.00,E,N,A,-,N,,,,,,,,,,N,3,0,2,2,A,-,09,21802,A,N,D,G,A,A,H,-,A,D,0,,Y,,,Y,,L,04,0,2,0,0,0,0,1,0,0,"- ","- ",,,"SAN DIEGO","CHULA VISTA",-117.08800318999999,32.642860519999999
8424425,2017,2017-08-11,3702,2017-07-16,2100,CV1193,,7,5,6,3702,0,0,0,,0,031,"HIDDEN VISTA DR","SMOKY CIR",80.00,S,N,A,-,N,,,,,,,,,,N,3,0,1,2,A,-,11,21956,A,M,B,B,E,A,H,-,C,D,0,Y,,,,Y,Y,N,60,0,1,0,0,1,0,0,0,0,"- ","- ",,,"SAN DIEGO","CHULA VISTA",-117.04643256,32.642773570000003
8424441,2017,2017-08-11,3702,2017-07-02,2100,DV0980,,7,5,6,3702,0,0,0,,0,012,"MARINA PKWY","SANDPIPER WY",0.00,,Y,A,-,N,,,,,,,,,,N,3,0,1,2,A,-,12,22450,A,N,D,G,A,A,H,-,C,A,0,,Y,,,Y,,L,04,0,1,0,0,0,0,1,0,0,"- ","- ",,,"SAN DIEGO","CHULA VISTA",-117.1014,32.626600009999997
8425725,2017,2017-08-17,3702,2017-06-15,1600,CV1099,,4,5,6,3702,0,0,0,,0,021,"PALOMAR ST","INDUSTRIAL BL",590.00,E,N,A,-,N,,,,,,,,,,N,3,0,1,2,A,-,10,21950,A,N,G,B,B,A,H,-,A,A,0,Y,,,Y,Y,,F,26,0,1,0,0,1,0,0,0,0,"- ","- ",,,"SAN DIEGO","CHULA VISTA",-117.08371210999999,32.603754510000002
8453857,2017,2017-10-12,3702,2017-08-01,1810,CV1206,,2,5,6,3702,0,0,0,,0,013,"3RD AV","LANDIS AV",100.00,W,N,B,-,N,,,,,,,,,,N,4,0,1,2,A,-,08,38314,,N,G,B,C,A,H,-,A,D,0,Y,,,,Y,,A,07,0,0,1,0,1,0,0,0,0,"- ","- ",,,"SAN DIEGO","CHULA VISTA",-117.12284,32.745570000000001
8460085,2017,2017-10-04,3702,2017-08-29,1254,CV1079,,2,5,6,3702,0,0,0,,0,024,"MAIN ST","3RD AV",60.00,W,N,A,-,N,,,,,,,,,,N,3,0,1,2,A,-,11,21954,A,F,G,B,D,A,H,-,A,D,0,Y,,,,Y,,N,60,0,1,0,0,1,0,0,0,0,"- ","- ",,,"SAN DIEGO","CHULA VISTA",-117.06470414,32.594779129999999
8460109,2017,2017-10-04,3702,2017-08-30,2142,CV1079,,3,5,6,3702,0,0,0,,0,014,"BONITA RD","E FLOWER ST",9.00,E,N,A,-,N,,,,,,,,,,N,4,0,1,2,A,-,10,21950,A,N,G,B,B,A,H,-,C,A,0,Y,,,,Y,,A,01,0,0,1,0,1,0,0,0,0,"- ","- ",,,"SAN DIEGO","CHULA VISTA",-117.06675258,32.648101660000002
8460113,2017,2017-10-04,3702,2017-08-28,0730,CV1223,,1,5,6,3702,0,0,0,,0,023,"HILLTOP DR","E REINSTRA ST",0.00,,Y,A,-,N,,,,,,,,,,N,4,0,1,2,A,-,10,21950,A,N,G,B,B,A,H,-,A,D,0,Y,,,,Y,,A,01,0,0,1,0,1,0,0,0,0,"- ","- ",,,"SAN DIEGO","CHULA VISTA",-117.05192011,32.604390049999999
8460115,2017,2017-10-04,3702,2017-09-06,1920,CV1141,,3,5,6,3702,0,0,0,,0,032,"MACKENZIE CREEK","LANE AV",0.00,,Y,A,-,N,,,,,,,,,,N,3,0,1,2,A,-,10,21950,A,N,G,B,B,A,H,-,C,A,0,Y,,,,Y,,A,01,0,1,0,0,1,0,0,0,0,"- ","- ",,,"SAN DIEGO","CHULA VISTA",-116.96191,32.656530060000001
8460121,2017,2017-10-04,3702,2017-08-26,2024,CV1226,,6,5,6,3702,0,0,0,,0,014,"3RD AV","E ST",101.00,S,N,A,-,N,,,,,,,,,,N,3,0,1,2,A,-,11,21954,A,N,G,B,D,B,H,-,C,D,0,Y,,,,Y,Y,N,60,0,1,0,0,1,0,0,0,0,"- ","- ",,,"SAN DIEGO","CHULA VISTA",-117.0811381,32.644487120000001
8460135,2017,2017-10-04,3702,2017-09-16,1910,CV1193,,6,5,6,3702,0,0,0,,0,012,"4TH AV","PARK WY",15.00,N,N,A,-,N,,,,,,,,,,N,3,0,1,2,A,-,10,21950,A,N,G,B,B,A,H,-,C,D,0,Y,,,,Y,,A,01,0,1,0,0,1,0,0,0,0,"- ","- ",,,"SAN DIEGO","CHULA VISTA",-117.08299518,32.637579029999998
8460137,2017,2017-10-05,3702,2017-08-05,2029,CV1111,,6,5,6,3702,0,0,0,,0,023,"E PALOMAR","MELROSE AV",0.00,,Y,A,-,N,,,,,,,,,,N,3,0,1,2,A,-,11,21950,B,N,G,B,B,A,H,-,C,A,0,Y,,,,Y,,N,60,0,1,0,0,1,0,0,0,0,"- ","- ",,,"SAN DIEGO","CHULA VISTA",-117.04457003,32.613370000000003
8460145,2017,2017-10-04,3702,2017-08-08,1606,CV1037,,2,5,6,3702,0,0,0,,0,042,"EASTLAKE PKWY","CLUBHOUSE DR",0.00,,Y,A,-,N,,,,,,,,,,N,4,0,1,2,A,-,10,21950,A,N,G,B,B,A,H,-,A,A,0,Y,,,,Y,,A,01,0,0,1,0,1,0,0,0,0,"- ","- ",,,"SAN DIEGO","CHULA VISTA",-116.96623001,32.640520049999999
8465662,2018,2019-03-01,3702,2018-09-21,1935,CV0736,,5,5,6,3702,0,0,0,,0,014,"EAST H ST",HILLTOP,500.00,E,N,A,-,N,,,,,,,,,,Y,1,1,1,2,A,-,11,21956,B,N,G,B,E,A,H,-,C,D,0,Y,,,,Y,Y,N,60,0,1,0,1,0,0,0,0,0,"- ","- ",,,"SAN DIEGO","CHULA VISTA",-117.06498718261719,32.637828826904297
8472166,2017,2018-06-14,3702,2017-08-16,0548,CV0986,,3,5,6,3702,0,0,0,,0,024,"MAIN ST","RT 805",0.00,,Y,A,-,Y,SD,11,805,-,-,3.865,R,4,S,Y,2,0,1,3,A,-,03,22350,,N,G,B,E,A,H,-,C,A,0,Y,,,,Y,,A,07,1,0,0,0,1,0,0,0,0,"- ",SF,,,"SAN DIEGO","CHULA VISTA",-117.03647855,32.59776342