CASE_ID,ACCIDENT_YEAR,PROC_DATE,JURIS,COLLISION_DATE,COLLISION_TIME,OFFICER_ID,REPORTING_DISTRICT,DAY_OF_WEEK,CHP_SHIFT,POPULATION,CNTY_CITY_LOC,SPECIAL_COND,BEAT_TYPE,CHP_BEAT_TYPE,CITY_DIVISION_LAPD,CHP_BEAT_CLASS,BEAT_NUMBER,PRIMARY_RD,SECONDARY_RD,DISTANCE,DIRECTION,INTERSECTION,WEATHER_1,WEATHER_2,STATE_HWY_IND,CALTRANS_COUNTY,CALTRANS_DISTRICT,STATE_ROUTE,ROUTE_SUFFIX,POSTMILE_PREFIX,POSTMILE,LOCATION_TYPE,RAMP_INTERSECTION,SIDE_OF_HWY,TOW_AWAY,COLLISION_SEVERITY,NUMBER_KILLED,NUMBER_INJURED,PARTY_COUNT,PRIMARY_COLL_FACTOR,PCF_CODE_OF_VIOL,PCF_VIOL_CATEGORY,PCF_VIOLATION,PCF_VIOL_SUBSECTION,HIT_AND_RUN,TYPE_OF_COLLISION,MVIW,PED_ACTION,ROAD_SURFACE,ROAD_COND_1,ROAD_COND_2,LIGHTING,CONTROL_DEVICE,CHP_ROAD_TYPE,PEDESTRIAN_ACCIDENT,BICYCLE_ACCIDENT,MOTORCYCLE_ACCIDENT,TRUCK_ACCIDENT,NOT_PRIVATE_PROPERTY,ALCOHOL_INVOLVED,STWD_VEHTYPE_AT_FAULT,CHP_VEHTYPE_AT_FAULT,COUNT_SEVERE_INJ,COUNT_VISIBLE_INJ,COUNT_COMPLAINT_PAIN,COUNT_PED_KILLED,COUNT_PED_INJURED,COUNT_BICYCLIST_KILLED,COUNT_BICYCLIST_INJURED,COUNT_MC_KILLED,COUNT_MC_INJURED,PRIMARY_RAMP,SECONDARY_RAMP,LATITUDE,LONGITUDE,COUNTY,CITY,POINT_X,POINT_Y
8472284,2017,2017-10-25,3702,2017-08-11,1427,CV1105,,5,5,6,3702,0,0,0,,0,042,"EASTLAKE PKWY","OTAY LAKES RD",0.00,,Y,A,-,N,,,,,,,,,,N,4,0,1,2,A,-,05,21650,1,N,D,G,A,A,H,-,A,A,0,,Y,,,Y,,L,04,0,0,1,0,0,0,1,0,0,"- ","- ",,,"SAN DIEGO","CHULA VISTA",-116.96556004,32.648260120000003
8472310,2017,2017-10-30,3702,2017-09-16,0606,CV0967,,6,5,6,3702,0,0,0,,0,031,"EAST J ST","CASSIA PL",0.00,,Y,B,-,N,,,,,,,,,,N,3,0,1,2,A,-,10,21950,A,N,G,B,B,A,H,-,C,A,0,Y,,,,Y,,D,22,0,1,0,0,1,0,0,0,0,"- ","- ",,,"SAN DIEGO","CHULA VISTA",-117.03624013,32.634960049999997
8497869,2017,2017-11-30,3702,2017-10-12,2000,CV1088,,4,5,6,3702,0,0,0,,0,023,"E NAPLES",HELIX,72.00,E,N,A,-,N,,,,,,,,,,N,3,0,1,2,A,-,03,22350,,N,C,E,A,A,H,-,D,D,0,,Y,,,Y,,L,04,0,1,0,0,0,0,1,0,0,"- ","- ",,,"SAN DIEGO","CHULA VISTA",-117.05395978999999,32.617924479999999
8497928,2017,2017-12-04,3702,2017-10-02,0630,CV0506,,1,5,6,3702,0,0,0,,0,031,"EAST H ST","PASEO DEL REY",3.00,W,N,A,-,N,,,,,,,,,,N,2,0,1,3,A,-,11,21950,B,N,G,B,C,A,H,-,C,A,0,Y,,,,Y,Y,N,60,1,0,0,0,1,0,0,0,0,"- ","- ",,,"SAN DIEGO","CHULA VISTA",-117.02928966,32.636020850000001
8497932,2017,2017-12-04,3702,2017-10-22,0906,CV1116,,7,5,6,3702,0,0,0,,0,042,"EAST PALOMAR ST","OLYMPIC PKWY",0.00,,Y,A,-,N,,,,,,,,,,N,3,0,1,1,A,-,16,24002,A,N,F,I,A,A,H,-,A,A,0,,Y,,,Y,,L,04,0,1,0,0,0,0,1,0,0,"- ","- ",,,"SAN DIEGO","CHULA VISTA",-116.97952012,32.629560040000001
8497940,2017,2017-12-04,3702,2017-10-15,1627,CV1116,,7,5,6,3702,0,0,0,,0,014,"CORTE ENTRADA","CAMINO ENTRADA",107.00,W,N,A,-,N,,,,,,,,,,N,3,0,1,1,C,-,18,,,N,E,I,A,A,H,-,A,D,0,,Y,,,Y,,-,"- ",0,1,0,0,0,0,1,0,0,"- ","- ",,,"SAN DIEGO","CHULA VISTA",-117.05503525,32.628653589999999
8497956,2017,2017-12-04,3702,2017-10-08,1250,CV1198,,7,5,6,3702,0,0,0,,0,021,BROADWAY,"PALOMAR ST",585.00,N,N,A,-,N,,,,,,,,,,N,4,0,1,2,A,-,05,21202,A,N,G,G,A,A,H,-,A,D,0,,Y,,,Y,,L,04,0,0,1,0,0,0,1,0,0,"- ","- ",,,"SAN DIEGO","CHULA VISTA",-117.0793618,32.604939039999998
8497976,2017,2017-12-04,3702,2017-10-24,0814,CV0984,,2,5,6,3702,0,0,0,,0,041,"MONARCH DR","SANTA LUCIA RD",6.00,W,N,A,-,N,,,,,,,,,,N,3,0,1,2,A,-,10,21950,A,N,G,B,B,A,H,-,A,D,0,Y,,,,Y,,A,01,0,1,0,0,1,0,0,0,0,"- ","- ",,,"SAN DIEGO","CHULA VISTA",-116.99617981999999,32.625303189999997
8497983,2017,2017-12-04,3702,2017-09-27,1217,CV0790,,3,5,6,3702,0,0,0,,0,023,"EAST L ST","MONSERATE AV",0.00,,Y,A,-,N,,,,,,,,,,N,4,0,1,2,A,-,11,21950,B,N,G,B,D,A,H,-,A,A,0,Y,,,,Y,,N,60,0,0,1,0,1,0,0,0,0,"- ","- ",,,"SAN DIEGO","CHULA VISTA",-117.05193011999999,32.626240109999998
8497987,2017,2017-12-04,3702,2017-09-29,2144,CV1212,,5,5,6,3702,0,0,0,,0,014,"N 4TH AV","C ST",97.00,N,N,A,-,N,,,,,,,,,,N,2,0,1,2,A,-,11,21950,B,N,G,B,D,A,H,-,C,A,0,Y,,,,Y,,N,60,1,0,0,0,1,0,0,0,0,"- ","- ",,,"SAN DIEGO","CHULA VISTA",-117.08808947999999,32.650782020000001
8499997,2017,2017-12-12,3702,2017-10-23,0800,CV0984,,1,5,6,3702,0,0,0,,0,042,"CROSSROADS ST","EXPLORATION FALLS DR",24.00,N,N,A,-,N,,,,,,,,,,N,2,0,2,4,A,-,09,21801,A,N,G,B,B,A,H,-,A,D,0,Y,,,,Y,,D,22,1,1,0,0,2,0,0,0,0,"- ","- ",,,"SAN DIEGO","CHULA VISTA",-116.95413342000001,32.621015030000002
8500722,2017,2017-12-06,3702,2017-10-31,1140,CV1228,,2,5,6,3702,0,0,0,,0,021,"OXFORD ST",BROADWAY,1229.00,W,N,B,-,N,,,,,,,,,,N,4,0,1,2,A,-,05,21202,A,N,A,G,A,A,H,-,A,D,0,,Y,,,Y,,L,04,0,0,1,0,0,0,1,0,0,"- ","- ",,,"SAN DIEGO","CHULA VISTA",-117.0838444,32.605707789999997
8500734,2017,2017-12-06,3702,2017-10-27,1833,CV1098,,5,5,6,3702,0,0,0,,0,011,"E ST","ASH AV",77.00,E,N,A,-,N,,,,,,,,,,N,4,0,1,2,A,-,03,22350,,N,G,B,D,A,H,-,C,D,0,Y,,,,Y,,A,01,0,0,1,0,1,0,0,0,0,"- ","- ",,,"SAN DIEGO","CHULA VISTA",-117.09213242,32.641713869999997
8500766,2017,2017-12-06,3702,2017-10-07,1701,CV1113,,6,5,6,3702,0,0,0,,0,013,"COLORADO AV","K ST",380.00,N,N,A,-,N,,,,,,,,,,N,4,0,1,2,A,-,11,21954,A,N,G,B,D,A,H,-,A,D,0,Y,,,,Y,,N,60,0,0,1,0,1,0,0,0,0,"- ","- ",,,"SAN DIEGO","CHULA VISTA",-117.09103731,32.620127930000002
8500778,2017,2017-12-06,3702,2017-10-17,2115,CV1151,,2,5,6,3702,0,0,0,,0,031,"EAST H ST","HIDDEN VISTA",6.00,E,N,A,-,N,,,,,,,,,,N,2,0,1,2,A,-,10,21950,A,N,G,B,B,A,H,-,C,A,0,Y,,,,Y,,A,01,1,0,0,0,1,0,0,0,0,"- ","- ",,,"SAN DIEGO","CHULA VISTA",-117.04935429,32.640640329999997
8500799,2017,2017-12-06,3702,2017-10-19,1748,CV1037,,4,5,6,3702,0,0,0,,0,042,"MAGDALENA AV","MATER DEI WEST DRIVEWAY",0.00,,Y,A,-,N,,,,,,,,,,N,3,0,1,2,A,-,03,22350,,N,D,G,A,A,H,-,A,A,0,,Y,,,Y,,L,04,0,1,0,0,0,0,1,0,0,"- ","- ",,,"SAN DIEGO","CHULA VISTA",-116.97809988,32.620900030000001
8506534,2017,2018-06-29,3702,2017-11-03,0630,CV1056,,5,5,6,3702,0,0,0,,0,041,"EAST ORANGE AV","RT 805",0.00,,Y,A,-,Y,SD,11,805,-,-,4.224,R,1,N,N,3,0,1,2,A,-,10,21950,A,N,G,B,B,A,H,-,A,A,0,Y,,,,Y,,A,01,0,1,0,0,1,0,0,0,0,"- ",NF,,,"SAN DIEGO","CHULA VISTA",-117.03614308,32.603069400000003
8511702,2017,2017-12-27,3702,2017-11-05,1300,CV1226,,7,5,6,3702,0,0,0,,0,011,"5TH AV","C ST",120.00,N,N,A,-,N,,,,,,,,,,N,2,0,1,2,D,-,00,,,F,H,G,A,A,H,-,A,D,0,,Y,,,Y,,-,"- ",1,0,0,0,0,0,1,0,0,"- ","- ",,,"SAN DIEGO","CHULA VISTA",-117.09208,32.6494
8511706,2017,2017-12-27,3702,2017-11-02,1100,CV0896,,4,5,6,3702,0,0,0,,0,031,"RANCHO DEL REY PKWY","DUORO DR",100.00,W,N,A,-,N,,,,,,,,,,N,3,0,1,1,C,-,18,,,N,E,H,A,A,H,-,A,D,0,,Y,,,Y,,-,"- ",0,1,0,0,0,0,1,0,0,"- ","- ",,,"SAN DIEGO","CHULA VISTA",-117.02026257999999,32.642138780000003
8511722,2017,2017-12-27,3702,2017-11-21,1856,CV1147,,2,5,6,3702,0,0,0,,0,013,"1ST AV","F ST",15.00,N,N,A,-,N,,,,,,,,,,N,4,0,1,2,A,-,11,21950,B,N,G,B,B,A,H,-,D,A,0,Y,,,,Y,,N,60,0,0,1,0,1,0,0,0,0,"- ","- ",,,"SAN DIEGO","CHULA VISTA",-117.07177557,32.643638920000001
8511726,2017,2017-12-27,3702,2017-11-21,1545,CV1151,,2,5,6,3702,0,0,0,,0,011,"5TH AV","FLOWER ST",162.00,S,N,A,-,N,,,,,,,,,,N,3,0,1,2,A,-,00,21960,A,N,G,B,E,A,H,-,B,A,0,Y,,,,Y,,N,60,0,1,0,0,1,0,0,0,0,"- ","- ",,,"SAN DIEGO","CHULA VISTA",-117.0898825,32.643766739999997
8511738,2017,2017-12-27,3702,2017-11-13,1427,CV1005,,1,5,6,3702,0,0,0,,0,032,"EASTLAKE PKWY","FENTON ST",0.00,,N,A,-,N,,,,,,,,,,N,4,0,1,2,A,-,05,21650,1,N,D,G,A,A,H,-,A,A,0,,Y,,,Y,,L,04,0,0,1,0,0,0,1,0,0,"- ","- ",,,"SAN DIEGO","CHULA VISTA",-116.96642011,32.65080012
8511754,2017,2017-12-27,3702,2017-11-22,1000,CV0506,,3,5,6,3702,0,0,0,,0,032,"MILLER DR","EASTLAKE PKWY",100.00,N,N,A,-,N,,,,,,,,,,N,3,0,1,2,D,-,00,,,M,B,G,A,A,H,-,A,D,0,,Y,,,Y,,-,"- ",0,1,0,0,0,0,1,0,0,"- ","- ",,,"SAN DIEGO","CHULA VISTA",-116.96836668,32.652905410000002
8511868,2017,2018-01-03,3702,2017-11-15,1100,0896,,3,5,6,3702,0,0,0,,0,011,"C ST","4TH AV",100.00,W,N,A,-,N,,,,,,,,,,N,3,0,1,2,A,-,10,21952,,N,G,B,F,A,H,-,A,D,0,Y,,,,Y,,A,01,0,1,0,0,1,0,0,0,0,"- ","- ",,,"SAN DIEGO","CHULA VISTA",-117.08829704999999,32.650443240000001
8513985,2017,2018-02-17,3702,2017-12-23,1120,CV1061,,6,5,6,3702,0,0,0,,0,031,"H ST","H ST 600",0.00,,N,A,-,N,,,,,,,,,,N,4,0,1,2,B,-,22,,,M,H,G,A,A,H,-,A,D,0,,Y,,,Y,,A,01,0,0,1,0,0,0,1,0,0,"- ","- ",,,"SAN DIEGO","CHULA VISTA",-117.08946437,32.63095577
8519050,2017,2017-12-28,3702,2017-10-25,1632,CV1079,,3,5,6,3702,0,0,0,,0,021,"NAPLES ST",BROADWAY,150.00,W,N,A,-,N,,,,,,,,,,N,3,0,1,2,A,-,08,22107,,N,-,G,A,A,H,-,A,-,0,,Y,,,Y,,L,04,0,1,0,0,0,0,1,0,0,"- ","- ",,,"SAN DIEGO","CHULA VISTA",-117.0818872,32.61009189
8519113,2017,2017-12-28,3702,2017-10-21,0102,CV0986,,6,5,6,3702,0,0,0,,0,041,"MAIN ST","HERITAGE RD",966.00,W,N,A,-,N,,,,,,,,,,Y,2,0,1,2,A,-,11,21956,A,N,G,B,E,A,H,-,D,D,0,Y,,,,Y,,N,60,1,0,0,0,1,0,0,0,0,"- ","- ",,,"SAN DIEGO","CHULA VISTA",-117.00878228000001,32.593391070000003
8519117,2017,2017-12-28,3702,2017-10-31,0916,CV1086,,2,5,6,3702,0,0,0,,0,012,"F ST",BROADWAY,60.00,E,N,B,-,N,,,,,,,,,,N,3,0,1,2,A,-,08,22107,,N,D,G,A,A,H,-,A,D,0,,Y,,,Y,,A,01,0,1,0,0,0,0,1,0,0,"- ","- ",,,"SAN DIEGO","CHULA VISTA",-117.09198564,32.637891750000001
8520433,2017,2017-12-27,3702,2017-11-27,0724,CV1183,,1,5,6,3702,0,0,0,,0,041,"HERITAGE RD","EAST PALOMAR ST",0.00,,Y,A,-,N,,,,,,,,,,N,3,0,1,2,A,-,12,21453,A,N,D,G,A,A,H,-,A,A,0,,Y,,,Y,,L,04,0,1,0,0,0,0,1,0,0,"- ","- ",,,"SAN DIEGO","CHULA VISTA",-117.00460007,32.621180119999998
8520484,2017,2017-12-27,3702,2017-11-27,1725,CV1151,,1,5,6,3702,0,0,0,,0,014,"2ND AV","MADRONA ST",10.00,S,N,A,-,N,,,,,,,,,,N,3,0,1,2,A,-,03,22350,,N,G,B,D,A,H,-,C,D,0,Y,,,,Y,,A,01,0,1,0,0,1,0,0,0,0,"- ","- ",,,"SAN DIEGO","CHULA VISTA",-117.07478037999999,32.639813850000003
8520524,2017,2017-12-28,3702,2017-11-15,1900,CV1141,,3,5,6,3702,0,0,0,,0,022,"3RD AV","L ST",200.00,S,N,A,-,N,,,,,,,,,,N,2,0,1,2,A,-,03,22350,,F,C,G,A,A,H,-,C,D,0,,Y,,,Y,Y,-,,1,0,0,0,0,0,1,0,0,"- ","- ",,,"SAN DIEGO","CHULA VISTA",-117.07157807999999,32.620079509999997
8520540,2017,2017-12-28,3702,2017-11-17,1300,CV1091,,5,5,6,3702,0,0,0,,0,042,"VIEW PARK WY","SUTTER BUTTES ST",318.00,W,N,A,-,N,,,,,,,,,,N,4,0,1,2,A,-,11,21954,A,N,G,B,D,A,H,-,A,D,0,Y,,,,Y,,N,60,0,0,1,0,1,0,0,0,0,"- ","- ",,,"SAN DIEGO","CHULA VISTA",-116.97595638,32.628117039999999
8546284,2018,2018-02-09,3702,2018-01-13,1752,CV1079,,6,5,6,3702,0,0,0,,0,023,"EAST NAPLES ST","VIA TRIESTE",30.00,E,N,A,-,N,,,,,,,,,,N,3,0,1,2,A,-,11,21950,B,N,G,B,E,A,H,-,C,D,0,Y,,,,Y,,N,60,0,1,0,0,1,0,0,0,0,"- ","- ",,,"SAN DIEGO","CHULA VISTA",-117.04232788085938,32.621246337890625
8546288,2018,2018-02-09,3702,2018-01-12,1230,CV1178,,5,5,6,3702,0,0,0,,0,013,BROADWAY,"K ST",350.00,N,N,A,-,N,,,,,,,,,,N,3,0,1,2,A,-,05,21650,1,N,D,G,A,A,H,-,A,D,0,,Y,,,Y,Y,L,04,0,1,0,0,0,0,1,0,0,"- ","- ",,,"SAN DIEGO","CHULA VISTA",-117.08576965332031,32.621498107910156
8546304,2018,2018-02-08,3702,2018-01-18,0808,CV0673,,4,5,6,3702,0,0,0,,0,022,"KINGSWOOD DR","TOBIAS DR",66.00,E,N,A,-,N,,,,,,,,,,N,4,0,1,2,A,-,21,22106,,N,G,B,E,A,H,-,A,D,0,Y,,,,Y,,A,08,0,0,1,0,1,0,0,0,0,"- ","- ",,,"SAN DIEGO","CHULA VISTA",-117.05347442626953,32.603336334228516
8546312,2018,2018-02-08,3702,2018-01-17,1930,CV1088,,3,5,6,3702,0,0,0,,0,014,"C ST","N GLOVER AV",11.00,E,N,A,-,N,,,,,,,,,,Y,3,0,1,2,A,-,08,22107,,F,G,B,B,A,H,-,C,A,0,Y,,,,Y,Y,A,01,0,1,0,0,1,0,0,0,0,"- ","- ",,,"SAN DIEGO","CHULA VISTA",-117.08607482910156,32.651138305664062
8546329,2018,2018-02-08,3702,2018-01-05,0205,CV1166,,5,5,6,3702,0,0,0,,0,042,"MAGDALENA AV","SUTTER BUTTES ST",60.00,S,N,A,-,N,,,,,,,,,,N,3,0,1,2,A,-,14,24400,B,F,G,B,C,A,H,-,C,D,0,Y,,,,Y,,A,01,0,1,0,0,1,0,0,0,0,"- ","- ",,,"SAN DIEGO","CHULA VISTA",-116.97415161132812,32.628261566162109
8547287,2017,2018-02-12,3702,2017-12-06,2152,CV1217,,3,5,6,3702,0,0,0,,0,011,"E ST",BROADWAY,20.00,E,N,A,-,N,,,,,,,,,,N,4,0,1,2,A,-,11,21456,B,N,G,B,B,A,H,-,C,A,0,Y,,,,Y,Y,N,60,0,0,1,0,1,0,0,0,0,"- ","- ",,,"SAN DIEGO","CHULA VISTA",-117.09344874999999,32.641337759999999
8547358,2017,2018-02-12,3702,2017-12-12,1719,CV1079,,2,5,6,3702,0,0,0,,0,024,"MAIN ST",BROADWAY,500.00,E,N,A,-,N,,,,,,,,,,N,3,0,1,2,A,-,11,21954,A,N,G,B,D,A,H,-,C,D,0,Y,,,,Y,,N,60,0,1,0,0,1,0,0,0,0,"- ","- ",,,"SAN DIEGO","CHULA VISTA",-117.07355215,32.59478
8547725,2017,2018-02-10,3702,2017-12-11,1615,1069,,1,5,6,3702,0,0,0,,0,032,"OTAY LAKES RD","LANE AV",0.00,,Y,A,-,N,,,,,,,,,,N,3,0,1,2,A,-,10,21950,A,N,G,B,B,A,H,-,A,A,0,Y,,,,Y,,A,01,0,1,0,0,1,0,0,0,0,"- ","- ",,,"SAN DIEGO","CHULA VISTA",-116.96117011,32.649660109999999
8547729,2017,2018-02-10,3702,2017-12-19,1900,1069,,2,5,6,3702,0,0,0,,0,024,"MAIN ST","MELROSE AV",0.00,,Y,A,-,N,,,,,,,,,,N,4,0,1,2,A,-,10,21950,A,N,G,B,B,A,H,-,C,A,0,Y,,,,Y,,A,01,0,0,1,0,1,0,0,0,0,"- ","- ",,,"SAN DIEGO","CHULA VISTA",-117.04012003,32.594810099999997
8547737,2017,2018-02-10,3702,2017-12-14,1739,1223,,4,5,6,3702,0,0,0,,0,011,BROADWAY,"CHULA VISTA ST",6.00,N,N,A,-,N,,,,,,,,,,N,2,0,1,2,A,-,10,21950,A,N,G,B,C,A,H,-,C,D,0,Y,,,,Y,,A,01,1,0,0,0,1,0,0,0,0,"- ","- ",,,"SAN DIEGO","CHULA VISTA",-117.09535629,32.646105550000001
8547753,2017,2018-02-10,3702,2017-12-20,1520,1217,,3,5,6,3702,0,0,0,,0,011,"BROADWAY AV","D ST",9.00,S,N,A,-,N,,,,,,,,,,N,4,0,1,2,A,-,10,21950,A,N,G,B,B,A,H,-,A,A,0,Y,,,,Y,,A,01,0,0,1,0,1,0,0,0,0,"- ","- ",,,"SAN DIEGO","CHULA VISTA",-117.09483087,32.644736590000001
8547937,2017,2018-02-10,3702,2017-12-19,0600,CV1125,,2,5,6,3702,0,0,0,,0,032,"PROCTOR VALLEY RD","ROCKING HORSE DR",33.00,E,N,A,-,N,,,,,,,,,,N,2,0,1,2,A,-,11,21456,B,F,G,B,D,A,H,-,C,A,0,Y,,,,Y,,N,60,1,0,0,0,1,0,0,0,0,"- ","- ",,,"SAN DIEGO","CHULA VISTA",-116.96547913000001,32.662060199999999
8547994,2017,2018-02-13,3702,2017-12-23,0745,CV1108,,6,5,6,3702,0,0,0,,0,041,"ROUSH DR","STEWART CT",0.00,,Y,A,-,N,,,,,,,,,,N,4,0,1,4,A,-,13,22515,A,N,H,E,-,A,H,-,A,D,0,Y,,,,Y,,A,01,0,0,1,0,1,0,0,0,0,"- ","- ",,,"SAN DIEGO","CHULA VISTA",-117.01722012,32.619140110000004
8547998,2017,2018-02-13,3702,2017-12-18,1435,CV1147,,1,5,6,3702,0,0,0,,0,022,"3RD AV","NAPLES ST",4.00,S,N,A,-,N,,,,,,,,,,N,4,0,1,2,A,-,10,21950,A,N,G,B,-,A,H,-,A,A,0,Y,,,,Y,,A,01,0,0,1,0,1,0,0,0,0,"- ","- ",,,"SAN DIEGO","CHULA VISTA",-117.06908589,32.613669610000002
8549221,2017,2018-03-08,3702,2017-12-23,1100,CV0926,,6,5,6,3702,0,0,0,,0,013,"J ST","4TH AV",0.00,,Y,A,-,N,,,,,,,,,,N,3,0,1,2,A,-,10,21950,A,N,G,B,B,A,H,-,A,A,0,Y,,,,Y,,D,23,0,1,0,0,1,0,0,0,0,"- ","- ",,,"SAN DIEGO","CHULA VISTA",-117.07858002,32.626330019999997
8550001,2017,2018-06-15,3702,2017-12-23,2254,CV1114,,6,5,6,3702,0,0,0,,0,023,"TELEGRAPH CANYON RD","NACION AV",26.00,E,N,A,-,N,,,,,,,,,,N,4,0,1,2,A,-,10,21950,A,N,G,B,B,A,H,-,C,A,0,Y,,,,Y,,A,01,0,0,1,0,1,0,0,0,0,"- ","- ",,,"SAN DIEGO","CHULA VISTA",-117.04705187,32.629018189999996
8550021,2017,2018-06-08,3702,2017-11-10,1351,CV0991,,5,5,6,3702,0,0,0,,0,042,"OLYMPIC PKWY","RT 125",275.00,W,N,A,-,N,,,,,,,,,,Y,2,0,1,2,A,-,11,21955,,N,G,B,D,A,H,-,A,D,0,Y,,,,Y,,N,60,1,0,0,0,1,0,0,0,0,"- ",NO,,,"SAN DIEGO","CHULA VISTA",-116.97244401,32.632333889999998
8554450,2018,2018-08-09,3702,2018-02-13,0915,CV1018,,2,5,6,3702,0,0,0,,0,042,"OLYMPIC PKWY","RT 125",0.00,,Y,A,-,Y,SD,11,125,-,-,2.870,R,1,N,N,3,0,1,2,A,-,10,21950,A,N,G,B,B,A,H,-,A,A,0,Y,,,,Y,,A,01,0,1,0,0,1,0,0,0,0,"- ","- ",,,"SAN DIEGO","CHULA VISTA",-116.97115325927734,32.629108428955078
8564418,2018,2018-02-26,3702,2018-01-27,1657,CV1147,,6,5,6,3702,0,0,0,,0,014,"BONITA RD","PLAZA BONITA RD",354.00,W,N,A,-,N,,,,,,,,,,N,3,0,1,2,A,-,11,21950,B,N,G,B,D,A,H,-,B,D,0,Y,,,,Y,,N,60,0,1,0,0,1,0,0,0,0,"- ","- ",,,"SAN DIEGO","CHULA VISTA",-117.05902862548828,32.648036956787109
8564422,2018,2018-02-26,3702,2018-01-28,1210,CV1126,,7,5,6,3702,0,0,0,,0,032,"GOTHAM ST","TULANE AV",42.00,E,N,A,-,N,,,,,,,,,,N,4,0,1,2,A,-,09,21804,A,N,D,G,A,A,H,-,A,D,0,,Y,,,Y,,L,04,0,0,1,0,0,0,1,0,0,"- ","- ",,,"SAN DIEGO","CHULA VISTA",-116.98848724365234,32.64434814453125
8564467,2018,2018-03-09,3702,2018-01-22,1006,CV0896,,1,5,6,3702,0,0,0,,0,042,"SANTA PAULA DR","PETALUMA DR",34.00,W,N,A,-,N,,,,,,,,,,N,4,0,1,2,A,-,11,21954,A,N,G,B,E,A,H,-,A,D,0,Y,,,,Y,,N,60,0,0,1,0,1,0,0,0,0,"- ","- ",,,"SAN DIEGO","CHULA VISTA",-116.97895812988281,32.636592864990234
8564468,2018,2018-02-26,3702,2018-02-09,0727,CV1223,,5,5,6,3702,0,0,0,,0,022,"PALOMAR ST","2ND AV",18.00,E,N,A,-,N,,,,,,,,,,N,4,0,1,2,A,-,10,21950,A,N,B,B,B,A,H,-,A,A,0,Y,,,,Y,,A,01,0,0,1,0,1,0,0,0,0,"- ","- ",,,"SAN DIEGO","CHULA VISTA",-117.06227111816406,32.607944488525391
8564472,2018,2018-02-26,3702,2018-02-01,0739,CV1218,,4,5,6,3702,0,0,0,,0,014,"EAST J ST","NOLAN AV",167.00,E,N,A,-,N,,,,,,,,,,Y,4,0,1,2,A,-,09,21801,A,N,B,G,A,A,H,-,A,D,0,,Y,,,Y,,A,01,0,0,1,0,0,0,1,0,0,"- ","- ",,,"SAN DIEGO","CHULA VISTA",-117.04886627197266,32.634548187255859
8571790,2018,2018-03-13,3702,2018-02-19,1442,CV0986,,1,5,6,3702,0,0,0,,0,013,"ROOSEVELT ST","4TH AV",5.00,E,N,A,-,N,,,,,,,,,,N,3,0,1,2,D,-,00,,,N,G,B,B,A,H,-,A,A,0,Y,,,,Y,,-,"- ",0,1,0,0,1,0,0,0,0,"- ","- ",,,"SAN DIEGO","CHULA VISTA",-117.08194732666016,32.634933471679688
8571802,2018,2018-03-13,3702,2018-02-09,1701,CV1183,,5,5,6,3702,0,0,0,,0,013,"3RD AV","G ST",0.00,,Y,A,-,N,,,,,,,,,,N,4,0,1,2,A,-,10,21950,A,N,G,B,B,A,H,-,A,A,0,Y,,,,Y,,A,01,0,0,1,0,1,0,0,0,0,"- ","- ",,,"SAN DIEGO","CHULA VISTA",-117.07853698730469,32.637821197509766
8571829,2018,2018-03-13,3702,2018-02-09,1347,CV1069,,5,5,6,3702,0,0,0,,0,011,WOODLAWN,"F ST",129.00,N,N,A,-,N,,,,,,,,,,N,4,0,1,3,A,-,15,26451,,N,G,B,F,A,H,-,A,D,0,Y,,,,Y,,A,01,0,0,1,0,1,0,0,0,0,"- ","- ",,,"SAN DIEGO","CHULA VISTA",-117.09633636474609,32.637058258056641
8571945,2018,2018-03-12,3702,2018-01-30,0754,CV1225,,2,5,6,3702,0,0,0,,0,011,"5TH AV","FLOWER ST",0.00,,Y,A,-,N,,,,,,,,,,N,4,0,1,2,A,-,10,21950,A,N,G,B,D,A,H,-,A,D,0,Y,,,,Y,,A,01,0,0,1,0,1,0,0,0,0,"- ","- ",,,"SAN DIEGO","CHULA VISTA",-117.09004211425781,32.644191741943359
8572091,2018,2018-03-15,3702,2018-02-07,1700,CV1007,,3,5,6,3702,0,0,0,,0,042,"EASTLAKE PKWY","OTAY LAKES RD",0.00,,Y,A,-,N,,,,,,,,,,N,2,0,1,2,A,-,10,21950,A,N,G,B,B,A,H,-,A,A,0,Y,,,,Y,,A,01,1,0,0,0,1,0,0,0,0,"- ","- ",,,"SAN DIEGO","CHULA VISTA",-116.96556091308594,32.648262023925781