CASE_ID,ACCIDENT_YEAR,PROC_DATE,JURIS,COLLISION_DATE,COLLISION_TIME,OFFICER_ID,REPORTING_DISTRICT,DAY_OF_WEEK,CHP_SHIFT,POPULATION,CNTY_CITY_LOC,SPECIAL_COND,BEAT_TYPE,CHP_BEAT_TYPE,CITY_DIVISION_LAPD,CHP_BEAT_CLASS,BEAT_NUMBER,PRIMARY_RD,SECONDARY_RD,DISTANCE,DIRECTION,INTERSECTION,WEATHER_1,WEATHER_2,STATE_HWY_IND,CALTRANS_COUNTY,CALTRANS_DISTRICT,STATE_ROUTE,ROUTE_SUFFIX,POSTMILE_PREFIX,POSTMILE,LOCATION_TYPE,RAMP_INTERSECTION,SIDE_OF_HWY,TOW_AWAY,COLLISION_SEVERITY,NUMBER_KILLED,NUMBER_INJURED,PARTY_COUNT,PRIMARY_COLL_FACTOR,PCF_CODE_OF_VIOL,PCF_VIOL_CATEGORY,PCF_VIOLATION,PCF_VIOL_SUBSECTION,HIT_AND_RUN,TYPE_OF_COLLISION,MVIW,PED_ACTION,ROAD_SURFACE,ROAD_COND_1,ROAD_COND_2,LIGHTING,CONTROL_DEVICE,CHP_ROAD_TYPE,PEDESTRIAN_ACCIDENT,BICYCLE_ACCIDENT,MOTORCYCLE_ACCIDENT,TRUCK_ACCIDENT,NOT_PRIVATE_PROPERTY,ALCOHOL_INVOLVED,STWD_VEHTYPE_AT_FAULT,CHP_VEHTYPE_AT_FAULT,COUNT_SEVERE_INJ,COUNT_VISIBLE_INJ,COUNT_COMPLAINT_PAIN,COUNT_PED_KILLED,COUNT_PED_INJURED,COUNT_BICYCLIST_KILLED,COUNT_BICYCLIST_INJURED,COUNT_MC_KILLED,COUNT_MC_INJURED,PRIMARY_RAMP,SECONDARY_RAMP,LATITUDE,LONGITUDE,COUNTY,CITY,POINT_X,POINT_Y
8591121,2018,2018-04-06,3702,2018-02-07,1340,CV0882,,3,5,6,3702,0,0,0,,0,023,"HILLTOP DR","L ST",4.00,S,N,A,-,N,,,,,,,,,,N,4,0,1,2,A,-,05,21202,A,M,D,G,A,A,H,-,A,A,0,,Y,,,Y,,L,04,0,0,1,0,0,0,1,0,0,"- ","- ",,,"SAN DIEGO","CHULA VISTA",-117.05955505371094,32.624031066894531
8591149,2018,2018-04-06,3702,2018-02-24,1100,CV1223,,6,5,6,3702,0,0,0,,0,021,"MAIN ST",BROADWAY,55.00,W,N,A,-,N,,,,,,,,,,Y,3,0,2,5,A,-,03,22350,,N,A,E,F,A,H,-,A,A,0,Y,,,,Y,,A,01,0,1,1,0,1,0,0,0,0,"- ","- ",,,"SAN DIEGO","CHULA VISTA",-117.07534790039062,32.594779968261719
8591161,2018,2018-04-06,3702,2018-02-12,2100,CV1218,,1,5,6,3702,0,0,0,,0,021,BROADWAY,"PALOMAR ST",433.00,N,N,A,-,N,,,,,,,,,,Y,3,0,1,2,A,-,09,21801,A,F,G,B,E,A,H,-,C,D,0,Y,,,,Y,,A,01,0,1,0,0,1,0,0,0,0,"- ","- ",,,"SAN DIEGO","CHULA VISTA",-117.07920837402344,32.604545593261719
8591185,2018,2018-04-06,3702,2018-02-16,1720,CV1183,,5,5,6,3702,0,0,0,,0,014,"4TH AV","C ST",621.00,S,N,A,-,N,,,,,,,,,,N,4,0,1,2,A,-,03,22350,,M,G,B,E,A,H,-,B,D,0,Y,,,,Y,,D,22,0,0,1,0,1,0,0,0,0,"- ","- ",,,"SAN DIEGO","CHULA VISTA",-117.08736419677734,32.648914337158203
8591207,2018,2018-04-10,3702,2018-03-05,1120,CV0652,,1,5,6,3702,0,0,0,,0,041,"MEDICAL CENTER CT","MEDICAL CENTER DR",406.00,E,N,A,-,N,,,,,,,,,,N,4,0,1,2,A,-,10,21954,B,N,G,B,D,A,H,-,A,D,0,Y,,,,Y,,A,08,0,0,1,0,1,0,0,0,0,"- ","- ",,,"SAN DIEGO","CHULA VISTA",-117.02571105957031,32.619102478027344
8591219,2018,2018-04-10,3702,2018-03-02,1420,CV0991,,5,5,6,3702,0,0,0,,0,013,"3RD AV","K ST",86.00,S,N,A,-,N,,,,,,,,,,N,3,0,1,2,A,-,21,22106,,M,G,B,D,A,H,-,A,D,0,Y,,,,Y,,A,01,0,1,0,0,1,0,0,0,0,"- ","- ",,,"SAN DIEGO","CHULA VISTA",-117.07305145263672,32.623817443847656
8591239,2018,2018-04-10,3702,2018-03-03,1855,CV1081,,6,5,6,3702,0,0,0,,0,011,BROADWAY,"E ST",0.00,,Y,B,-,N,,,,,,,,,,N,4,0,1,2,A,-,10,21950,A,F,G,B,B,A,H,-,C,A,0,Y,,,,Y,,A,01,0,0,1,0,1,0,0,0,0,"- ","- ",,,"SAN DIEGO","CHULA VISTA",-117.09351348876953,32.641319274902344
8610728,2018,2018-05-15,3702,2018-03-21,1335,CV1132,,3,5,6,3702,0,0,0,,0,022,"3RD AV","QUINTARD ST",220.00,N,N,A,-,N,,,,,,,,,,N,4,0,1,2,A,-,05,21650,1,N,D,G,A,A,H,-,A,D,0,,Y,,,Y,,L,04,0,0,1,0,0,0,1,0,0,"- ","- ",,,"SAN DIEGO","CHULA VISTA",-117.06526184082031,32.603893280029297
8610736,2018,2018-05-15,3702,2018-03-27,0730,CV1018,,2,5,6,3702,0,0,0,,0,012,BROADWAY,"G ST",0.00,,Y,A,-,N,,,,,,,,,,N,4,0,1,2,A,-,10,21950,A,N,G,B,B,A,H,-,A,A,0,Y,,,,Y,,A,01,0,0,1,0,1,0,0,0,0,"- ","- ",,,"SAN DIEGO","CHULA VISTA",-117.09081268310547,32.634410858154297
8610829,2018,2018-05-09,3702,2018-04-05,1653,CV1200,,4,5,6,3702,0,0,0,,0,011,"BAY BL","E ST",214.00,S,N,A,-,N,,,,,,,,,,N,4,0,1,2,A,-,08,22107,,N,H,G,A,A,H,-,A,D,0,,Y,,,Y,,A,01,0,0,1,0,0,0,1,0,0,"- ","- ",,,"SAN DIEGO","CHULA VISTA",-117.10123443603516,32.638496398925781
8610869,2018,2018-05-10,3702,2018-04-13,1512,CV1240,,5,5,6,3702,0,0,0,,0,032,"HUNTE PKWY","STONE GATE DR",0.00,,Y,A,-,N,,,,,,,,,,N,3,0,1,2,A,-,12,21453,A,N,D,G,A,A,H,-,A,A,0,,Y,,,Y,,L,04,0,1,0,0,0,0,1,0,0,"- ","- ",,,"SAN DIEGO","CHULA VISTA",-116.94978332519531,32.651721954345703
8610884,2018,2018-05-07,3702,2018-04-13,1325,CV1126,,5,5,6,3702,0,0,0,,0,041,"EAST PALOMAR ST","PASEO LAREDO",0.00,,Y,A,-,N,,,,,,,,,,N,3,0,1,2,A,-,11,21950,B,N,G,B,B,A,H,-,A,A,0,Y,,,,Y,,N,60,0,1,0,0,1,0,0,0,0,"- ","- ",,,"SAN DIEGO","CHULA VISTA",-117.01782256,32.616339050000001
8612897,2018,2018-05-08,3702,2018-02-08,1400,CV1178,,4,5,6,3702,0,0,0,,0,013,"3RD AV","MADRONA ST",90.00,N,N,A,-,N,,,,,,,,,,N,3,0,1,2,D,-,00,,,F,C,E,D,A,H,-,A,D,0,Y,,,,Y,,-,"- ",0,1,0,0,1,0,0,0,0,"- ","- ",,,"SAN DIEGO","CHULA VISTA",-117.07926177978516,32.639396667480469
8612942,2018,2018-05-10,3702,2018-03-20,1026,0991,,2,5,6,3702,0,0,0,,0,011,BROADWAY,"D ST",54.00,S,N,A,-,N,,,,,,,,,,N,3,0,1,2,B,-,22,,,N,G,B,F,A,H,-,A,D,0,Y,,,Y,Y,,F,55,0,1,0,0,1,0,0,0,0,"- ","- ",,,"SAN DIEGO","CHULA VISTA",-117.09478759765625,32.644618988037109
8613177,2018,2018-05-04,3702,2018-03-17,0953,CV0982,,6,5,6,3702,0,0,0,,0,022,"3RD AV","EMERSON ST",43.00,S,N,A,-,N,,,,,,,,,,Y,2,0,1,2,A,-,11,21954,A,N,G,B,D,A,H,-,C,D,0,Y,,,,Y,,N,60,1,0,0,0,1,0,0,0,0,"- ","- ",,,"SAN DIEGO","CHULA VISTA",-117.06835174560547,32.611820220947266
8613193,2018,2018-05-04,3702,2018-03-08,1528,CV1004,,4,5,6,3702,0,0,0,,0,042,"OTAY LAKES RD","WOODS DR",0.00,,Y,A,-,N,,,,,,,,,,N,4,0,1,2,A,-,12,21453,A,N,B,G,A,A,H,-,A,A,0,,Y,,,Y,,L,04,0,0,1,0,0,0,1,0,0,"- ","- ",,,"SAN DIEGO","CHULA VISTA",-116.94539642333984,32.644931793212891
8613204,2018,2018-05-04,3702,2018-03-10,1845,CV1108,,6,5,6,3702,0,0,0,,0,021,"OXFORD ST",BROADWAY,651.00,E,N,C,-,N,,,,,,,,,,N,4,0,1,2,A,-,03,22350,,N,G,B,C,B,H,-,C,D,0,Y,,,,Y,,D,23,0,0,1,0,1,0,0,0,0,"- ","- ",,,"SAN DIEGO","CHULA VISTA",-117.07807159423828,32.607318878173828
8613494,2018,2018-05-03,3702,2018-02-28,1800,CV1200,,3,5,6,3702,0,0,0,,0,014,"EAST H ST","HILLTOP DR",988.00,E,N,A,-,N,,,,,,,,,,Y,4,0,4,5,A,-,03,22350,,N,H,G,A,A,H,-,C,A,0,,Y,,,Y,,A,01,0,0,4,0,0,0,0,0,0,"- ","- ",,,"SAN DIEGO","CHULA VISTA",-117.06498718261719,32.637828826904297
8613502,2018,2018-05-07,3702,2018-02-26,0349,CV1171,,1,5,6,3702,0,0,0,,0,024,"TREMONT ST","3RD AV",108.00,W,N,A,-,N,,,,,,,,,,N,3,0,2,4,B,-,22,,,N,H,B,E,A,H,-,C,D,0,Y,,,,Y,,A,01,0,2,0,0,1,0,0,0,0,"- ","- ",,,"SAN DIEGO","CHULA VISTA",-117.06487274169922,32.597873687744141
8613506,2018,2018-05-03,3702,2018-02-27,1712,CV1218,,2,5,6,3702,0,0,0,,0,021,"MAIN ST","W FRONTAGE RD",91.00,E,N,A,-,N,,,,,,,,,,N,2,0,1,1,B,-,22,,,N,E,I,A,A,H,-,A,D,0,,Y,,,Y,,L,04,1,0,0,0,0,0,1,0,0,"- ","- ",,,"SAN DIEGO","CHULA VISTA",-117.09060668945312,32.595012664794922
8613514,2018,2018-05-11,3702,2018-02-27,1945,CV1124,,2,5,6,3702,0,0,0,,0,021,"MAIN ST","3RD AV",210.00,W,N,C,-,N,,,,,,,,,,N,3,0,1,2,A,-,09,21804,A,M,G,B,D,B,H,-,C,D,0,Y,,,,Y,,-,99,0,1,0,0,1,0,0,0,0,"- ","- ",,,"SAN DIEGO","CHULA VISTA",-117.06519317626953,32.594776153564453
8626862,2018,2018-06-05,3702,2018-05-19,1633,CV1079,,6,5,6,3702,0,0,0,,0,031,"BERLAND WY","FLOYD AV",210.00,E,N,A,-,N,,,,,,,,,,N,3,0,1,3,C,-,18,,,N,G,B,F,A,H,-,A,D,0,Y,,,,Y,,-,"- ",0,1,0,0,1,0,0,0,0,"- ","- ",,,"SAN DIEGO","CHULA VISTA",-117.04126739501953,32.634010314941406
8627524,2018,2018-06-04,3702,2018-04-09,2005,CV1099,,1,5,6,3702,0,0,0,,0,022,"MOSS ST","3RD AV",465.00,E,N,A,-,N,,,,,,,,,,N,3,0,1,2,A,-,11,21955,,N,G,B,D,A,H,-,D,D,0,Y,,,,Y,,N,60,0,1,0,0,1,0,0,0,0,"- ","- ",,,"SAN DIEGO","CHULA VISTA",-117.06893157958984,32.6171875
8627536,2018,2018-06-04,3702,2018-04-05,1015,CV1219,,4,5,6,3702,0,0,0,,0,012,"H ST","FIG ST",0.00,,Y,A,-,N,,,,,,,,,,N,3,0,1,2,A,-,10,21950,A,N,G,B,B,A,H,-,A,A,0,Y,,,,Y,,A,01,0,1,0,0,1,0,0,0,0,"- ","- ",,,"SAN DIEGO","CHULA VISTA",-117.08293914794922,32.632789611816406
8627552,2018,2018-06-04,3702,2018-04-29,1514,CV1114,,7,5,6,3702,0,0,0,,0,041,"EAST PALOMAR ST","HERITAGE RD",24.00,W,N,A,-,N,,,,,,,,,,N,2,0,1,1,A,-,03,22350,,N,H,A,A,B,H,-,A,D,0,,Y,,,Y,,L,04,1,0,0,0,0,0,1,0,0,"- ","- ",,,"SAN DIEGO","CHULA VISTA",-117.00466156005859,32.621135711669922
8627560,2018,2018-06-04,3702,2018-04-07,1725,CV0969,,6,5,6,3702,0,0,0,,0,022,"4TH AV","OXFORD ST",5.00,S,N,A,-,N,,,,,,,,,,N,4,0,1,2,A,-,05,21650,1,N,D,G,A,A,H,-,A,A,0,,Y,,,Y,,L,04,0,0,1,0,0,0,1,0,0,"- ","- ",,,"SAN DIEGO","CHULA VISTA",-117.07182312011719,32.609058380126953
8627600,2018,2018-06-04,3702,2018-04-27,1808,CV1114,,5,5,6,3702,0,0,0,,0,041,"ANTIOCH AV","NEWCASTLE CT",0.00,,Y,A,-,N,,,,,,,,,,N,3,0,1,2,A,-,05,21202,A,N,D,G,A,A,H,-,A,D,0,,Y,,,Y,,L,04,0,1,0,0,0,0,1,0,0,"- ","- ",,,"SAN DIEGO","CHULA VISTA",-116.99739074707031,32.628551483154297
8641475,2018,2018-07-11,3702,2018-05-30,1226,CV0833,,3,5,6,3702,0,0,0,,0,031,"E  J ST","PASEO RANCHERO",120.00,W,N,A,-,N,,,,,,,,,,N,3,0,1,2,A,-,11,21950,B,N,G,B,D,A,H,-,A,A,0,Y,,,,Y,,N,60,0,1,0,0,1,0,0,0,0,"- ","- ",,,"SAN DIEGO","CHULA VISTA",-117.01039123535156,32.630142211914062
8641499,2018,2018-07-11,3702,2018-05-28,1850,CV1087,,1,5,6,3702,0,0,0,,0,024,"MAIN ST",HOLLISTER,20.00,E,N,A,-,N,,,,,,,,,,N,3,0,1,2,A,-,05,21202,A,N,D,G,A,A,H,-,A,D,0,,Y,,,Y,,L,04,0,1,0,0,0,0,1,0,0,"- ","- ",,,"SAN DIEGO","CHULA VISTA",-117.08405303955078,32.594841003417969
8645724,2018,2018-08-17,3702,2018-05-25,1628,CV1183,,5,5,6,3702,0,0,0,,0,013,"RT 5","J ST",75.00,S,N,A,-,Y,SD,11,5,-,-,7.171,R,4,N,N,4,0,1,2,A,-,10,21950,A,N,G,B,B,A,H,-,A,A,0,Y,,,,Y,,D,22,0,0,1,0,1,0,0,0,0,"- ","- ",,,"SAN DIEGO","CHULA VISTA",-117.09234619140625,32.620361328125
8645763,2018,2018-07-09,3702,2018-06-12,1250,CV0790,,2,5,6,3702,0,0,0,,0,021,BROADWAY,"PALOMAR ST",9.00,N,N,A,-,N,,,,,,,,,,N,3,0,1,2,A,-,10,21950,A,N,G,B,B,A,H,-,A,A,0,Y,,,,Y,,A,01,0,1,0,0,1,0,0,0,0,"- ","- ",,,"SAN DIEGO","CHULA VISTA",-117.07877349853516,32.603443145751953
8645783,2018,2018-07-09,3702,2018-06-04,1320,CV1231,,1,5,6,3702,0,0,0,,0,012,BROADWAY,"G ST",5.00,E,N,A,-,N,,,,,,,,,,N,4,0,1,2,A,-,05,21202,A,M,D,G,A,A,H,-,A,A,0,,Y,,,Y,,L,04,0,0,1,0,0,0,1,0,0,"- ","- ",,,"SAN DIEGO","CHULA VISTA",-117.09080505371094,32.634395599365234
8645787,2018,2018-09-11,3702,2018-06-11,2015,CV1099,,1,5,6,3702,0,0,0,,0,024,"MAIN ST","MELROSE AV",30.00,W,N,A,-,N,,,,,,,,,,N,3,0,1,2,A,-,10,21950,A,N,G,B,B,A,H,-,C,A,0,Y,,,,Y,,A,01,0,1,0,0,1,0,0,0,0,"- ","- ",,,"SAN DIEGO","CHULA VISTA",-117.04021453857422,32.594806671142578
8645817,2018,2018-07-10,3702,2018-05-15,1347,CV1225,,2,5,6,3702,0,0,0,,0,012,"PARK WY",BROADWAY,200.00,E,N,A,-,N,,,,,,,,,,N,4,0,1,2,A,-,10,21952,,N,G,B,F,A,H,-,A,D,0,Y,,,,Y,,A,01,0,0,1,0,1,0,0,0,0,"- ","- ",,,"SAN DIEGO","CHULA VISTA",-117.09053802490234,32.635414123535156
8645821,2018,2018-07-10,3702,2018-05-23,1445,CV1042,,3,5,6,3702,0,0,0,,0,014,"ROBERT AV","EAST J ST",528.00,N,N,B,-,N,,,,,,,,,,N,3,0,1,2,A,-,11,21950,B,N,G,B,D,A,H,-,A,D,0,Y,,,,Y,,N,60,0,1,0,0,1,0,0,0,0,"- ","- ",,,"SAN DIEGO","CHULA VISTA",-117.05842590332031,32.633319854736328
8648265,2018,2020-05-26,3702,2018-05-17,2112,CV0982,,4,5,6,3702,0,0,0,,0,014,"N 4TH AV","C ST",0.00,,Y,A,-,N,,,,,,,,,,Y,1,1,0,2,A,-,11,21456,B,N,G,B,B,A,H,-,C,A,0,Y,,,,Y,Y,N,60,0,0,0,1,0,0,0,0,0,"- ","- ",,,"SAN DIEGO","CHULA VISTA",-117.08798980712891,32.650531768798828
8648295,2018,2018-10-25,3702,2018-01-04,1904,CV0982,,4,5,6,3702,0,0,0,,0,024,"3RD AV","TREMONT ST",9.00,N,N,A,-,N,,,,,,,,,,N,1,1,0,2,A,-,10,21950,A,F,G,B,D,A,H,-,C,D,0,Y,,,,Y,,A,01,0,0,0,1,0,0,0,0,0,"- ","- ",,,"SAN DIEGO","CHULA VISTA",-117.06452178955078,32.597892761230469
8648309,2017,2018-11-01,3702,2017-11-30,1651,CV0991,,4,5,6,3702,0,0,0,,0,012,"H ST","OAKLAWN AV",100.00,E,N,A,-,N,,,,,,,,,,N,1,1,0,2,A,-,11,21954,A,N,G,B,E,A,H,-,C,D,0,Y,,,Y,Y,Y,N,60,0,0,0,1,0,0,0,0,0,"- ","- ",,,"SAN DIEGO","CHULA VISTA",-117.09233491000001,32.630161459999997
8648687,2018,2019-03-12,3702,2018-07-08,2010,CV0986,,7,5,6,3702,0,0,0,,0,032,"LANE AV","FENTON ST",241.00,N,N,A,-,N,,,,,,,,,,Y,1,1,0,2,A,-,17,21663,,F,G,B,F,A,H,-,B,D,0,Y,,,,Y,,D,22,0,0,0,1,0,0,0,0,0,"- ","- ",,,"SAN DIEGO","CHULA VISTA",-116.96198272705078,32.652999877929688
8657058,2018,2018-09-21,3702,2018-07-08,0755,CV1148,,7,5,6,3702,0,0,0,,0,024,"MAIN ST",NIRVANA,1729.00,E,N,A,-,N,,,,,,,,,,Y,3,0,5,6,A,-,08,22107,,F,B,G,A,A,H,-,A,D,0,,Y,,,Y,,A,07,0,5,0,0,0,0,5,0,0,"- ","- ",,,"SAN DIEGO","CHULA VISTA",-117.01210784912109,32.593692779541016
8657082,2018,2018-09-21,3702,2018-07-06,0729,CV1223,,5,5,6,3702,0,0,0,,0,022,"4TH AV","ZENITH ST",30.00,S,N,A,-,N,,,,,,,,,,N,3,0,1,2,A,-,03,22350,,N,G,B,D,A,H,-,A,D,0,Y,,,,Y,,A,07,0,1,0,0,1,0,0,0,0,"- ","- ",,,"SAN DIEGO","CHULA VISTA",-117.06906890869141,32.595718383789062
8686207,2018,2018-10-23,3702,2018-08-03,0705,CV1172,,5,5,6,3702,0,0,0,,0,041,"SANTA VICTORIA RD","SANTA CHRISTINA",150.00,W,N,A,-,N,,,,,,,,,,N,3,0,1,2,A,-,06,21750,,F,C,G,A,A,H,-,A,D,0,,Y,,,Y,,A,01,0,1,0,0,0,0,1,0,0,"- ","- ",,,"SAN DIEGO","CHULA VISTA",-116.99543059,32.612390599999998
8686257,2018,2018-09-07,3702,2018-07-24,1147,CV1026,,2,5,6,3702,0,0,0,,0,024,"PALOMAR ST",BROADWAY,0.00,,Y,A,-,N,,,,,,,,,,N,4,0,1,2,A,-,09,21802,B,F,D,G,A,A,H,-,A,A,0,,Y,,,Y,,-,99,0,0,1,0,0,0,1,0,0,"- ","- ",,,"SAN DIEGO","CHULA VISTA",-117.07875823974609,32.603420257568359
8686273,2018,2018-09-07,3702,2018-07-07,2300,CV1234,,6,5,6,3702,0,0,0,,0,021,"ARIZONA ST","5TH AV",345.00,W,N,A,-,N,,,,,,,,,,Y,3,0,1,4,A,-,21,22106,,M,C,E,F,A,H,-,C,D,0,Y,,,,Y,Y,A,01,0,1,0,0,1,0,0,0,0,"- ","- ",,,"SAN DIEGO","CHULA VISTA",-117.08035278320312,32.616344451904297
8686301,2018,2018-09-10,3702,2018-07-09,1810,CV1087,,1,5,6,3702,0,0,0,,0,014,"4TH AV","D ST",14.00,W,N,A,-,N,,,,,,,,,,N,3,0,1,2,A,-,10,21950,A,N,G,B,B,A,H,-,A,A,0,Y,,,,Y,,A,01,0,1,0,0,1,0,0,0,0,"- ","- ",,,"SAN DIEGO","CHULA VISTA",-117.08665466308594,32.647087097167969
8686769,2018,2018-09-06,3702,2018-07-17,1338,CV0984,,2,5,6,3702,0,0,0,,0,013,"3RD AV","KEARNEY ST",0.00,,Y,A,-,N,,,,,,,,,,N,4,0,1,2,A,-,08,22107,,N,G,B,E,A,H,-,A,D,0,Y,,,,Y,,D,22,0,0,1,0,1,0,0,0,0,"- ","- ",,,"SAN DIEGO","CHULA VISTA",-117.07382202148438,32.625770568847656
8699698,2018,2018-09-28,3702,2018-08-29,0800,CV0986,,3,5,6,3702,0,0,0,,0,031,"EAST H ST","HIDDEN VISTA DR",9.00,E,N,A,-,N,,,,,,,,,,N,3,0,1,2,A,-,05,21202,A,N,D,G,A,A,H,-,A,A,0,,Y,,,Y,,L,04,0,1,0,0,0,0,1,0,0,"- ","- ",,,"SAN DIEGO","CHULA VISTA",-117.04934692382812,32.640636444091797
8699702,2018,2018-09-28,3702,2018-08-30,0903,CV0986,,4,5,6,3702,0,0,0,,0,032,"ASHBROOK DR","LAKESHORE DR",12.00,W,N,A,-,N,,,,,,,,,,N,3,0,2,3,A,-,10,21950,A,N,G,B,B,A,H,-,A,A,0,Y,,,,Y,,A,01,0,2,0,0,2,0,0,0,0,"- ","- ",,,"SAN DIEGO","CHULA VISTA",-116.98076629638672,32.651748657226562
8699717,2018,2018-09-27,3702,2018-08-16,1017,CV0982,,4,5,6,3702,0,0,0,,0,024,"MAIN ST","HILLTOP DR",64.00,E,N,A,-,N,,,,,,,,,,Y,4,0,1,2,A,-,03,22350,,M,A,I,F,A,H,-,A,D,0,Y,,,,Y,,A,01,0,0,1,0,1,0,0,0,0,"- ","- ",,,"SAN DIEGO","CHULA VISTA",-117.05133056640625,32.594715118408203
8699737,2018,2018-09-27,3702,2018-08-24,1910,CV1232,,5,5,6,3702,0,0,0,,0,024,"BEYER WY","MAIN ST",150.00,S,N,A,-,N,,,,,,,,,,Y,2,0,1,2,A,-,11,21950,B,N,G,B,D,A,H,-,A,A,0,Y,,,,Y,,N,60,1,0,0,0,1,0,0,0,0,"- ","- ",,,"SAN DIEGO","CHULA VISTA",-117.06434631347656,32.594394683837891
8699738,2018,2018-10-02,3702,2018-08-19,0029,CV1218,,7,5,6,3702,0,0,0,,0,031,"GOLD OAK CT","RIVER ASH ST",165.00,W,N,A,-,N,,,,,,,,,,N,3,0,1,2,A,-,10,21954,B,F,G,B,E,A,H,-,C,D,0,Y,,,,Y,Y,-,99,0,1,0,0,1,0,0,0,0,"- ","- ",,,"SAN DIEGO","CHULA VISTA",-117.02162170410156,32.629634857177734
8706459,2018,2018-10-02,3702,2018-06-25,0522,CV1201,,1,5,6,3702,0,0,0,,0,012,"F ST","BAY BL",0.00,,Y,A,-,N,,,,,,,,,,Y,2,0,1,2,A,-,12,22450,A,N,D,G,A,A,H,-,B,A,0,,Y,,,Y,,L,04,1,0,0,0,0,0,1,0,0,"- ","- ",,,"SAN DIEGO","CHULA VISTA",-117.09922027587891,32.635860443115234
8706660,2018,2018-10-02,3702,2018-07-13,1940,CV1206,,5,5,6,3702,0,0,0,,0,013,"4TH AV","CENTER ST",42.00,N,N,A,-,N,,,,,,,,,,N,4,0,1,2,A,-,21,22106,,M,G,B,E,A,H,-,B,D,0,Y,,,,Y,,A,01,0,0,1,0,1,0,0,0,0,"- ","- ",,,"SAN DIEGO","CHULA VISTA",-117.08369445800781,32.639389038085938
8706745,2018,2018-09-28,3702,2018-09-07,0758,CV0979,,5,5,6,3702,0,0,0,,0,021,"WEST FRONTAGE RD","ANITA ST",36.00,S,N,B,-,N,,,,,,,,,,N,3,0,1,2,A,-,08,22107,,N,B,G,A,A,H,-,A,D,0,,Y,,,Y,,L,04,0,1,0,0,0,0,1,0,0,"- ","- ",,,"SAN DIEGO","CHULA VISTA",-117.08973693847656,32.598529815673828
8708150,2018,2018-10-09,3702,2018-09-04,0830,DV0506,,2,5,6,3702,0,0,0,,0,042,"OTAY LAKES RD","EASTLAKE PKWY",10.00,W,N,B,-,N,,,,,,,,,,N,4,0,1,2,A,-,08,22107,,N,D,G,A,A,H,-,A,A,0,,Y,,,Y,,A,07,0,0,1,0,0,0,1,0,0,"- ","- ",,,"SAN DIEGO","CHULA VISTA",-116.96559143066406,32.648246765136719
8717635,2018,2018-10-22,3702,2018-09-18,0555,CV1125,,2,5,6,3702,0,0,0,,0,022,"EMERSON ST","3RD AV",24.00,E,N,A,-,N,,,,,,,,,,N,2,0,1,2,A,-,11,21954,A,N,G,B,D,A,H,-,C,D,0,Y,,,Y,Y,,N,60,1,0,0,0,1,0,0,0,0,"- ","- ",,,"SAN DIEGO","CHULA VISTA",-117.06832885742188,32.611953735351562
8717663,2018,2018-10-23,3702,2018-08-06,1437,CV1166,,1,5,6,3702,0,0,0,,0,012,BROADWAY,"F ST",322.00,S,N,A,-,N,,,,,,,,,,N,3,0,1,2,A,-,10,21952,,N,B,B,F,A,H,-,A,D,0,Y,,,,Y,,D,22,0,1,0,0,1,0,0,0,0,"- ","- ",,,"SAN DIEGO","CHULA VISTA",-117.09183502197266,32.637004852294922
8717713,2018,2018-10-17,3702,2018-09-09,0807,CV1172,,7,5,6,3702,0,0,0,,0,032,"PROCTOR VALLEY RD","LANE AV",0.00,,Y,A,-,N,,,,,,,,,,N,3,0,1,2,A,-,08,22107,,F,B,G,A,A,H,-,A,A,0,,Y,,,Y,,-,99,0,1,0,0,0,0,1,0,0,"- ","- ",,,"SAN DIEGO","CHULA VISTA",-116.95993804931641,32.661540985107422
8717733,2018,2018-10-17,3702,2018-09-06,1947,CV1217,,4,5,6,3702,0,0,0,,0,011,BROADWAY,"E ST",250.00,S,N,A,-,N,,,,,,,,,,N,3,0,1,2,A,-,11,21950,B,N,G,B,D,A,H,-,D,D,0,Y,,,,Y,Y,N,60,0,1,0,0,1,0,0,0,0,"- ","- ",,,"SAN DIEGO","CHULA VISTA",-117.09325408935547,32.640670776367188
8717749,2018,2018-10-17,3702,2018-09-16,1919,CV0777,,7,5,6,3702,0,0,0,,0,012,"G ST",BROADWAY,87.00,W,N,A,-,N,,,,,,,,,,Y,3,0,1,2,A,-,11,21954,A,N,G,B,D,A,H,-,D,A,0,Y,,,,Y,,N,60,0,1,0,0,1,0,0,0,0,"- ","- ",,,"SAN DIEGO","CHULA VISTA",-117.09107971191406,32.634334564208984