CASE_ID,ACCIDENT_YEAR,PROC_DATE,JURIS,COLLISION_DATE,COLLISION_TIME,OFFICER_ID,REPORTING_DISTRICT,DAY_OF_WEEK,CHP_SHIFT,POPULATION,CNTY_CITY_LOC,SPECIAL_COND,BEAT_TYPE,CHP_BEAT_TYPE,CITY_DIVISION_LAPD,CHP_BEAT_CLASS,BEAT_NUMBER,PRIMARY_RD,SECONDARY_RD,DISTANCE,DIRECTION,INTERSECTION,WEATHER_1,WEATHER_2,STATE_HWY_IND,CALTRANS_COUNTY,CALTRANS_DISTRICT,STATE_ROUTE,ROUTE_SUFFIX,POSTMILE_PREFIX,POSTMILE,LOCATION_TYPE,RAMP_INTERSECTION,SIDE_OF_HWY,TOW_AWAY,COLLISION_SEVERITY,NUMBER_KILLED,NUMBER_INJURED,PARTY_COUNT,PRIMARY_COLL_FACTOR,PCF_CODE_OF_VIOL,PCF_VIOL_CATEGORY,PCF_VIOLATION,PCF_VIOL_SUBSECTION,HIT_AND_RUN,TYPE_OF_COLLISION,MVIW,PED_ACTION,ROAD_SURFACE,ROAD_COND_1,ROAD_COND_2,LIGHTING,CONTROL_DEVICE,CHP_ROAD_TYPE,PEDESTRIAN_ACCIDENT,BICYCLE_ACCIDENT,MOTORCYCLE_ACCIDENT,TRUCK_ACCIDENT,NOT_PRIVATE_PROPERTY,ALCOHOL_INVOLVED,STWD_VEHTYPE_AT_FAULT,CHP_VEHTYPE_AT_FAULT,COUNT_SEVERE_INJ,COUNT_VISIBLE_INJ,COUNT_COMPLAINT_PAIN,COUNT_PED_KILLED,COUNT_PED_INJURED,COUNT_BICYCLIST_KILLED,COUNT_BICYCLIST_INJURED,COUNT_MC_KILLED,COUNT_MC_INJURED,PRIMARY_RAMP,SECONDARY_RAMP,LATITUDE,LONGITUDE,COUNTY,CITY,POINT_X,POINT_Y
8998170,2019,2020-01-16,3702,2019-10-31,1748,CV1242,,4,5,6,3702,0,0,0,,0,031,"BUENA VISTA WY","EAST H ST",0.00,,Y,A,-,N,,,,,,,,,,N,3,0,1,2,A,-,10,21950,A,N,G,B,-,A,H,-,A,A,0,Y,,,,Y,,D,22,0,1,0,0,1,0,0,0,0,"- ","- ",,,"SAN DIEGO","CHULA VISTA",-117.00581359863281,32.64141845703125
8998199,2019,2020-01-28,3702,2019-11-15,0855,CV1069,,5,5,6,3702,0,0,0,,0,031,"OTAY LAKES RD","AVENIDA DEL REY",0.00,,Y,A,-,N,,,,,,,,,,N,3,0,1,2,A,-,10,21950,A,N,G,B,B,A,H,-,A,A,0,Y,,,,Y,,D,22,0,1,0,0,1,0,0,0,0,"- ","- ",,,"SAN DIEGO","CHULA VISTA",-117.01461029052734,32.652019500732422
8998206,2019,2019-12-24,3702,2019-10-31,1145,CV1184,,4,5,6,3702,0,0,0,,0,042,"MAGDALENA AV","FLEISHBEIN ST",400.00,S,N,A,-,N,,,,,,,,,,N,4,0,1,2,A,-,03,22350,,N,C,G,A,A,H,-,A,D,0,,Y,,,Y,,L,04,0,0,1,0,0,0,1,0,0,"- ","- ",,,"SAN DIEGO","CHULA VISTA",-116.97663116455078,32.61273193359375
8998222,2019,2020-01-28,3702,2019-11-19,0650,CV0967,,2,5,6,3702,0,0,0,,0,042,"BURGUNDY DR","VIEW PARK",800.00,N,N,B,-,N,,,,,,,,,,N,4,0,1,2,A,-,09,21804,A,N,D,G,A,A,H,-,A,D,0,,Y,,,Y,,L,04,0,0,1,0,0,0,1,0,0,"- ","- ",,,"SAN DIEGO","CHULA VISTA",-116.97892761230469,32.627555847167969
8998288,2019,2019-12-12,3702,2019-10-26,2102,1254,,6,5,6,3702,0,0,0,,0,021,NAPLES,BROADWAY,177.00,E,N,A,-,N,,,,,,,,,,N,2,0,1,1,D,-,00,,,N,H,A,A,A,H,-,C,D,0,,Y,,,Y,,-,"- ",1,0,0,0,0,0,1,0,0,"- ","- ",,,"SAN DIEGO","CHULA VISTA",-117.08088684082031,32.610382080078125
8998342,2019,2020-01-29,3702,2019-11-01,1322,1069,,5,5,6,3702,0,0,0,,0,012,BROADWAY,"F ST",0.00,,Y,A,-,N,,,,,,,,,,N,4,0,2,2,A,-,10,21950,A,N,E,B,B,A,H,-,A,A,0,Y,,,,Y,,A,01,0,0,2,0,1,0,0,0,0,"- ","- ",,,"SAN DIEGO","CHULA VISTA",-117.09217071533203,32.637840270996094
8998350,2019,2020-01-29,3702,2019-11-07,1956,1156,,4,5,6,3702,0,0,0,,0,031,"TIERRA DEL REY","EAST H ST",150.00,N,N,A,-,N,,,,,,,,,,N,4,0,1,2,A,-,10,21950,A,N,G,B,B,A,H,-,C,A,0,Y,,,,Y,,A,01,0,0,1,0,1,0,0,0,0,"- ","- ",,,"SAN DIEGO","CHULA VISTA",-117.02064514160156,32.636379241943359
8998362,2019,2020-01-29,3702,2019-11-05,1800,1281,,2,5,6,3702,0,0,0,,0,022,"3RD AV","NAPLES ST",410.00,N,N,A,-,N,,,,,,,,,,N,4,0,1,2,A,-,03,22350,,N,D,G,A,A,H,-,C,D,0,,Y,,,Y,,L,04,0,0,1,0,0,0,1,0,0,"- ","- ",,,"SAN DIEGO","CHULA VISTA",-117.06950378417969,32.61474609375
90063332,2015,2015-12-01,9645,2015-11-12,1605,016864,,4,2,6,3702,0,1,3,,2,031,"SR-125 N/B","OTAY RIVER BRIDGE",150.00,S,N,A,-,Y,,,125,,,,,,N,N,4,0,1,1,A,-,03,22350,,N,F,A,A,A,H,-,A,D,0,,Y,,,Y,,L,04,0,0,1,0,0,0,1,0,0,"- ","- ",32.586179999999999,-116.9652,"SAN DIEGO","CHULA VISTA",-116.96545549,32.58608298
90077962,2015,2015-12-18,9645,2015-12-03,1745,018446,,4,2,6,3702,0,1,1,,2,009,"I-805 S/B TO BONITA ROAD W/B","BONITA ROAD",6.00,N,N,A,-,Y,,,805,,,,R,,S,N,4,0,1,3,A,-,11,21954,A,F,C,C,D,A,H,-,C,D,0,Y,,,,Y,,N,60,0,0,1,0,0,0,0,0,0,"- ","- ",32.648139999999998,-117.06296,"SAN DIEGO","CHULA VISTA",-117.06296,32.648139999999998
90141585,2016,2016-04-14,9645,2016-02-26,0738,017498,,5,1,6,3702,1,1,1,,2,001,"CONNOLEY AVENUE","TAMARINDO WAY",123.00,N,N,A,-,N,,,,,,,,,,N,4,0,1,2,D,-,00,,,N,G,B,E,A,H,-,A,D,0,Y,,,,Y,,-,"- ",0,0,1,0,1,0,0,0,0,"- ","- ",32.775480000000002,-117.12424,"SAN DIEGO","CHULA VISTA",-117.05549929,32.599136809999997
90148479,2016,2016-03-31,9645,2016-02-27,0322,015698,,6,3,6,3702,0,1,1,,2,009,"I-805 N/B","MAIN ST. O/C",900.00,S,N,B,-,Y,,,805,,,,,,N,N,3,0,1,2,A,-,11,21954,A,F,G,B,E,A,H,-,D,D,0,Y,,,,Y,Y,N,60,0,1,0,0,1,0,0,0,0,"- ","- ",32.59149,-117.03612,"SAN DIEGO","CHULA VISTA",-117.03620324000001,32.591492209999998
90160208,2016,2016-04-19,9645,2016-04-03,0150,020561,,7,3,6,3702,0,1,1,,2,001,"I-5 S/B","H ST. O/C",528.00,N,N,B,-,Y,,,5,,,,,,S,Y,3,0,2,4,A,-,03,22350,,N,C,C,E,A,H,-,D,D,0,Y,,,,Y,,A,01,0,2,0,0,2,0,0,0,0,"- ","- ",32.631270000000001,-117.09705,"SAN DIEGO","CHULA VISTA",-117.09688302000001,32.631335999999997
90180605,2016,2016-05-17,9645,2016-04-15,0510,020561,,5,3,6,3702,0,1,1,,2,009,"I-805 S/B","L ST.",1056.00,N,N,B,-,Y,,,,,,,,,,N,2,0,1,2,A,-,11,21954,A,N,G,B,E,A,H,-,D,D,0,Y,,,,Y,,N,60,1,0,0,0,1,0,0,0,0,"- ","- ",,,"SAN DIEGO","CHULA VISTA",-117.04483500000001,32.631683000000002
9029318,2019,2020-01-30,3702,2019-12-06,1643,CV1163,,5,5,6,3702,0,0,0,,0,013,"I ST","5TH AV",0.00,,Y,C,-,N,,,,,,,,,,N,3,0,1,2,D,-,00,,,N,D,G,A,B,H,-,B,A,0,,Y,,,Y,,-,"- ",0,1,0,0,0,0,1,0,0,"- ","- ",,,"SAN DIEGO","CHULA VISTA",-117.08397674560547,32.628658294677734
9029338,2019,2020-01-30,3702,2019-12-16,1500,CV1087,,1,5,6,3702,0,0,0,,0,021,"BAY BL","PALOMAR ST",0.00,,Y,A,-,N,,,,,,,,,,N,3,0,1,2,A,-,11,21954,A,N,D,B,D,A,H,-,A,D,0,Y,,,,Y,,N,60,0,1,0,0,1,0,0,0,0,"- ","- ",,,"SAN DIEGO","CHULA VISTA",-117.09230041503906,32.604568481445312
9033219,2019,2020-02-04,3702,2019-11-23,2217,CV1223,,6,5,6,3702,0,0,0,,0,021,"L ST",BROADWAY,90.00,W,N,A,-,N,,,,,,,,,,N,3,0,1,2,A,-,11,21950,B,N,G,B,D,A,H,-,C,D,0,Y,,,,Y,,N,60,0,1,0,0,1,0,0,0,0,"- ","- ",,,"SAN DIEGO","CHULA VISTA",-117.08435821533203,32.617080688476562
9033255,2019,2020-02-04,3702,2019-11-02,1553,CV0777,,6,5,6,3702,0,0,0,,0,041,"SANTA VICTORIA RD","SANTA ALEXIA",572.00,E,N,A,-,N,,,,,,,,,,Y,3,0,3,4,A,-,11,21954,A,N,G,B,D,A,H,-,A,D,0,Y,,,,Y,,N,60,0,3,0,0,3,0,0,0,0,"- ","- ",,,"SAN DIEGO","CHULA VISTA",-116.98931121826172,32.614768981933594
9033259,2019,2020-02-04,3702,2019-11-22,1538,CV1279,,5,5,6,3702,0,0,0,,0,021,"MAIN ST","JACQUA ST",256.00,E,N,A,-,N,,,,,,,,,,N,4,0,1,2,A,-,15,21201,A,N,A,G,A,A,H,-,B,D,0,,Y,,,Y,,L,04,0,0,1,0,0,0,1,0,0,"- ","- ",,,"SAN DIEGO","CHULA VISTA",-117.07947540283203,32.594810485839844
9033263,2019,2020-02-04,3702,2019-11-30,1750,CV1114,,6,5,6,3702,0,0,0,,0,013,"J ST","COLORADO AV",0.00,,Y,A,-,N,,,,,,,,,,N,3,0,1,2,A,-,05,21650,1,N,D,G,A,A,H,-,C,D,0,,Y,,,Y,,L,04,0,1,0,0,0,0,1,0,0,"- ","- ",,,"SAN DIEGO","CHULA VISTA",-117.09201812744141,32.62261962890625
9033380,2019,2020-01-31,3702,2019-12-01,1124,CV0673,,7,5,6,3702,0,0,0,,0,024,BROADWAY,"MAIN ST",0.00,,Y,A,-,N,,,,,,,,,,N,4,0,1,2,D,-,00,,,N,G,B,B,A,H,-,A,A,0,Y,,,,Y,,-,"- ",0,0,1,0,1,0,0,0,0,"- ","- ",,,"SAN DIEGO","CHULA VISTA",-117.07517242431641,32.594779968261719
9033400,2019,2020-01-31,3702,2019-12-30,1835,CV1289,,1,5,6,3702,0,0,0,,0,024,"3RD AV","QUINTARD ST",207.00,S,N,A,-,N,,,,,,,,,,N,3,0,1,2,A,-,11,21955,,N,G,B,D,A,H,-,C,A,0,Y,,,,Y,,N,60,0,1,0,0,1,0,0,0,0,"- ","- ",,,"SAN DIEGO","CHULA VISTA",-117.06482696533203,32.602783203125
9033782,2019,2020-02-07,3702,2019-11-25,1413,CV1270,,1,5,6,3702,0,0,0,,0,031,"OTAY LAKES RD","ELMHURST ST",0.00,,Y,A,-,N,,,,,,,,,,N,4,0,1,2,A,-,10,21950,A,N,A,B,B,A,H,-,A,A,0,Y,,,,Y,,D,22,0,0,1,0,1,0,0,0,0,"- ","- ",,,"SAN DIEGO","CHULA VISTA",-116.99575805664062,32.643009185791016
9036675,2019,2020-02-07,3702,2019-12-13,0730,CV1295,,5,5,6,3702,0,0,0,,0,024,BROADWAY,"PALOMAR ST",590.00,S,N,B,-,N,,,,,,,,,,N,4,0,1,2,A,-,09,21801,A,N,D,G,A,A,H,-,A,D,0,,Y,,,Y,,A,07,0,0,1,0,0,0,1,0,0,"- ","- ",,,"SAN DIEGO","CHULA VISTA",-117.07815551757812,32.601886749267578
9036683,2019,2020-02-07,3702,2019-12-24,0200,CV1228,,2,5,6,3702,0,0,0,,0,032,"EAST H ST","RT 125",787.00,E,N,B,-,N,,,,,,,,,,N,2,0,1,2,A,-,11,21954,A,N,G,B,E,B,H,-,C,A,0,Y,,,,Y,,N,60,1,0,0,0,1,0,0,0,0,"- ","- ",,,"SAN DIEGO","CHULA VISTA",-116.97663879394531,32.659809112548828
9036687,2019,2020-02-07,3702,2019-12-12,1640,CV1263,,4,5,6,3702,0,0,0,,0,041,"OLYMPIC PKWY","HERITAGE RD",342.00,W,N,A,-,N,,,,,,,,,,N,3,0,1,2,A,-,07,21658,A,N,C,G,A,A,H,-,B,D,0,,Y,,,Y,,L,04,0,1,0,0,0,0,1,0,0,"- ","- ",,,"SAN DIEGO","CHULA VISTA",-117.00320434570312,32.616775512695312
9036695,2019,2020-02-07,3702,2019-12-05,1027,CV1122,,4,5,6,3702,0,0,0,,0,013,"PARK AV",GARRETT,8.00,W,N,A,-,N,,,,,,,,,,N,4,0,1,2,A,-,21,22106,,N,C,B,D,A,H,-,A,D,0,Y,,,,Y,,A,01,0,0,1,0,1,0,0,0,0,"- ","- ",,,"SAN DIEGO","CHULA VISTA",-117.08095550537109,32.638172149658203
9036707,2019,2020-02-07,3702,2019-12-14,2224,CV0986,,6,5,6,3702,0,0,0,,0,014,"3RD AV","F ST",155.00,N,N,A,-,N,,,,,,,,,,N,3,0,1,2,A,-,11,21954,A,N,G,B,E,A,H,-,C,D,0,Y,,,,Y,,N,60,0,1,0,0,1,0,0,0,0,"- ","- ",,,"SAN DIEGO","CHULA VISTA",-117.08006286621094,32.641674041748047
9036715,2019,2020-02-07,3702,2019-12-16,1710,CV1277,,1,5,6,3702,0,0,0,,0,024,"REGENCY WY","RANCHO DR",36.00,N,N,A,-,N,,,,,,,,,,N,2,0,1,2,A,-,11,21950,B,N,G,B,E,A,H,-,C,D,0,Y,,,,Y,,N,60,1,0,0,0,1,0,0,0,0,"- ","- ",,,"SAN DIEGO","CHULA VISTA",-117.0438232421875,32.591575622558594
90375839,2016,2017-01-24,9645,2016-12-22,0223,017671,,4,3,6,3702,0,1,1,,2,009,"I-805 S/B","BONITA ROAD",310.00,S,N,B,C,Y,,,805,,,,,,S,Y,2,0,3,3,A,-,08,22107,,N,B,E,E,B,H,-,C,D,0,Y,,,Y,Y,,G,27,1,0,2,0,1,0,0,0,0,"- ","- ",32.647350000000003,-117.0607,"SAN DIEGO","CHULA VISTA",-117.0606404,32.647430919999998
9041054,2020,2020-03-09,3702,2020-01-04,1810,CV1174,,6,5,6,3702,0,0,0,,0,022,"4TH AV","NAPLES ST",4.00,S,N,A,-,N,,,,,,,,,,N,3,0,1,2,A,-,11,21456,B,N,D,B,B,A,H,-,C,A,0,Y,,,,Y,,N,60,0,1,0,0,1,0,0,0,0,"- ","- ",,,"SAN DIEGO","CHULA VISTA",-117.07316589355469,32.612499237060547
9041058,2020,2020-03-17,3702,2020-01-01,1925,CV1283,,3,5,6,3702,0,0,0,,0,012,BROADWAY,"I ST",621.00,N,N,A,-,N,,,,,,,,,,N,3,0,1,2,A,-,11,21955,,N,G,B,D,A,H,-,C,D,0,Y,,,,Y,Y,N,60,0,1,0,0,1,0,0,0,0,"- ","- ",,,"SAN DIEGO","CHULA VISTA",-117.08873748779297,32.629108428955078
9041331,2019,2020-02-08,3702,2019-11-23,0943,CV1246,,6,5,6,3702,0,0,0,,0,012,BROADWAY,"H ST",21.00,S,N,A,-,N,,,,,,,,,,N,2,0,1,2,A,-,10,21950,A,N,G,B,B,A,H,-,A,A,0,Y,,,,Y,,A,01,1,0,0,0,1,0,0,0,0,"- ","- ",,,"SAN DIEGO","CHULA VISTA",-117.08943939208984,32.630905151367188
9041369,2019,2020-02-10,3702,2019-11-10,2030,CV1294,,7,5,6,3702,0,0,0,,0,032,"PASEO VERACRUZ","CORTE TROVE",18.00,N,N,A,-,N,,,,,,,,,,N,4,0,1,2,A,-,11,21954,A,N,G,B,D,A,H,-,C,A,0,Y,,,,Y,Y,N,60,0,0,1,0,1,0,0,0,0,"- ","- ",,,"SAN DIEGO","CHULA VISTA",-116.9735107421875,32.669307708740234
9041373,2019,2020-02-10,3702,2019-11-12,1700,CV1289,,2,5,6,3702,0,0,0,,0,024,"SEQUOIA  ST","POINT MUGU CT",94.00,E,N,A,-,N,,,,,,,,,,N,2,0,1,2,A,-,00,21712,H,N,H,B,E,A,H,-,A,D,0,Y,,,,Y,,-,99,1,0,0,0,1,0,0,0,0,"- ","- ",,,"SAN DIEGO","CHULA VISTA",-117.025146484375,32.602302551269531
9041381,2019,2020-02-10,3702,2019-11-16,1717,CV1268,,6,5,6,3702,0,0,0,,0,024,"ALBANY AV","ORANGE AV",3.00,N,N,A,-,N,,,,,,,,,,N,4,0,1,2,A,-,09,21800,A,N,D,G,A,A,H,-,C,A,0,,Y,,,Y,,A,01,0,0,1,0,0,0,1,0,0,"- ","- ",,,"SAN DIEGO","CHULA VISTA",-117.05808258056641,32.601398468017578
9041389,2019,2020-02-11,3702,2019-11-18,1815,CV,,1,5,6,3702,0,0,0,,0,,"HERITAGE RD","SANTA MAYA",52.00,N,N,A,-,N,,,,,,,,,,N,3,0,1,1,B,-,22,,,N,E,J,A,A,B,D,C,D,0,,Y,,,Y,,L,04,0,1,0,0,0,0,1,0,0,"- ","- ",,,"SAN DIEGO","CHULA VISTA",-117.00428009033203,32.598640441894531
9041393,2019,2020-02-10,3702,2019-11-18,1809,CV1225,,1,5,6,3702,0,0,0,,0,011,BROADWAY,"MCINTOSH ST",137.00,S,N,A,-,N,,,,,,,,,,N,2,0,1,2,A,-,10,21950,A,N,G,B,D,A,H,-,C,A,0,Y,,,,Y,,A,01,1,0,0,0,1,0,0,0,0,"- ","- ",,,"SAN DIEGO","CHULA VISTA",-117.09537506103516,32.646156311035156
9041405,2019,2020-02-10,3702,2019-11-14,1830,CV1289,,4,5,6,3702,0,0,0,,0,024,BROADWAY,"MAIN ST",357.00,N,N,A,-,N,,,,,,,,,,N,2,0,1,2,A,-,00,21712,H,N,H,A,A,A,H,-,C,A,0,,Y,,,Y,,A,07,1,0,0,0,0,0,1,0,0,"- ","- ",,,"SAN DIEGO","CHULA VISTA",-117.07569885253906,32.595645904541016
9041413,2019,2020-02-10,3702,2019-11-14,1530,CV1262,,4,5,6,3702,0,0,0,,0,014,"1ST AV","J ST",0.00,,Y,A,-,N,,,,,,,,,,N,3,0,1,2,A,-,09,21802,A,N,D,G,A,A,H,-,A,D,0,,Y,,,Y,,A,01,0,1,0,0,0,0,1,0,0,"- ","- ",,,"SAN DIEGO","CHULA VISTA",-117.06632995605469,32.629741668701172
9041421,2019,2020-02-10,3702,2019-11-11,1725,CV1113,,1,5,6,3702,0,0,0,,0,024,"MAIN ST","REED CT",125.00,W,N,A,-,N,,,,,,,,,,N,3,0,1,2,A,-,11,21954,A,N,G,B,D,A,H,-,D,D,0,Y,,,,Y,,N,60,0,1,0,0,1,0,0,0,0,"- ","- ",,,"SAN DIEGO","CHULA VISTA",-117.05628204345703,32.594730377197266
90429598,2017,2017-04-07,9645,2017-03-26,1000,021617,,7,1,6,3702,0,1,1,,2,001,"I-5 SB","MAIN ST.",1300.00,N,N,A,-,Y,,,5,,,,,,S,N,2,0,1,1,A,-,03,22350,,N,F,A,A,A,H,-,A,D,0,,Y,,,Y,,L,04,1,0,0,0,0,0,1,0,0,"- ","- ",32.598730000000003,-117.0896,"SAN DIEGO","CHULA VISTA",-117.08944056999999,32.598749069999997
9046355,2020,2020-02-26,3702,2020-01-09,2205,CV1285,,4,5,6,3702,0,0,0,,0,014,"3RD AV","FREDERICKA PKWY",10.00,N,N,B,-,N,,,,,,,,,,N,3,0,1,2,A,-,11,21955,,N,G,B,D,B,H,-,C,D,0,Y,,,,Y,,N,60,0,1,0,0,1,0,0,0,0,"- ","- ",,,"SAN DIEGO","CHULA VISTA",-117.08184051513672,32.646305084228516
9046363,2020,2020-02-26,3702,2020-01-07,1450,CV1242,,2,5,6,3702,0,0,0,,0,014,"EAST H ST","RT 805",124.00,W,N,A,-,N,,,,,,,,,,N,4,0,1,2,A,-,07,21658,A,N,B,G,A,A,H,-,A,A,0,,Y,,,Y,,L,04,0,0,1,0,0,0,1,0,0,"- ",SO,,,"SAN DIEGO","CHULA VISTA",-117.05607604980469,32.640434265136719
9046375,2020,2020-02-26,3702,2020-01-13,0910,CV0967,,1,5,6,3702,0,0,0,,0,031,"CHOLLA RD","CALMA DR",5.00,N,N,A,-,N,,,,,,,,,,N,3,0,1,2,A,-,10,21950,A,N,G,B,B,A,H,-,A,D,0,Y,,,,Y,,A,01,0,1,0,0,1,0,0,0,0,"- ","- ",,,"SAN DIEGO","CHULA VISTA",-117.03115081787109,32.627723693847656
90486931,2017,2017-06-26,9645,2017-05-10,2030,021600,,3,2,6,3702,0,1,1,,2,009,"I-805 S/B FROM H ST.","H ST. PROLONGATION",50.00,S,N,A,-,Y,,,805,,,,R,,S,N,4,0,1,2,A,-,11,21954,A,N,G,B,E,A,H,-,D,D,0,Y,,,,Y,,N,60,0,0,1,0,1,0,0,0,0,"- ","- ",32.639470000000003,-117.05643999999999,"SAN DIEGO","CHULA VISTA",-117.05643999999999,32.639470000000003
9050186,2020,2020-06-04,3702,2020-02-14,1809,CV1132,,5,5,6,3702,0,0,0,,0,011,WOODLAWN,"E ST",4.00,S,N,A,-,N,,,,,,,,,,N,4,0,1,2,A,-,10,21950,A,N,G,B,B,A,H,-,C,A,0,Y,,,,Y,,D,22,0,0,1,0,1,0,0,0,0,"- ","- ",,,"SAN DIEGO","CHULA VISTA",-117.09757232666016,32.640178680419922
90549647,2017,2017-09-18,9645,2017-06-26,1434,021494,,1,2,6,3702,0,1,1,,2,009,"I-805 N/B TO MAIN ST","MAIN ST",6.00,S,N,A,-,Y,,,805,,,,R,,N,N,4,0,1,2,A,-,12,21453,A,N,D,G,A,A,H,-,A,A,0,,Y,,,Y,,A,01,0,0,1,0,0,0,1,0,0,"- ","- ",32.594760000000001,-117.03570999999999,"SAN DIEGO","CHULA VISTA",-117.03570999999999,32.594760000000001
90597946,2017,2017-11-20,9645,2017-10-13,1845,020997,,5,2,6,3702,0,1,3,,2,031,"SR-125 S/B","MOUNT MIGUEL ROAD",1545.00,N,N,A,-,Y,,,125,,,,,,S,Y,2,0,1,2,A,-,11,21954,A,N,G,B,E,A,H,-,D,D,0,Y,,,,Y,Y,N,60,1,0,0,0,1,0,0,0,0,"- ","- ",32.674199999999999,-116.98563,"SAN DIEGO","CHULA VISTA",-116.98572489,32.674186990000003
90620853,2017,2017-12-19,9645,2017-12-07,1935,016864,,4,2,6,3702,0,1,1,,2,009,"I-805 N/B","BONITA ROAD",200.00,S,N,A,-,Y,,,805,,,,,,N,N,4,0,1,2,A,-,21,22106,,N,G,B,E,A,H,-,C,D,0,Y,,,,Y,,A,08,0,0,1,0,1,0,0,0,0,"- ","- ",32.647269999999999,-117.05983999999999,"SAN DIEGO","CHULA VISTA",-117.05986305,32.647249160000001
90709697,2018,2018-04-20,9645,2018-03-28,1355,020844,,3,1,6,3702,0,1,1,,2,001,"I-5 S/B TO PALM AVENUE","PALM AVENUE",5.00,N,N,A,-,Y,,,,,,,,,,N,3,0,1,2,A,-,21,22106,,N,G,B,B,A,H,-,A,A,0,Y,,,,Y,,A,08,0,1,0,0,1,0,0,0,0,"- ","- ",32.583930969238281,-117.08889007568359,"SAN DIEGO","CHULA VISTA",-117.08889008,32.583930969999997
9071260,2020,2020-08-03,3702,2020-06-04,0934,CV0982,,4,5,6,3702,0,0,0,,0,032,"OTAY LAKES RD","ELMHURST ST",95.00,N,N,B,-,N,,,,,,,,,,N,4,0,1,1,C,-,18,,,N,H,A,A,A,H,-,A,D,0,,Y,,,Y,,-,"- ",0,0,1,0,0,0,1,0,0,"- ","- ",,,"SAN DIEGO","CHULA VISTA",-116.99601745605469,32.643154144287109
90744258,2018,2018-06-08,9645,2018-05-26,1120,020867,,6,1,6,3702,0,1,1,,2,001,"I-5 S/B","PALOMAR ST. O/C",200.00,S,N,A,-,Y,,,5,,,,,,S,N,3,0,1,1,B,-,22,,,N,F,A,A,A,H,-,A,D,0,,Y,,,Y,,-,"- ",0,1,0,0,0,0,1,0,0,"- ","- ",32.601100921630859,-117.08975219726562,"SAN DIEGO","CHULA VISTA",-117.0897216796875,32.601104736328125
9077372,2019,2020-05-15,3702,2019-11-22,0717,CV1111,,5,5,6,3702,0,0,0,,0,012,BROADWAY,"OTIS ST",100.00,S,N,A,-,N,,,,,,,,,,N,4,0,1,3,A,-,11,21954,A,N,C,B,D,A,H,-,A,D,0,Y,,,,Y,,N,60,0,0,1,0,0,0,0,0,0,"- ","- ",,,"SAN DIEGO","CHULA VISTA",-117.08969879150391,32.631538391113281
9078918,2020,2020-07-14,3702,2020-03-12,1510,CV1174,,4,5,6,3702,0,0,0,,0,022,"3RD AV","L ST",20.00,N,N,C,-,N,,,,,,,,,,N,3,0,1,2,A,-,03,22350,,N,C,G,A,B,H,-,A,A,0,,Y,,,Y,,L,04,0,1,0,0,0,0,1,0,0,"- ","- ",,,"SAN DIEGO","CHULA VISTA",-117.07180023193359,32.620651245117188
9078938,2019,2020-04-24,3702,2019-12-12,1800,CV1289,,4,5,6,3702,0,0,0,,0,023,"MONSERATE AV","E PAISLEY ST",0.00,,Y,A,-,N,,,,,,,,,,Y,2,0,4,7,A,-,01,23153,A,N,F,C,F,A,H,-,C,A,0,Y,,,,Y,Y,D,22,2,1,1,0,2,0,0,0,0,"- ","- ",,,"SAN DIEGO","CHULA VISTA",-117.04631805419922,32.611961364746094
9078950,2020,2020-06-30,3702,2020-01-31,0645,CV1303,,5,5,6,3702,0,0,0,,0,023,"OLEANDER AV","EAST PALOMAR ST",40.00,N,N,A,-,N,,,,,,,,,,N,4,0,1,2,A,-,03,22350,,N,B,G,A,A,H,-,A,A,0,,Y,,,Y,,L,04,0,0,1,0,0,0,1,0,0,"- ","- ",,,"SAN DIEGO","CHULA VISTA",-117.03369140625,32.614799499511719
9080565,2020,2020-05-18,3702,2020-01-18,2341,CV0664,,6,5,6,3702,0,0,0,,0,021,"PALOMAR ST","INDUSTRIAL BL",240.00,W,N,A,-,N,,,,,,,,,,Y,3,0,1,2,A,-,01,23153,A,N,G,B,E,A,H,-,C,D,0,Y,,,,Y,Y,A,01,0,1,0,0,1,0,0,0,0,"- ","- ",,,"SAN DIEGO","CHULA VISTA",-117.08638000488281,32.604011535644531