CASE_ID,ACCIDENT_YEAR,PROC_DATE,JURIS,COLLISION_DATE,COLLISION_TIME,OFFICER_ID,REPORTING_DISTRICT,DAY_OF_WEEK,CHP_SHIFT,POPULATION,CNTY_CITY_LOC,SPECIAL_COND,BEAT_TYPE,CHP_BEAT_TYPE,CITY_DIVISION_LAPD,CHP_BEAT_CLASS,BEAT_NUMBER,PRIMARY_RD,SECONDARY_RD,DISTANCE,DIRECTION,INTERSECTION,WEATHER_1,WEATHER_2,STATE_HWY_IND,CALTRANS_COUNTY,CALTRANS_DISTRICT,STATE_ROUTE,ROUTE_SUFFIX,POSTMILE_PREFIX,POSTMILE,LOCATION_TYPE,RAMP_INTERSECTION,SIDE_OF_HWY,TOW_AWAY,COLLISION_SEVERITY,NUMBER_KILLED,NUMBER_INJURED,PARTY_COUNT,PRIMARY_COLL_FACTOR,PCF_CODE_OF_VIOL,PCF_VIOL_CATEGORY,PCF_VIOLATION,PCF_VIOL_SUBSECTION,HIT_AND_RUN,TYPE_OF_COLLISION,MVIW,PED_ACTION,ROAD_SURFACE,ROAD_COND_1,ROAD_COND_2,LIGHTING,CONTROL_DEVICE,CHP_ROAD_TYPE,PEDESTRIAN_ACCIDENT,BICYCLE_ACCIDENT,MOTORCYCLE_ACCIDENT,TRUCK_ACCIDENT,NOT_PRIVATE_PROPERTY,ALCOHOL_INVOLVED,STWD_VEHTYPE_AT_FAULT,CHP_VEHTYPE_AT_FAULT,COUNT_SEVERE_INJ,COUNT_VISIBLE_INJ,COUNT_COMPLAINT_PAIN,COUNT_PED_KILLED,COUNT_PED_INJURED,COUNT_BICYCLIST_KILLED,COUNT_BICYCLIST_INJURED,COUNT_MC_KILLED,COUNT_MC_INJURED,PRIMARY_RAMP,SECONDARY_RAMP,LATITUDE,LONGITUDE,COUNTY,CITY,POINT_X,POINT_Y
9182596,2020,2020-12-04,3702,2020-09-22,1813,CV1203,,2,5,6,3702,0,0,0,,0,013,"J ST","RT 5",25.00,E,N,A,-,Y,SD,11,5,-,-,7.434,R,4,N,N,3,0,1,2,A,-,10,21954,B,N,G,B,D,A,G,-,B,B,0,Y,,,,Y,,A,01,0,1,0,0,1,0,0,0,0,"- ",EO,,,"SAN DIEGO","CHULA VISTA",-117.09374237060547,32.623992919921875
9208384,2020,2021-02-16,3702,2020-12-22,1215,CV1303,,2,5,6,3702,0,0,0,,0,011,"BAY BL","E ST",10.00,S,N,A,-,N,,,,,,,,,,N,3,0,1,2,A,-,12,21453,A,N,D,G,A,A,H,-,A,A,0,,Y,,,Y,,L,04,0,1,0,0,0,0,1,0,0,"- ","- ",,,"SAN DIEGO","CHULA VISTA",-117.10144805908203,32.639022827148438
9209205,2020,2021-02-20,3702,2020-12-31,2015,CV1350,,4,5,6,3702,0,0,0,,0,024,BROADWAY,"ARIZONA ST",0.00,,Y,A,-,N,,,,,,,,,,Y,2,0,1,2,A,-,03,22350,,N,A,G,A,A,H,-,C,D,0,,Y,,,Y,,D,22,1,0,0,0,0,0,1,0,0,"- ","- ",,,"SAN DIEGO","CHULA VISTA",-117.08345031738281,32.615398406982422
9209209,2020,2021-02-22,3702,2020-12-19,1430,CV1328,,6,5,6,3702,0,0,0,,0,021,BROADWAY,"OXFORD AV",600.00,,N,A,-,N,,,,,,,,,,N,4,0,1,2,A,-,17,21663,,N,G,B,F,A,H,-,A,A,0,Y,,,Y,Y,,F,25,0,0,1,0,1,0,0,0,0,"- ","- ",,,"SAN DIEGO","CHULA VISTA",-117.08006286621094,32.606739044189453
9210309,2020,2021-01-14,3702,2020-10-30,1104,CV1275,,5,5,6,3702,0,0,0,,0,022,"3RD AV",OXFORD,25.00,N,N,A,-,N,,,,,,,,,,Y,3,0,2,2,A,-,03,22350,,N,G,G,A,A,H,-,A,D,0,,Y,,,Y,,A,01,0,1,1,0,0,0,1,0,0,"- ","- ",,,"SAN DIEGO","CHULA VISTA",-117.06775665283203,32.610294342041016
9210310,2020,2021-01-26,3702,2020-10-26,2330,CV1061,,1,5,6,3702,0,0,0,,0,024,"MAIN ST","RT 805",95.00,W,N,A,-,Y,SD,11,805,-,-,3.851,R,4,N,N,4,0,1,2,A,-,17,21208,A,N,G,G,A,A,H,-,C,A,0,,Y,,,Y,,L,04,0,0,1,0,0,0,1,0,0,"- ",NO,,,"SAN DIEGO","CHULA VISTA",-117.0361328125,32.597633361816406
9210320,2020,2021-01-21,3702,2020-10-26,1735,CV1246,,1,5,6,3702,0,0,0,,0,011,"FLOWER ST","CEDAR AV",108.00,W,N,A,-,N,,,,,,,,,,N,2,0,1,3,A,-,00,21760,,F,C,G,A,A,H,-,A,D,0,,Y,,,Y,,A,07,1,0,0,0,0,0,1,0,0,"- ","- ",,,"SAN DIEGO","CHULA VISTA",-117.09154510498047,32.643764495849609
9210376,2020,2021-01-14,3702,2020-11-29,1810,CV1241,,7,5,6,3702,0,0,0,,0,014,"4TH AV","FLOWER ST",125.00,S,N,A,-,N,,,,,,,,,,Y,3,0,1,2,A,-,08,22107,,N,G,G,A,A,H,-,D,D,0,,Y,,,Y,,L,04,0,1,0,0,0,0,1,0,0,"- ","- ",,,"SAN DIEGO","CHULA VISTA",-117.08585357666016,32.645023345947266
9210377,2020,2021-01-14,3702,2020-11-14,1200,CV1328,,6,5,6,3702,0,0,0,,0,021,"MAIN ST","JACQUA ST",150.00,W,N,A,-,N,,,,,,,,,,N,4,0,1,2,A,-,08,22107,,N,H,G,A,A,H,-,A,D,0,,Y,,,Y,,A,08,0,0,1,0,0,0,1,0,0,"- ","- ",,,"SAN DIEGO","CHULA VISTA",-117.08078765869141,32.594814300537109
9210378,2020,2021-01-14,3702,2020-11-24,1644,CV1308,,2,5,6,3702,0,0,0,,0,013,"J ST","5TH AV",36.00,W,N,A,-,N,,,,,,,,,,N,4,0,1,2,A,-,07,21658,A,N,C,G,A,A,H,-,C,A,0,,Y,,,Y,,L,04,0,0,1,0,0,0,1,0,0,"- ","- ",,,"SAN DIEGO","CHULA VISTA",-117.08274078369141,32.625160217285156
9210379,2020,2021-01-14,3702,2020-11-17,1335,CV1326,,2,5,6,3702,0,0,0,,0,024,"OTAY VALLEY RD","MAIN ST",100.00,S,N,A,-,N,,,,,,,,,,N,3,0,1,2,A,-,10,21952,,N,G,B,F,A,H,-,A,D,0,Y,,,,Y,,A,07,0,1,0,0,1,0,0,0,0,"- ","- ",,,"SAN DIEGO","CHULA VISTA",-117.0426025390625,32.594520568847656
9210595,2020,2021-02-24,3702,2020-12-06,0930,CV1279,,7,5,6,3702,0,0,0,,0,013,"BAY BL","L ST",707.00,S,N,A,-,N,,,,,,,,,,N,3,0,2,2,A,-,08,22107,,N,A,G,A,A,H,-,A,D,0,,Y,,,Y,,L,04,0,2,0,0,0,0,2,0,0,"- ","- ",,,"SAN DIEGO","CHULA VISTA",-117.09195709228516,32.613014221191406
9210891,2020,2021-01-21,3702,2020-11-22,2053,CV1206,,7,5,6,3702,0,0,0,,0,042,"EASTLAKE PKWY","BIRCH RD",240.00,N,N,A,-,N,,,,,,,,,,N,3,0,1,2,A,-,11,21954,A,N,G,B,E,A,H,-,C,D,0,Y,,,,Y,,N,60,0,1,0,0,1,0,0,0,0,"- ","- ",,,"SAN DIEGO","CHULA VISTA",-116.96310424804688,32.622074127197266
9210960,2020,2021-01-13,3702,2020-10-12,0744,CV1338,,1,5,6,3702,0,0,0,,0,014,"I ST","1ST AV",15.00,W,N,A,-,N,,,,,,,,,,N,4,0,1,2,A,-,10,21950,A,N,G,B,B,A,H,-,A,D,0,Y,,,,Y,,A,01,0,0,1,0,1,0,0,0,0,"- ","- ",,,"SAN DIEGO","CHULA VISTA",-117.06772613525391,32.633205413818359
9211464,2020,2021-01-14,3702,2020-09-11,2127,CV0967,,5,5,6,3702,0,0,0,,0,024,"MAIN ST","DEL MONTE AV",38.00,W,N,A,-,N,,,,,,,,,,N,1,1,0,3,A,-,11,21954,A,F,G,B,E,A,H,-,C,D,0,Y,,,,Y,,N,60,0,0,0,1,0,0,0,0,0,"- ","- ",,,"SAN DIEGO","CHULA VISTA",-117.06254577636719,32.594760894775391
9222710,2021,2021-03-25,3702,2021-01-14,1055,CV1031,,4,5,6,3702,0,0,0,,0,042,"THOMPSON AV","WEBBER WY",15.00,E,N,A,-,N,,,,,,,,,,N,3,0,1,2,A,-,10,21950,A,N,G,B,B,A,H,-,A,D,0,Y,,,,Y,,A,07,0,1,0,0,1,0,0,0,0,"- ","- ",,,"SAN DIEGO","CHULA VISTA",-116.97932434082031,32.61614990234375
9222711,2021,2021-03-25,3702,2021-01-14,1912,CV1254,,4,5,6,3702,0,0,0,,0,011,BROADWAY,"DAVIDSON ST",0.00,,Y,A,-,N,,,,,,,,,,N,4,0,1,2,A,-,11,21950,B,N,G,B,D,A,H,-,C,A,0,Y,,,,Y,,N,60,0,0,1,0,1,0,0,0,0,"- ","- ",,,"SAN DIEGO","CHULA VISTA",-117.09281921386719,32.639568328857422
9222712,2021,2021-03-25,3702,2021-01-17,1737,CV1269,,7,5,6,3702,0,0,0,,0,021,"PALOMAR ST","INDUSTRIAL BL",80.00,E,N,A,-,N,,,,,,,,,,N,3,0,1,2,A,-,11,21456,B,N,G,B,D,A,H,-,C,A,0,Y,,,,Y,,N,60,0,1,0,0,1,0,0,0,0,"- ","- ",,,"SAN DIEGO","CHULA VISTA",-117.08535003662109,32.603912353515625
9222714,2021,2021-03-25,3702,2021-01-14,0850,CV1004,,4,5,6,3702,0,0,0,,0,023,"MELROSE AV","EAST L ST",340.00,S,N,A,-,N,,,,,,,,,,N,2,0,1,2,A,-,11,21954,A,N,G,B,D,A,H,-,A,D,0,Y,,,,Y,,N,60,1,0,0,0,1,0,0,0,0,"- ","- ",,,"SAN DIEGO","CHULA VISTA",-117.04902648925781,32.626068115234375
9223141,2020,2021-02-20,3702,2020-12-17,1725,CV1280,,4,5,6,3702,0,0,0,,0,012,BROADWAY,"G ST",100.00,S,N,A,-,N,,,,,,,,,,N,4,0,1,2,A,-,09,21804,A,N,D,G,A,A,H,-,C,A,0,,Y,,,Y,,L,04,0,0,1,0,0,0,1,0,0,"- ","- ",,,"SAN DIEGO","CHULA VISTA",-117.09071350097656,32.634147644042969
9223183,2020,2021-02-20,3702,2020-12-20,1359,C1232,,7,5,6,3702,0,0,0,,0,024,"2ND AV","QUINTARD ST",630.00,S,N,A,-,N,,,,,,,,,,N,3,0,1,2,A,-,11,21950,B,N,G,B,E,A,H,-,A,D,0,Y,,,,Y,,N,60,0,1,0,0,1,0,0,0,0,"- ","- ",,,"SAN DIEGO","CHULA VISTA",-117.06031799316406,32.602832794189453
9224990,2021,2021-03-10,3702,2021-02-03,1545,CV1285,,3,5,6,3702,0,0,0,,0,031,"PASEO DEL REY","BAJO DR",0.00,,Y,A,-,N,,,,,,,,,,N,2,0,1,2,A,-,03,22350,,N,H,G,A,A,H,-,A,D,0,,Y,,,Y,,L,04,1,0,0,0,0,0,1,0,0,"- ","- ",,,"SAN DIEGO","CHULA VISTA",-117.02886199951172,32.631069183349609
9224998,2021,2021-03-19,3702,2021-01-18,1350,CV1326,,1,5,6,3702,0,0,0,,0,012,"H ST",BROADWAY,265.00,E,N,A,-,N,,,,,,,,,,N,4,0,1,2,A,-,05,21202,A,N,D,G,A,A,H,-,A,D,0,,Y,,,Y,,L,04,0,0,1,0,0,0,1,0,0,"- ","- ",,,"SAN DIEGO","CHULA VISTA",-117.08864593505859,32.631195068359375
9225002,2021,2021-03-19,3702,2021-01-13,1704,CV1283,,3,5,6,3702,0,0,0,,0,014,"4TH AV","DAVIDSON ST",3.00,S,N,A,-,N,,,,,,,,,,N,2,0,2,3,A,-,10,21950,A,N,G,B,B,A,H,-,B,A,0,Y,,,,Y,,-,,1,0,1,0,2,0,0,0,0,"- ","- ",,,"SAN DIEGO","CHULA VISTA",-117.08462524414062,32.641822814941406
9225006,2021,2021-04-13,3702,2021-02-05,0954,CV0912,,5,5,6,3702,0,0,0,,0,022,"2ND ST","QUINTARD ST",175.00,N,N,A,-,N,,,,,,,,,,Y,3,0,2,3,A,-,08,22107,,N,A,E,-,A,D,-,A,D,0,Y,,,Y,Y,,A,01,0,1,1,0,1,0,0,0,0,"- ","- ",,,"SAN DIEGO","CHULA VISTA",-117.06114196777344,32.604923248291016
9232561,2021,2021-03-19,3702,2021-01-22,1258,CV1327,,5,5,6,3702,0,0,0,,0,021,BROADWAY,"NAPLES ST",0.00,,Y,A,-,N,,,,,,,,,,N,3,0,1,2,A,-,12,21453,A,N,D,G,A,A,H,-,A,A,0,,Y,,,Y,,L,04,0,1,0,0,0,0,1,0,0,"- ","- ",,,"SAN DIEGO","CHULA VISTA",-117.08142852783203,32.6102294921875
9234267,2021,2021-03-15,3702,2021-01-18,0945,CV1370,,1,5,6,3702,0,0,0,,0,032,"EAST H ST","RT 125",411.00,E,N,A,-,N,,,,,,,,,,N,4,0,1,1,D,-,00,,,N,H,A,A,A,H,-,A,D,0,,Y,,,Y,,-,"- ",0,0,1,0,0,0,1,0,0,"- ",NO,,,"SAN DIEGO","CHULA VISTA",-116.97663879394531,32.659809112548828
9234274,2021,2021-03-12,3702,2021-01-16,1500,CV1268,,6,5,6,3702,0,0,0,,0,041,"FIELDBROOK ST","FILMORE PL",10.00,E,N,A,-,N,,,,,,,,,,N,3,0,1,2,A,-,03,22350,,F,G,B,E,A,H,-,A,D,0,Y,,,,Y,,A,01,0,1,0,0,1,0,0,0,0,"- ","- ",,,"SAN DIEGO","CHULA VISTA",-116.99700927734375,32.621295928955078
9234275,2021,2021-03-12,3702,2021-01-11,1901,CV1275,,1,5,6,3702,0,0,0,,0,042,"EASTLAKE PKWY","CORTE VISTA",100.00,N,N,A,-,N,,,,,,,,,,N,4,0,1,2,A,-,10,21950,A,N,G,B,A,A,H,-,C,A,0,,Y,,,Y,,A,01,0,0,1,0,0,0,1,0,0,"- ","- ",,,"SAN DIEGO","CHULA VISTA",-116.96735382080078,32.633392333984375
9234707,2021,2021-04-12,3702,2021-02-17,1200,CV1363,,3,5,6,3702,0,0,0,,0,021,"INDUSTRIAL AV",PALOMAR,0.00,,Y,A,-,N,,,,,,,,,,N,4,0,1,2,A,-,09,21453,B,N,D,G,A,A,H,-,A,A,0,,Y,,,Y,,A,01,0,0,1,0,0,0,1,0,0,"- ","- ",,,"SAN DIEGO","CHULA VISTA",-117.08560943603516,32.603931427001953
9234708,2021,2021-04-12,3702,2021-02-06,0800,CV1237,,6,5,6,3702,0,0,0,,0,022,"3RD AV","NAPLES ST",500.00,N,N,A,-,N,,,,,,,,,,Y,3,0,1,2,A,-,11,21954,A,N,H,A,D,A,H,-,C,D,0,Y,,Y,,Y,,N,60,0,1,0,0,0,0,0,0,1,"- ","- ",,,"SAN DIEGO","CHULA VISTA",-117.06959533691406,32.614982604980469
9234709,2021,2021-04-12,3702,2021-02-18,0750,CV1363,,4,5,6,3702,0,0,0,,0,024,"REED CT","MAIN ST",8.00,S,N,A,-,N,,,,,,,,,,N,4,0,1,2,-,-,"- ",,,N,D,G,A,A,H,-,A,A,0,,Y,,,Y,,A,08,0,0,1,0,0,0,1,0,0,"- ","- ",,,"SAN DIEGO","CHULA VISTA",-117.05587768554688,32.594707489013672
9234712,2021,2021-04-12,3702,2021-02-01,1816,CV1262,,1,5,6,3702,0,0,0,,0,022,"3RD AV","OXFORD ST",120.00,S,N,B,-,N,,,,,,,,,,N,4,0,1,2,A,-,11,21950,B,N,G,B,D,A,H,-,C,D,0,Y,,,,Y,,N,60,0,0,1,0,1,0,0,0,0,"- ","- ",,,"SAN DIEGO","CHULA VISTA",-117.06761169433594,32.609916687011719
9234715,2021,2021-04-14,3702,2021-02-03,0736,CV1031,,3,5,6,3702,0,0,0,,0,011,"E ST","WOODLAWN AV",6.00,E,N,A,-,N,,,,,,,,,,N,4,0,1,2,A,-,10,21950,A,N,G,B,B,A,H,-,A,A,0,Y,,,,Y,,A,01,0,0,1,0,1,0,0,0,0,"- ","- ",,,"SAN DIEGO","CHULA VISTA",-117.09756469726562,32.640193939208984
9234958,2020,2021-03-09,3702,2020-12-30,1232,CV1339,,3,5,6,3702,0,0,0,,0,024,"MONTGOMERY AV","ALBANY AV",310.00,W,N,A,-,N,,,,,,,,,,N,2,0,1,2,A,-,09,21804,A,N,G,B,D,A,H,-,A,D,0,Y,,,,Y,,N,60,1,0,0,0,1,0,0,0,0,"- ","- ",,,"SAN DIEGO","CHULA VISTA",-117.05912017822266,32.596809387207031
9239717,2021,2021-03-25,3702,2021-02-28,1848,CV1268,,7,5,6,3702,0,0,0,,0,031,"CHESTNUT CT","PASEO DEL REY",1638.00,E,N,A,-,N,,,,,,,,,,N,3,0,2,3,A,-,01,23153,A,N,G,B,F,A,H,-,D,D,0,Y,,,,Y,Y,A,01,0,1,1,0,2,0,0,0,0,"- ","- ",,,"SAN DIEGO","CHULA VISTA",,
9239742,2021,2021-04-16,3702,2021-03-09,0855,CV1349,,2,5,6,3702,0,0,0,,0,013,"MARINA PKWY","MARINA WY",40.00,E,N,A,-,N,,,,,,,,,,N,4,0,1,2,A,-,12,22450,A,N,G,G,A,A,H,-,A,D,0,,Y,,,Y,,A,01,0,0,1,0,0,0,1,0,0,"- ","- ",,,"SAN DIEGO","CHULA VISTA",-117.09854888916016,32.621067047119141
9239744,2021,2021-04-16,3702,2021-03-09,0755,CV1311,,2,5,6,3702,0,0,0,,0,013,"H ST","4TH AV",595.00,E,N,A,-,N,,,,,,,,,,N,4,0,1,2,A,-,09,21453,B,N,D,G,A,A,H,-,A,A,0,,Y,,,Y,,A,01,0,0,1,0,0,0,1,0,0,"- ","- ",,,"SAN DIEGO","CHULA VISTA",-117.07948303222656,32.633769989013672
9254268,2021,2021-05-20,3702,2021-04-01,2220,CV1349,,4,5,6,3702,0,0,0,,0,022,"3RD AVE","NAPLES ST",90.00,S,N,A,-,N,,,,,,,,,,Y,4,0,1,2,A,-,01,23152,A,N,C,G,A,A,H,-,C,D,0,,Y,,,Y,Y,A,01,0,0,1,0,0,0,1,0,0,"- ","- ",,,"SAN DIEGO","CHULA VISTA",-117.06900024414062,32.613445281982422
9254274,2021,2021-05-11,3702,2021-04-06,1033,CV1162,,2,5,6,3702,0,0,0,,0,032,"PROCTOR VALLEY RD","DUNCAN RANCH RD",0.00,,Y,A,-,N,,,,,,,,,,N,4,0,1,2,A,-,10,21950,A,N,G,B,B,A,H,-,A,A,0,Y,,,,Y,,A,01,0,0,1,0,1,0,0,0,0,"- ","- ",,,"SAN DIEGO","CHULA VISTA",-116.95088195800781,32.661708831787109
9254284,2021,2021-04-29,3702,2021-03-04,0747,CV1107,,4,5,6,3702,0,0,0,,0,032,"EASTLAKE DR","LAKESHORE DR",0.00,,Y,A,-,N,,,,,,,,,,N,3,0,1,1,D,-,00,,,N,F,I,A,A,H,-,A,A,0,,Y,,,Y,,-,"- ",0,1,0,0,0,0,1,0,0,"- ","- ",,,"SAN DIEGO","CHULA VISTA",-116.97897338867188,32.654380798339844
9254290,2021,2021-04-29,3702,2021-03-22,0750,CV1306,,1,5,6,3702,0,0,0,,0,021,"MOSS ST","5TH AV",335.00,W,N,A,-,N,,,,,,,,,,N,4,0,1,2,A,-,10,21952,,N,G,B,F,A,H,-,A,D,0,Y,,,,Y,,A,01,0,0,1,0,1,0,0,0,0,"- ","- ",,,"SAN DIEGO","CHULA VISTA",-117.07961273193359,32.614555358886719
9254507,2021,2021-05-06,3702,2021-03-10,1704,CV1263,,3,5,6,3702,0,0,0,,0,022,"3RD AV","OXFORD ST",98.00,S,N,A,-,N,,,,,,,,,,N,4,0,1,2,A,-,07,21658,A,N,D,G,A,A,H,-,B,D,0,,Y,,,Y,,L,04,0,0,1,0,0,0,1,0,0,"- ","- ",,,"SAN DIEGO","CHULA VISTA",-117.06763458251953,32.609973907470703
9256104,2021,2021-05-11,3702,2021-01-17,1833,CV0967,,7,5,6,3702,0,0,0,,0,031,"E H ST (700 BLOCK)","DEL REY BL",1000.00,E,N,A,-,N,,,,,,,,,,N,1,1,0,2,A,-,11,21955,,F,G,B,D,A,H,-,C,D,0,Y,,,,Y,,N,60,0,0,0,1,0,0,0,0,0,"- ","- ",,,"SAN DIEGO","CHULA VISTA",-117.03246307373047,32.636608123779297
9261575,2020,2021-05-03,3702,2020-11-30,2030,CV1004,,1,5,6,3702,0,0,0,,0,024,"MAIN ST",OLEANDER,10.00,E,N,A,-,N,,,,,,,,,,Y,2,0,1,2,A,-,12,21453,A,N,G,B,B,A,H,-,C,A,0,Y,,,,Y,,A,01,1,0,0,0,1,0,0,0,0,"- ","- ",,,"SAN DIEGO","CHULA VISTA",-117.03273010253906,32.594871520996094
9266197,2021,2021-06-08,3702,2021-04-21,1835,CV1200,,3,5,6,3702,0,0,0,,0,011,"WOODLAWN AV","SEA VALE ST",107.00,S,N,B,-,N,,,,,,,,,,N,4,0,1,2,A,-,00,21954,,N,G,B,E,A,H,-,A,D,0,Y,,,,Y,,N,60,0,0,1,0,1,0,0,0,0,"- ","- ",,,"SAN DIEGO","CHULA VISTA",-117.09970855712891,32.64593505859375
9266769,2021,2021-06-07,3702,2021-05-12,2015,CV1258,,3,5,6,3702,0,0,0,,0,023,"E OXFORD ST","MELROSE AV",6.00,E,N,A,-,N,,,,,,,,,,N,3,0,1,2,A,-,10,21950,A,N,G,B,B,A,H,-,C,D,0,Y,,,,Y,,A,01,0,1,0,0,1,0,0,0,0,"- ","- ",,,"SAN DIEGO","CHULA VISTA",-117.04575347900391,32.616443634033203
9266770,2021,2021-06-03,3702,2021-05-05,1821,CV1242,,3,5,6,3702,0,0,0,,0,023,"E PAISLEY ST","HELIXX AV WCL",153.00,W,N,A,-,N,,,,,,,,,,N,3,0,1,2,A,-,11,21950,B,N,G,B,E,A,H,-,A,D,0,Y,,,,Y,,N,60,0,1,0,0,1,0,0,0,0,"- ","- ",,,"SAN DIEGO","CHULA VISTA",,
9269825,2021,2021-06-08,3702,2021-03-29,1245,CV1087,,1,5,6,3702,0,0,0,,0,022,"4TH AV","NAPLES ST",0.00,,Y,A,-,N,,,,,,,,,,N,4,0,1,2,A,-,10,21950,A,N,G,B,B,A,H,-,A,A,0,Y,,,,Y,,A,01,0,0,1,0,1,0,0,0,0,"- ","- ",,,"SAN DIEGO","CHULA VISTA",-117.07317352294922,32.612510681152344
9270397,2021,2021-06-10,3702,2021-05-01,1345,1325,,6,5,6,3702,0,0,0,,0,024,"MAIN ST","MELROSE AV",285.00,W,N,A,-,N,,,,,,,,,,N,4,0,1,2,A,-,09,21801,A,N,B,G,A,A,H,-,A,D,0,,Y,,,Y,,A,01,0,0,1,0,0,0,1,0,0,"- ","- ",,,"SAN DIEGO","CHULA VISTA",-117.04103851318359,32.594795227050781
9270398,2021,2021-06-09,3702,2021-05-02,0925,1325,,7,5,6,3702,0,0,0,,0,014,"E J ST",HILLTOP,0.00,,Y,B,C,N,,,,,,,,,,N,4,0,1,1,A,-,03,22350,,N,H,A,A,B,H,-,A,A,0,,Y,,,Y,,L,04,0,0,1,0,0,0,1,0,0,"- ","- ",,,"SAN DIEGO","CHULA VISTA",-117.06227111816406,32.630870819091797
9270696,2021,2021-06-04,3702,2021-04-09,0818,CV1322,,5,5,6,3702,0,0,0,,0,022,"QUINTARD ST","SECOND ST",200.00,E,N,A,-,N,,,,,,,,,,N,3,0,1,2,A,-,03,22350,,F,G,B,D,A,H,-,C,D,0,Y,,,,Y,,-,99,0,1,0,0,1,0,0,0,0,"- ","- ",,,"SAN DIEGO","CHULA VISTA",-117.06034851074219,32.604640960693359
9270698,2021,2021-06-04,3702,2021-04-06,1642,CV1200,,2,5,6,3702,0,0,0,,0,024,"EAST ORANGE AV","JADE AV",0.00,,Y,A,-,N,,,,,,,,,,N,3,0,1,2,A,-,08,22107,,N,D,G,A,A,H,-,A,D,0,,Y,,,Y,,A,01,0,1,0,0,0,0,1,0,0,"- ","- ",,,"SAN DIEGO","CHULA VISTA",-117.04972839355469,32.600040435791016
9270703,2021,2021-06-03,3702,2021-04-24,1735,CV0986,,6,5,6,3702,0,0,0,,0,022,"NAPLES ST","3RD AV",6.00,E,N,A,-,N,,,,,,,,,,N,3,0,1,2,A,-,11,21456,B,N,G,B,B,A,H,-,A,A,0,Y,,,,Y,Y,N,60,0,1,0,0,1,0,0,0,0,"- ","- ",,,"SAN DIEGO","CHULA VISTA",-117.06906890869141,32.613685607910156
9270707,2021,2021-06-03,3702,2021-04-04,0800,CV1289,,7,5,6,3702,0,0,0,,0,012,"F ST",BROADWAY,300.00,W,N,A,-,N,,,,,,,,,,Y,4,0,1,2,A,-,09,21804,A,N,H,G,A,A,H,-,A,D,0,,Y,,,Y,,L,04,0,0,1,0,0,0,1,0,0,"- ","- ",,,"SAN DIEGO","CHULA VISTA",-117.09309387207031,32.637580871582031
9270709,2021,2021-06-03,3702,2021-04-14,1717,CV1263,,3,5,6,3702,0,0,0,,0,022,"QUINTARD ST","TOBIAS DR",0.00,,Y,A,-,N,,,,,,,,,,N,3,0,1,2,D,-,00,,,N,G,G,A,A,H,-,A,D,0,,Y,,,Y,,-,"- ",0,1,0,0,0,0,1,0,0,"- ","- ",,,"SAN DIEGO","CHULA VISTA",-117.05484008789062,32.606159210205078
9270716,2021,2021-06-03,3702,2021-04-03,1359,CV1107,,6,5,6,3702,0,0,0,,0,031,"BONITA RD","ALLEN SCHOOL RD",50.00,W,N,A,-,N,,,,,,,,,,N,3,0,1,2,A,-,08,22107,,N,H,A,A,A,H,-,A,D,0,,Y,,,Y,,A,01,0,1,0,0,0,0,1,0,0,"- ","- ",,,"SAN DIEGO","CHULA VISTA",-117.03670501708984,32.660423278808594
9270717,2021,2021-06-03,3702,2021-04-03,0806,CV1325,,6,5,6,3702,0,0,0,,0,024,"MAIN ST","MELROSE AV",681.00,E,N,A,-,N,,,,,,,,,,N,4,0,1,2,A,-,00,21456,3,N,D,G,A,A,H,-,C,D,0,,Y,,,Y,,L,04,0,0,1,0,0,0,1,0,0,"- ","- ",,,"SAN DIEGO","CHULA VISTA",-117.03791809082031,32.594856262207031
9277828,2021,2021-06-10,3702,2021-03-26,1732,CV1206,,5,5,6,3702,0,0,0,,0,041,"E PALOMA ST","MEDICAL CENTER DR WCL",12.00,W,N,A,-,N,,,,,,,,,,N,3,0,1,2,A,-,11,21453,D,N,G,B,D,A,H,-,A,A,0,Y,,,,Y,,N,60,0,1,0,0,1,0,0,0,0,"- ","- ",,,"SAN DIEGO","CHULA VISTA",,
9280623,2021,2021-07-15,3702,2021-06-03,1204,CV0991,,4,5,6,3702,0,0,0,,0,013,"FIG AV","H ST",2.00,S,N,A,-,N,,,,,,,,,,N,3,0,1,2,A,-,10,21950,A,N,D,B,B,A,H,-,A,A,0,Y,,,,Y,,A,01,0,1,0,0,1,0,0,0,0,"- ","- ",,,"SAN DIEGO","CHULA VISTA",-117.08293914794922,32.632785797119141